id,reaction_id,source_row,temperature_C,ionic_strength_raw,ionic_strength,ionic_strength_qualifier,ionic_strength_unit,ionic_strength_unit_basis,medium_raw,medium_qualifier,solvent_default,pressure_default,quantity,value,unit,value_relation,source_status,source_phase_identity,value_raw,deviation_value,deviation_type,deviation_meaning,weight,technique,reference_id,record_origin,record_origin_basis,empirical_validity,raw_cells,provenance,notes,source_annotation_flags
JESS-8.9:Ge:4779:1,4779,1,25,0,0,numeric_as_tabulated,mol dm-3,Instructions default,Inf. Dilution,as_tabulated; consult notes,water unless otherwise specified in source,1 bar / 1 atm unless explicitly specified (source ambiguity retained),E,0.0,V,=,deprecated_species,,E:0.0(0.1SD),0.1,SD,standard deviation as reported,0,ENS,775,unspecified,derived classification from source technique; not proof that the tabulated value was directly measured,not independently remeasured; retain source weight and notes,"[""1"", ""25"", ""0"", ""Inf. Dilution"", ""E:0.0(0.1SD)"", ""0"", ""ENS"", ""775""]","{""bbox_points"": [60.170909090909085, 215.67, 551.3, 234.42000000000002], ""doi"": ""10.5281/zenodo.7700024"", ""page"": 1, ""source_file"": ""GER.PDF""}","[{""page"": 1, ""text"": ""Note: Ge+4 is deprecated because does not exist in aqueous solution""}]","[""source_deprecates_species""]"
JESS-8.9:Ge:4779:2,4779,2,25,0,0,numeric_as_tabulated,mol dm-3,Instructions default,Inf. Dilution,as_tabulated; consult notes,water unless otherwise specified in source,1 bar / 1 atm unless explicitly specified (source ambiguity retained),E,0.0,V,=,deprecated_species,,E:0.0(1SF),1,SF,significant figures; not an uncertainty interval,0,CRV,6330,calculated_or_compiled,derived classification from source technique; not proof that the tabulated value was directly measured,not independently remeasured; retain source weight and notes,"[""2"", ""25"", ""0"", ""Inf. Dilution"", ""E:0.0(1SF)"", ""0"", ""CRV"", ""6330""]","{""bbox_points"": [60.170909090909085, 234.42000000000002, 551.3, 252.78000000000003], ""doi"": ""10.5281/zenodo.7700024"", ""page"": 1, ""source_file"": ""GER.PDF""}","[{""page"": 1, ""text"": ""Note: Ge+4 is deprecated because does not exist in aqueous solution""}]","[""source_deprecates_species""]"
JESS-8.9:Ge:4779:3,4779,3,25,0,0,numeric_as_tabulated,mol dm-3,Instructions default,Inf. Dilution,as_tabulated; consult notes,water unless otherwise specified in source,1 bar / 1 atm unless explicitly specified (source ambiguity retained),E,0.0,V,=,deprecated_species,,E:0.0(1SF),1,SF,significant figures; not an uncertainty interval,0,CRV,22551,calculated_or_compiled,derived classification from source technique; not proof that the tabulated value was directly measured,not independently remeasured; retain source weight and notes,"[""3"", ""25"", ""0"", ""Inf. Dilution"", ""E:0.0(1SF)"", ""0"", ""CRV"", ""22551""]","{""bbox_points"": [60.170909090909085, 252.78000000000003, 551.3, 271.20000000000005], ""doi"": ""10.5281/zenodo.7700024"", ""page"": 1, ""source_file"": ""GER.PDF""}","[{""page"": 1, ""text"": ""Note: Ge+4 is deprecated because does not exist in aqueous solution""}]","[""source_deprecates_species""]"
JESS-8.9:Ge:4779:4,4779,4,25,1,1,numeric_as_tabulated,mol dm-3,Instructions default,H2SO4,as_tabulated; consult notes,water unless otherwise specified in source,1 bar / 1 atm unless explicitly specified (source ambiguity retained),E,0.0,V,=,deprecated_species,,E:0.0(1SF),1,SF,significant figures; not an uncertainty interval,0,MEF,21221,literature_measurement_technique,derived classification from source technique; not proof that the tabulated value was directly measured,not independently remeasured; retain source weight and notes,"[""4"", ""25"", ""1"", ""H2SO4"", ""E:0.0(1SF)"", ""0"", ""MEF"", ""21221""]","{""bbox_points"": [60.170909090909085, 271.20000000000005, 551.3, 289.56000000000006], ""doi"": ""10.5281/zenodo.7700024"", ""page"": 1, ""source_file"": ""GER.PDF""}","[{""page"": 1, ""text"": ""Note: Ge+4 is deprecated because does not exist in aqueous solution""}]","[""source_deprecates_species""]"
JESS-8.9:Ge:4786:1,4786,1,25,0,0,numeric_as_tabulated,mol dm-3,Instructions default,Inf. Dilution,as_tabulated; consult notes,water unless otherwise specified in source,1 bar / 1 atm unless explicitly specified (source ambiguity retained),E,0.23,V,=,as_tabulated,,E:0.23(0.01SD),0.01,SD,standard deviation as reported,3,MDG,775,calculated_or_compiled,derived classification from source technique; not proof that the tabulated value was directly measured,not independently remeasured; retain source weight and notes,"[""1"", ""25"", ""0"", ""Inf. Dilution"", ""E:0.23(0.01SD)"", ""3"", ""MDG"", ""775""]","{""bbox_points"": [60.170909090909085, 379.47, 551.3, 398.16], ""doi"": ""10.5281/zenodo.7700024"", ""page"": 1, ""source_file"": ""GER.PDF""}","[{""page"": 1, ""text"": ""Note: All secondary references based on unknown source""}]",[]
JESS-8.9:Ge:4786:2,4786,2,25,0,0,numeric_as_tabulated,mol dm-3,Instructions default,Inf. Dilution,as_tabulated; consult notes,water unless otherwise specified in source,1 bar / 1 atm unless explicitly specified (source ambiguity retained),E,0.24,V,=,as_tabulated,,E:0.24(2SF),2,SF,significant figures; not an uncertainty interval,3,CRV,6330,calculated_or_compiled,derived classification from source technique; not proof that the tabulated value was directly measured,not independently remeasured; retain source weight and notes,"[""2"", ""25"", ""0"", ""Inf. Dilution"", ""E:0.24(2SF)"", ""3"", ""CRV"", ""6330""]","{""bbox_points"": [60.170909090909085, 398.16, 551.3, 416.58000000000004], ""doi"": ""10.5281/zenodo.7700024"", ""page"": 1, ""source_file"": ""GER.PDF""}","[{""page"": 1, ""text"": ""Note: All secondary references based on unknown source""}]",[]
JESS-8.9:Ge:4786:3,4786,3,25,0,0,numeric_as_tabulated,mol dm-3,Instructions default,Inf. Dilution,as_tabulated; consult notes,water unless otherwise specified in source,1 bar / 1 atm unless explicitly specified (source ambiguity retained),E,0.247,V,=,as_tabulated,,E:0.247(3SF),3,SF,significant figures; not an uncertainty interval,1,CRV,22551,calculated_or_compiled,derived classification from source technique; not proof that the tabulated value was directly measured,not independently remeasured; retain source weight and notes,"[""3"", ""25"", ""0"", ""Inf. Dilution"", ""E:0.247(3SF)"", ""1"", ""CRV"", ""22551""]","{""bbox_points"": [60.170909090909085, 416.58000000000004, 551.3, 434.94], ""doi"": ""10.5281/zenodo.7700024"", ""page"": 1, ""source_file"": ""GER.PDF""}","[{""page"": 1, ""text"": ""Note: All secondary references based on unknown source""}]",[]
JESS-8.9:Ge:4786:4,4786,4,25,0,0,numeric_as_tabulated,mol dm-3,Instructions default,Inf. Dilution,as_tabulated; consult notes,water unless otherwise specified in source,1 bar / 1 atm unless explicitly specified (source ambiguity retained),E,0.231,V,=,as_tabulated,,E:0.231(3SF),3,SF,significant figures; not an uncertainty interval,3,EOD,31878,calculated_or_compiled,derived classification from source technique; not proof that the tabulated value was directly measured,not independently remeasured; retain source weight and notes,"[""4"", ""25"", ""0"", ""Inf. Dilution"", ""E:0.231(3SF)"", ""3"", ""EOD"", ""31878""]","{""bbox_points"": [60.170909090909085, 434.94, 551.3, 453.36], ""doi"": ""10.5281/zenodo.7700024"", ""page"": 1, ""source_file"": ""GER.PDF""}","[{""page"": 1, ""text"": ""Note: All secondary references based on unknown source""}]",[]
JESS-8.9:Ge:4786:5,4786,5,25,1,1,numeric_as_tabulated,mol dm-3,Instructions default,H2SO4,as_tabulated; consult notes,water unless otherwise specified in source,1 bar / 1 atm unless explicitly specified (source ambiguity retained),E,0.24,V,=,as_tabulated,,E:0.24(2SF),2,SF,significant figures; not an uncertainty interval,3,MEF,21221,literature_measurement_technique,derived classification from source technique; not proof that the tabulated value was directly measured,not independently remeasured; retain source weight and notes,"[""5"", ""25"", ""1"", ""H2SO4"", ""E:0.24(2SF)"", ""3"", ""MEF"", ""21221""]","{""bbox_points"": [60.170909090909085, 453.36, 551.3, 471.84000000000003], ""doi"": ""10.5281/zenodo.7700024"", ""page"": 1, ""source_file"": ""GER.PDF""}","[{""page"": 1, ""text"": ""Note: All secondary references based on unknown source""}]",[]
JESS-8.9:Ge:11875:1,11875,1,20,0.1,0.1,numeric_as_tabulated,mol dm-3,Instructions default,KNO3,as_tabulated; consult notes,water unless otherwise specified in source,1 bar / 1 atm unless explicitly specified (source ambiguity retained),lgK,4.2,log10 equilibrium constant (source concentration/activity convention),=,as_tabulated,,lgK:4.2(2SF),2,SF,significant figures; not an uncertainty interval,4,MGL,31905,literature_measurement_technique,derived classification from source technique; not proof that the tabulated value was directly measured,not independently remeasured; retain source weight and notes,"[""1"", ""20"", ""0.1"", ""KNO3"", ""lgK:4.2(2SF)"", ""4"", ""MGL"", ""31905""]","{""bbox_points"": [60.170909090909085, 540.48, 551.3, 559.02], ""doi"": ""10.5281/zenodo.7700024"", ""page"": 1, ""source_file"": ""GER.PDF""}",[],[]
JESS-8.9:Ge:11875:2,11875,2,25,0.5,0.5,numeric_as_tabulated,mol dm-3,Instructions default,"(H,Na)Cl",as_tabulated; consult notes,water unless otherwise specified in source,1 bar / 1 atm unless explicitly specified (source ambiguity retained),lgK,3.90,log10 equilibrium constant (source concentration/activity convention),=,as_tabulated,,lgK:3.90(3SF),3,SF,significant figures; not an uncertainty interval,4,MSP,31893,literature_measurement_technique,derived classification from source technique; not proof that the tabulated value was directly measured,not independently remeasured; retain source weight and notes,"[""2"", ""25"", ""0.5"", ""(H,Na)Cl"", ""lgK:3.90(3SF)"", ""4"", ""MSP"", ""31893""]","{""bbox_points"": [60.170909090909085, 559.02, 551.3, 577.44], ""doi"": ""10.5281/zenodo.7700024"", ""page"": 1, ""source_file"": ""GER.PDF""}",[],[]
JESS-8.9:Ge:11875:3,11875,3,25,0.5,0.5,numeric_as_tabulated,mol dm-3,Instructions default,NaCl,as_tabulated; consult notes,water unless otherwise specified in source,1 bar / 1 atm unless explicitly specified (source ambiguity retained),lgK,3.9,log10 equilibrium constant (source concentration/activity convention),=,as_tabulated,,lgK:3.9(0.04SD),0.04,SD,standard deviation as reported,2,MSP,999,literature_measurement_technique,derived classification from source technique; not proof that the tabulated value was directly measured,not independently remeasured; retain source weight and notes,"[""3"", ""25"", ""0.5"", ""NaCl"", ""lgK:3.9(0.04SD)"", ""2"", ""MSP"", ""999""]","{""bbox_points"": [60.170909090909085, 577.44, 551.3, 595.92], ""doi"": ""10.5281/zenodo.7700024"", ""page"": 1, ""source_file"": ""GER.PDF""}",[],[]
JESS-8.9:Ge:11876:1,11876,1,20,0.1,0.1,numeric_as_tabulated,mol dm-3,Instructions default,KNO3,as_tabulated; consult notes,water unless otherwise specified in source,1 bar / 1 atm unless explicitly specified (source ambiguity retained),lgK,8.3,log10 equilibrium constant (source concentration/activity convention),=,as_tabulated,,lgK:8.3(2SF),2,SF,significant figures; not an uncertainty interval,4,MGL,31905,literature_measurement_technique,derived classification from source technique; not proof that the tabulated value was directly measured,not independently remeasured; retain source weight and notes,"[""1"", ""20"", ""0.1"", ""KNO3"", ""lgK:8.3(2SF)"", ""4"", ""MGL"", ""31905""]","{""bbox_points"": [60.170909090909085, 664.5600000000001, 551.3, 683.0999999999999], ""doi"": ""10.5281/zenodo.7700024"", ""page"": 1, ""source_file"": ""GER.PDF""}",[],[]
JESS-8.9:Ge:11876:2,11876,2,25,0.5,0.5,numeric_as_tabulated,mol dm-3,Instructions default,HCl,as_tabulated; consult notes,water unless otherwise specified in source,1 bar / 1 atm unless explicitly specified (source ambiguity retained),lgK,8.05,log10 equilibrium constant (source concentration/activity convention),=,as_tabulated,,lgK:8.05(0.07SD),0.07,SD,standard deviation as reported,4,MSP,31893,literature_measurement_technique,derived classification from source technique; not proof that the tabulated value was directly measured,not independently remeasured; retain source weight and notes,"[""2"", ""25"", ""0.5"", ""HCl"", ""lgK:8.05(0.07SD)"", ""4"", ""MSP"", ""31893""]","{""bbox_points"": [60.170909090909085, 683.0999999999999, 551.3, 701.52], ""doi"": ""10.5281/zenodo.7700024"", ""page"": 1, ""source_file"": ""GER.PDF""}",[],[]
JESS-8.9:Ge:11876:3,11876,3,25,0.5,0.5,numeric_as_tabulated,mol dm-3,Instructions default,NaCl,as_tabulated; consult notes,water unless otherwise specified in source,1 bar / 1 atm unless explicitly specified (source ambiguity retained),lgK,8.1,log10 equilibrium constant (source concentration/activity convention),=,as_tabulated,,lgK:8.1(0.07SD),0.07,SD,standard deviation as reported,2,MSP,999,literature_measurement_technique,derived classification from source technique; not proof that the tabulated value was directly measured,not independently remeasured; retain source weight and notes,"[""3"", ""25"", ""0.5"", ""NaCl"", ""lgK:8.1(0.07SD)"", ""2"", ""MSP"", ""999""]","{""bbox_points"": [60.170909090909085, 701.52, 551.3, 720.0], ""doi"": ""10.5281/zenodo.7700024"", ""page"": 1, ""source_file"": ""GER.PDF""}",[],[]
JESS-8.9:Ge:11918:1,11918,1,20,0.1,0.1,numeric_as_tabulated,mol dm-3,Instructions default,KNO3,as_tabulated; consult notes,water unless otherwise specified in source,1 bar / 1 atm unless explicitly specified (source ambiguity retained),lgK,3.2,log10 equilibrium constant (source concentration/activity convention),=,as_tabulated,,lgK:3.2(2SF),2,SF,significant figures; not an uncertainty interval,4,MGL,31905,literature_measurement_technique,derived classification from source technique; not proof that the tabulated value was directly measured,not independently remeasured; retain source weight and notes,"[""1"", ""20"", ""0.1"", ""KNO3"", ""lgK:3.2(2SF)"", ""4"", ""MGL"", ""31905""]","{""bbox_points"": [60.18299999999999, 121.59000000000003, 551.2905, 140.22000000000003], ""doi"": ""10.5281/zenodo.7700024"", ""page"": 2, ""source_file"": ""GER.PDF""}",[],[]
JESS-8.9:Ge:11918:2,11918,2,25,0.5,0.5,numeric_as_tabulated,mol dm-3,Instructions default,NaCl,as_tabulated; consult notes,water unless otherwise specified in source,1 bar / 1 atm unless explicitly specified (source ambiguity retained),lgK,2.8,log10 equilibrium constant (source concentration/activity convention),=,as_tabulated,,lgK:2.8(0.05SD),0.05,SD,standard deviation as reported,2,MGL,999,literature_measurement_technique,derived classification from source technique; not proof that the tabulated value was directly measured,not independently remeasured; retain source weight and notes,"[""2"", ""25"", ""0.5"", ""NaCl"", ""lgK:2.8(0.05SD)"", ""2"", ""MGL"", ""999""]","{""bbox_points"": [60.18299999999999, 140.22000000000003, 551.2905, 158.57999999999998], ""doi"": ""10.5281/zenodo.7700024"", ""page"": 2, ""source_file"": ""GER.PDF""}",[],[]
JESS-8.9:Ge:11918:3,11918,3,25,0.5,0.5,numeric_as_tabulated,mol dm-3,Instructions default,NaCl,as_tabulated; consult notes,water unless otherwise specified in source,1 bar / 1 atm unless explicitly specified (source ambiguity retained),lgK,2.81,log10 equilibrium constant (source concentration/activity convention),=,as_tabulated,,lgK:2.81(3SF),3,SF,significant figures; not an uncertainty interval,4,MSP,31976,literature_measurement_technique,derived classification from source technique; not proof that the tabulated value was directly measured,not independently remeasured; retain source weight and notes,"[""3"", ""25"", ""0.5"", ""NaCl"", ""lgK:2.81(3SF)"", ""4"", ""MSP"", ""31976""]","{""bbox_points"": [60.18299999999999, 158.57999999999998, 551.2905, 177.12], ""doi"": ""10.5281/zenodo.7700024"", ""page"": 2, ""source_file"": ""GER.PDF""}",[],[]
JESS-8.9:Ge:12981:1,12981,1,25,0.5,0.5,numeric_as_tabulated,mol dm-3,Instructions default,NaCl,as_tabulated; consult notes,water unless otherwise specified in source,1 bar / 1 atm unless explicitly specified (source ambiguity retained),lgK,8.0,log10 equilibrium constant (source concentration/activity convention),=,as_tabulated,,lgK:8.0(0.05SD),0.05,SD,standard deviation as reported,2,MSP,999,literature_measurement_technique,derived classification from source technique; not proof that the tabulated value was directly measured,not independently remeasured; retain source weight and notes,"[""1"", ""25"", ""0.5"", ""NaCl"", ""lgK:8.0(0.05SD)"", ""2"", ""MSP"", ""999""]","{""bbox_points"": [60.18299999999999, 245.67, 551.2905, 264.3], ""doi"": ""10.5281/zenodo.7700024"", ""page"": 2, ""source_file"": ""GER.PDF""}",[],[]
JESS-8.9:Ge:12981:2,12981,2,25,0.5,0.5,numeric_as_tabulated,mol dm-3,Instructions default,NaCl,as_tabulated; consult notes,water unless otherwise specified in source,1 bar / 1 atm unless explicitly specified (source ambiguity retained),lgK,8.03,log10 equilibrium constant (source concentration/activity convention),=,as_tabulated,,lgK:8.03(3SF),3,SF,significant figures; not an uncertainty interval,4,MSP,31893,literature_measurement_technique,derived classification from source technique; not proof that the tabulated value was directly measured,not independently remeasured; retain source weight and notes,"[""2"", ""25"", ""0.5"", ""NaCl"", ""lgK:8.03(3SF)"", ""4"", ""MSP"", ""31893""]","{""bbox_points"": [60.18299999999999, 264.3, 551.2905, 282.78000000000003], ""doi"": ""10.5281/zenodo.7700024"", ""page"": 2, ""source_file"": ""GER.PDF""}",[],[]
JESS-8.9:Ge:12982:1,12982,1,25,0.5,0.5,numeric_as_tabulated,mol dm-3,Instructions default,NaCl,as_tabulated; consult notes,water unless otherwise specified in source,1 bar / 1 atm unless explicitly specified (source ambiguity retained),lgK,13.3,log10 equilibrium constant (source concentration/activity convention),=,as_tabulated,,lgK:13.3(0.1SD),0.1,SD,standard deviation as reported,4,MSP,999,literature_measurement_technique,derived classification from source technique; not proof that the tabulated value was directly measured,not independently remeasured; retain source weight and notes,"[""1"", ""25"", ""0.5"", ""NaCl"", ""lgK:13.3(0.1SD)"", ""4"", ""MSP"", ""999""]","{""bbox_points"": [60.18299999999999, 351.39, 551.2905, 369.96000000000004], ""doi"": ""10.5281/zenodo.7700024"", ""page"": 2, ""source_file"": ""GER.PDF""}",[],[]
JESS-8.9:Ge:12982:2,12982,2,25,0.5,0.5,numeric_as_tabulated,mol dm-3,Instructions default,NaCl,as_tabulated; consult notes,water unless otherwise specified in source,1 bar / 1 atm unless explicitly specified (source ambiguity retained),lgK,13.3,log10 equilibrium constant (source concentration/activity convention),=,as_tabulated,,lgK:13.3(0.1SD),0.1,SD,standard deviation as reported,4,MSP,31893,literature_measurement_technique,derived classification from source technique; not proof that the tabulated value was directly measured,not independently remeasured; retain source weight and notes,"[""2"", ""25"", ""0.5"", ""NaCl"", ""lgK:13.3(0.1SD)"", ""4"", ""MSP"", ""31893""]","{""bbox_points"": [60.18299999999999, 369.96000000000004, 551.2905, 388.5], ""doi"": ""10.5281/zenodo.7700024"", ""page"": 2, ""source_file"": ""GER.PDF""}",[],[]
JESS-8.9:Ge:13532:1,13532,1,25,0.1,0.1,numeric_as_tabulated,mol dm-3,Instructions default,KCl,as_tabulated; consult notes,water unless otherwise specified in source,1 bar / 1 atm unless explicitly specified (source ambiguity retained),lgK,3.83,log10 equilibrium constant (source concentration/activity convention),=,as_tabulated,,lgK:3.83(3SF),3,SF,significant figures; not an uncertainty interval,2,MGL,999,literature_measurement_technique,derived classification from source technique; not proof that the tabulated value was directly measured,not independently remeasured; retain source weight and notes,"[""1"", ""25"", ""0.1"", ""KCl"", ""lgK:3.83(3SF)"", ""2"", ""MGL"", ""999""]","{""bbox_points"": [60.18299999999999, 457.11, 551.2905, 475.68], ""doi"": ""10.5281/zenodo.7700024"", ""page"": 2, ""source_file"": ""GER.PDF""}",[],[]
JESS-8.9:Ge:13532:2,13532,2,25,0.1,0.1,numeric_as_tabulated,mol dm-3,Instructions default,KCl,as_tabulated; consult notes,water unless otherwise specified in source,1 bar / 1 atm unless explicitly specified (source ambiguity retained),lgK,3.83,log10 equilibrium constant (source concentration/activity convention),=,as_tabulated,,lgK:3.83(3SF),3,SF,significant figures; not an uncertainty interval,4,MGL,3237,literature_measurement_technique,derived classification from source technique; not proof that the tabulated value was directly measured,not independently remeasured; retain source weight and notes,"[""2"", ""25"", ""0.1"", ""KCl"", ""lgK:3.83(3SF)"", ""4"", ""MGL"", ""3237""]","{""bbox_points"": [60.18299999999999, 475.68, 551.2905, 494.16], ""doi"": ""10.5281/zenodo.7700024"", ""page"": 2, ""source_file"": ""GER.PDF""}",[],[]
JESS-8.9:Ge:13533:1,13533,1,25,0.1,0.1,numeric_as_tabulated,mol dm-3,Instructions default,KCl,as_tabulated; consult notes,water unless otherwise specified in source,1 bar / 1 atm unless explicitly specified (source ambiguity retained),lgK,2.53,log10 equilibrium constant (source concentration/activity convention),=,as_tabulated,,lgK:2.53(3SF),3,SF,significant figures; not an uncertainty interval,2,MGL,999,literature_measurement_technique,derived classification from source technique; not proof that the tabulated value was directly measured,not independently remeasured; retain source weight and notes,"[""1"", ""25"", ""0.1"", ""KCl"", ""lgK:2.53(3SF)"", ""2"", ""MGL"", ""999""]","{""bbox_points"": [60.18299999999999, 562.8000000000001, 551.2905, 581.4], ""doi"": ""10.5281/zenodo.7700024"", ""page"": 2, ""source_file"": ""GER.PDF""}",[],[]
JESS-8.9:Ge:13533:2,13533,2,25,0.1,0.1,numeric_as_tabulated,mol dm-3,Instructions default,KCl,as_tabulated; consult notes,water unless otherwise specified in source,1 bar / 1 atm unless explicitly specified (source ambiguity retained),lgK,2.53,log10 equilibrium constant (source concentration/activity convention),=,as_tabulated,,lgK:2.53(3SF),3,SF,significant figures; not an uncertainty interval,4,MGL,3237,literature_measurement_technique,derived classification from source technique; not proof that the tabulated value was directly measured,not independently remeasured; retain source weight and notes,"[""2"", ""25"", ""0.1"", ""KCl"", ""lgK:2.53(3SF)"", ""4"", ""MGL"", ""3237""]","{""bbox_points"": [60.18299999999999, 581.4, 551.2905, 599.88], ""doi"": ""10.5281/zenodo.7700024"", ""page"": 2, ""source_file"": ""GER.PDF""}",[],[]
JESS-8.9:Ge:13726:1,13726,1,25,0.5,0.5,numeric_as_tabulated,mol dm-3,Instructions default,NaCl,as_tabulated; consult notes,water unless otherwise specified in source,1 bar / 1 atm unless explicitly specified (source ambiguity retained),lgK,6.61,log10 equilibrium constant (source concentration/activity convention),=,as_tabulated,,lgK:6.61(3SF),3,SF,significant figures; not an uncertainty interval,3,MSP,999,literature_measurement_technique,derived classification from source technique; not proof that the tabulated value was directly measured,not independently remeasured; retain source weight and notes,"[""1"", ""25"", ""0.5"", ""NaCl"", ""lgK:6.61(3SF)"", ""3"", ""MSP"", ""999""]","{""bbox_points"": [60.18299999999999, 668.52, 551.2905, 687.06], ""doi"": ""10.5281/zenodo.7700024"", ""page"": 2, ""source_file"": ""GER.PDF""}",[],[]
JESS-8.9:Ge:13726:2,13726,2,25,0.5,0.5,numeric_as_tabulated,mol dm-3,Instructions default,NaCl,as_tabulated; consult notes,water unless otherwise specified in source,1 bar / 1 atm unless explicitly specified (source ambiguity retained),lgK,6.61,log10 equilibrium constant (source concentration/activity convention),=,as_tabulated,,lgK:6.61(3SF),3,SF,significant figures; not an uncertainty interval,4,MSP,31977,literature_measurement_technique,derived classification from source technique; not proof that the tabulated value was directly measured,not independently remeasured; retain source weight and notes,"[""2"", ""25"", ""0.5"", ""NaCl"", ""lgK:6.61(3SF)"", ""4"", ""MSP"", ""31977""]","{""bbox_points"": [60.18299999999999, 687.06, 551.2905, 705.6], ""doi"": ""10.5281/zenodo.7700024"", ""page"": 2, ""source_file"": ""GER.PDF""}",[],[]
JESS-8.9:Ge:13776:1,13776,1,25,0.5,0.5,numeric_as_tabulated,mol dm-3,Instructions default,NaCl,as_tabulated; consult notes,water unless otherwise specified in source,1 bar / 1 atm unless explicitly specified (source ambiguity retained),lgK,6.55,log10 equilibrium constant (source concentration/activity convention),=,as_tabulated,,lgK:6.55(3SF),3,SF,significant figures; not an uncertainty interval,3,MSP,999,literature_measurement_technique,derived classification from source technique; not proof that the tabulated value was directly measured,not independently remeasured; retain source weight and notes,"[""1"", ""25"", ""0.5"", ""NaCl"", ""lgK:6.55(3SF)"", ""3"", ""MSP"", ""999""]","{""bbox_points"": [60.17885350318471, 108.63000000000002, 551.2937579617834, 127.26000000000005], ""doi"": ""10.5281/zenodo.7700024"", ""page"": 3, ""source_file"": ""GER.PDF""}",[],[]
JESS-8.9:Ge:13776:2,13776,2,25,0.5,0.5,numeric_as_tabulated,mol dm-3,Instructions default,NaCl,as_tabulated; consult notes,water unless otherwise specified in source,1 bar / 1 atm unless explicitly specified (source ambiguity retained),lgK,6.55,log10 equilibrium constant (source concentration/activity convention),=,as_tabulated,,lgK:6.55(3SF),3,SF,significant figures; not an uncertainty interval,4,MSP,31977,literature_measurement_technique,derived classification from source technique; not proof that the tabulated value was directly measured,not independently remeasured; retain source weight and notes,"[""2"", ""25"", ""0.5"", ""NaCl"", ""lgK:6.55(3SF)"", ""4"", ""MSP"", ""31977""]","{""bbox_points"": [60.17885350318471, 127.26000000000005, 551.2937579617834, 145.74000000000007], ""doi"": ""10.5281/zenodo.7700024"", ""page"": 3, ""source_file"": ""GER.PDF""}",[],[]
JESS-8.9:Ge:13837:1,13837,1,25,0.5,0.5,numeric_as_tabulated,mol dm-3,Instructions default,NaCl,as_tabulated; consult notes,water unless otherwise specified in source,1 bar / 1 atm unless explicitly specified (source ambiguity retained),lgK,6.78,log10 equilibrium constant (source concentration/activity convention),=,as_tabulated,,lgK:6.78(3SF),3,SF,significant figures; not an uncertainty interval,3,MSP,999,literature_measurement_technique,derived classification from source technique; not proof that the tabulated value was directly measured,not independently remeasured; retain source weight and notes,"[""1"", ""25"", ""0.5"", ""NaCl"", ""lgK:6.78(3SF)"", ""3"", ""MSP"", ""999""]","{""bbox_points"": [60.17885350318471, 214.35000000000005, 551.2937579617834, 232.92000000000002], ""doi"": ""10.5281/zenodo.7700024"", ""page"": 3, ""source_file"": ""GER.PDF""}",[],[]
JESS-8.9:Ge:13837:2,13837,2,25,0.5,0.5,numeric_as_tabulated,mol dm-3,Instructions default,NaCl,as_tabulated; consult notes,water unless otherwise specified in source,1 bar / 1 atm unless explicitly specified (source ambiguity retained),lgK,6.78,log10 equilibrium constant (source concentration/activity convention),=,as_tabulated,,lgK:6.78(3SF),3,SF,significant figures; not an uncertainty interval,4,MSP,31977,literature_measurement_technique,derived classification from source technique; not proof that the tabulated value was directly measured,not independently remeasured; retain source weight and notes,"[""2"", ""25"", ""0.5"", ""NaCl"", ""lgK:6.78(3SF)"", ""4"", ""MSP"", ""31977""]","{""bbox_points"": [60.17885350318471, 232.92000000000002, 551.2937579617834, 251.39999999999998], ""doi"": ""10.5281/zenodo.7700024"", ""page"": 3, ""source_file"": ""GER.PDF""}",[],[]
JESS-8.9:Ge:14005:1,14005,1,20,0.1,0.1,numeric_as_tabulated,mol dm-3,Instructions default,KNO3,as_tabulated; consult notes,water unless otherwise specified in source,1 bar / 1 atm unless explicitly specified (source ambiguity retained),lgK,4.57,log10 equilibrium constant (source concentration/activity convention),=,as_tabulated,,lgK:4.57(3SF),3,SF,significant figures; not an uncertainty interval,5,MGL,3450,literature_measurement_technique,derived classification from source technique; not proof that the tabulated value was directly measured,not independently remeasured; retain source weight and notes,"[""1"", ""20"", ""0.1"", ""KNO3"", ""lgK:4.57(3SF)"", ""5"", ""MGL"", ""3450""]","{""bbox_points"": [60.17885350318471, 341.37, 551.2937579617834, 359.94000000000005], ""doi"": ""10.5281/zenodo.7700024"", ""page"": 3, ""source_file"": ""GER.PDF""}","[{""page"": 3, ""text"": ""Note: Complex initially Ge(OH)2HL, later Ge(OH)L; this form adopted in JESS""}]",[]
JESS-8.9:Ge:14005:2,14005,2,25,0.1,0.1,numeric_as_tabulated,mol dm-3,Instructions default,KClO4,as_tabulated; consult notes,water unless otherwise specified in source,1 bar / 1 atm unless explicitly specified (source ambiguity retained),lgK,4.58,log10 equilibrium constant (source concentration/activity convention),=,as_tabulated,,lgK:4.58(3SF),3,SF,significant figures; not an uncertainty interval,5,MPL,931,literature_measurement_technique,derived classification from source technique; not proof that the tabulated value was directly measured,not independently remeasured; retain source weight and notes,"[""2"", ""25"", ""0.1"", ""KClO4"", ""lgK:4.58(3SF)"", ""5"", ""MPL"", ""931""]","{""bbox_points"": [60.17885350318471, 359.94000000000005, 551.2937579617834, 378.36], ""doi"": ""10.5281/zenodo.7700024"", ""page"": 3, ""source_file"": ""GER.PDF""}","[{""page"": 3, ""text"": ""Note: Complex initially Ge(OH)2HL, later Ge(OH)L; this form adopted in JESS""}, {""page"": 3, ""text"": ""Note (2): From 67Kon [31894]; thus complex written as Ge(OH)2HL""}]",[]
JESS-8.9:Ge:14005:3,14005,3,25,0.1,0.1,numeric_as_tabulated,mol dm-3,Instructions default,KClO4,as_tabulated; consult notes,water unless otherwise specified in source,1 bar / 1 atm unless explicitly specified (source ambiguity retained),lgK,4.58,log10 equilibrium constant (source concentration/activity convention),=,as_tabulated,,lgK:4.58(3SF),3,SF,significant figures; not an uncertainty interval,5,MPL,31894,literature_measurement_technique,derived classification from source technique; not proof that the tabulated value was directly measured,not independently remeasured; retain source weight and notes,"[""3"", ""25"", ""0.1"", ""KClO4"", ""lgK:4.58(3SF)"", ""5"", ""MPL"", ""31894""]","{""bbox_points"": [60.17885350318471, 396.72, 551.2937579617834, 415.08000000000004], ""doi"": ""10.5281/zenodo.7700024"", ""page"": 3, ""source_file"": ""GER.PDF""}","[{""page"": 3, ""text"": ""Note: Complex initially Ge(OH)2HL, later Ge(OH)L; this form adopted in JESS""}, {""page"": 3, ""text"": ""Note (3): Complex written as Ge(OH)2HL in paper; modified later by authors""}]",[]
JESS-8.9:Ge:14005:4,14005,4,25,0.1,0.1,numeric_as_tabulated,mol dm-3,Instructions default,Unknown,as_tabulated; consult notes,water unless otherwise specified in source,1 bar / 1 atm unless explicitly specified (source ambiguity retained),lgK,4.52,log10 equilibrium constant (source concentration/activity convention),=,as_tabulated,,lgK:4.52(3SF),3,SF,significant figures; not an uncertainty interval,4,MGL,906,literature_measurement_technique,derived classification from source technique; not proof that the tabulated value was directly measured,not independently remeasured; retain source weight and notes,"[""4"", ""25"", ""0.1"", ""Unknown"", ""lgK:4.52(3SF)"", ""4"", ""MGL"", ""906""]","{""bbox_points"": [60.17885350318471, 433.62, 551.2937579617834, 451.98], ""doi"": ""10.5281/zenodo.7700024"", ""page"": 3, ""source_file"": ""GER.PDF""}","[{""page"": 3, ""text"": ""Note: Complex initially Ge(OH)2HL, later Ge(OH)L; this form adopted in JESS""}]",[]
JESS-8.9:Ge:14005:5,14005,5,25,0.1,0.1,numeric_as_tabulated,mol dm-3,Instructions default,Unknown,as_tabulated; consult notes,water unless otherwise specified in source,1 bar / 1 atm unless explicitly specified (source ambiguity retained),lgK,4.52,log10 equilibrium constant (source concentration/activity convention),=,as_tabulated,,lgK:4.52(3SF),3,SF,significant figures; not an uncertainty interval,4,MGL,31978,literature_measurement_technique,derived classification from source technique; not proof that the tabulated value was directly measured,not independently remeasured; retain source weight and notes,"[""5"", ""25"", ""0.1"", ""Unknown"", ""lgK:4.52(3SF)"", ""4"", ""MGL"", ""31978""]","{""bbox_points"": [60.17885350318471, 451.98, 551.2937579617834, 470.4], ""doi"": ""10.5281/zenodo.7700024"", ""page"": 3, ""source_file"": ""GER.PDF""}","[{""page"": 3, ""text"": ""Note: Complex initially Ge(OH)2HL, later Ge(OH)L; this form adopted in JESS""}]",[]
JESS-8.9:Ge:14006:1,14006,1,25,0.1,0.1,numeric_as_tabulated,mol dm-3,Instructions default,NaClO4,as_tabulated; consult notes,water unless otherwise specified in source,1 bar / 1 atm unless explicitly specified (source ambiguity retained),lgK,3.01,log10 equilibrium constant (source concentration/activity convention),=,as_tabulated,,lgK:3.01(3SF),3,SF,significant figures; not an uncertainty interval,5,MGL,9211,literature_measurement_technique,derived classification from source technique; not proof that the tabulated value was directly measured,not independently remeasured; retain source weight and notes,"[""1"", ""25"", ""0.1"", ""NaClO4"", ""lgK:3.01(3SF)"", ""5"", ""MGL"", ""9211""]","{""bbox_points"": [60.17885350318471, 538.95, 551.2937579617834, 557.7], ""doi"": ""10.5281/zenodo.7700024"", ""page"": 3, ""source_file"": ""GER.PDF""}",[],[]
JESS-8.9:Ge:14127:1,14127,1,25,0.1,0.1,numeric_as_tabulated,mol dm-3,Instructions default,NaClO4,as_tabulated; consult notes,water unless otherwise specified in source,1 bar / 1 atm unless explicitly specified (source ambiguity retained),lgK,4.44,log10 equilibrium constant (source concentration/activity convention),=,as_tabulated,,lgK:4.44(3SF),3,SF,significant figures; not an uncertainty interval,0,MGL,906,literature_measurement_technique,derived classification from source technique; not proof that the tabulated value was directly measured,not independently remeasured; retain source weight and notes,"[""1"", ""25"", ""0.1"", ""NaClO4"", ""lgK:4.44(3SF)"", ""0"", ""MGL"", ""906""]","{""bbox_points"": [60.17885350318471, 626.31, 551.2937579617834, 644.88], ""doi"": ""10.5281/zenodo.7700024"", ""page"": 3, ""source_file"": ""GER.PDF""}",[],[]
JESS-8.9:Ge:14127:2,14127,2,25,0.1,0.1,numeric_as_tabulated,mol kg-1,explicit /m medium marker,NaClO4/m,as_tabulated; consult notes,water unless otherwise specified in source,1 bar / 1 atm unless explicitly specified (source ambiguity retained),lgK,4.44,log10 equilibrium constant (source concentration/activity convention),=,as_tabulated,,lgK:4.44(3SF),3,SF,significant figures; not an uncertainty interval,4,MSP,6860,literature_measurement_technique,derived classification from source technique; not proof that the tabulated value was directly measured,not independently remeasured; retain source weight and notes,"[""2"", ""25"", ""0.1"", ""NaClO4/m"", ""lgK:4.44(3SF)"", ""4"", ""MSP"", ""6860""]","{""bbox_points"": [60.17885350318471, 644.88, 551.2937579617834, 663.36], ""doi"": ""10.5281/zenodo.7700024"", ""page"": 3, ""source_file"": ""GER.PDF""}",[],[]
JESS-8.9:Ge:14389:1,14389,1,25,0.1,0.1,numeric_as_tabulated,mol kg-1,explicit /m medium marker,NaClO4/m,as_tabulated; consult notes,water unless otherwise specified in source,1 bar / 1 atm unless explicitly specified (source ambiguity retained),lgK,4.88,log10 equilibrium constant (source concentration/activity convention),=,as_tabulated,,lgK:4.88(3SF),3,SF,significant figures; not an uncertainty interval,5,MGL,6860,literature_measurement_technique,derived classification from source technique; not proof that the tabulated value was directly measured,not independently remeasured; retain source weight and notes,"[""1"", ""25"", ""0.1"", ""NaClO4/m"", ""lgK:4.88(3SF)"", ""5"", ""MGL"", ""6860""]","{""bbox_points"": [60.18699386503067, 71.88, 551.2873619631902, 90.48000000000002], ""doi"": ""10.5281/zenodo.7700024"", ""page"": 4, ""source_file"": ""GER.PDF""}",[],[]
JESS-8.9:Ge:19788:1,19788,1,25,0.1,0.1,numeric_as_tabulated,mol dm-3,Instructions default,NaClO4,as_tabulated; consult notes,water unless otherwise specified in source,1 bar / 1 atm unless explicitly specified (source ambiguity retained),lgK,6.63,log10 equilibrium constant (source concentration/activity convention),=,as_tabulated,,lgK:6.63(0.01SD),0.01,SD,standard deviation as reported,5,MGL,9211,literature_measurement_technique,derived classification from source technique; not proof that the tabulated value was directly measured,not independently remeasured; retain source weight and notes,"[""1"", ""25"", ""0.1"", ""NaClO4"", ""lgK:6.63(0.01SD)"", ""5"", ""MGL"", ""9211""]","{""bbox_points"": [60.18699386503067, 159.06, 551.2873619631902, 177.78000000000003], ""doi"": ""10.5281/zenodo.7700024"", ""page"": 4, ""source_file"": ""GER.PDF""}",[],[]
JESS-8.9:Ge:21476:1,21476,1,25,0.5,0.5,numeric_as_tabulated,mol dm-3,Instructions default,NaCl,as_tabulated; consult notes,water unless otherwise specified in source,1 bar / 1 atm unless explicitly specified (source ambiguity retained),lgK,-3.95,log10 equilibrium constant (source concentration/activity convention),=,as_tabulated,,lgK:-3.95(0.01SD),0.01,SD,standard deviation as reported,2,MSC,999,literature_measurement_technique,derived classification from source technique; not proof that the tabulated value was directly measured,not independently remeasured; retain source weight and notes,"[""1"", ""25"", ""0.5"", ""NaCl"", ""lgK:-3.95(0.01SD)"", ""2"", ""MSC"", ""999""]","{""bbox_points"": [60.18699386503067, 246.39000000000001, 551.2873619631902, 264.96000000000004], ""doi"": ""10.5281/zenodo.7700024"", ""page"": 4, ""source_file"": ""GER.PDF""}",[],[]
JESS-8.9:Ge:21476:2,21476,2,25,0.5,0.5,numeric_as_tabulated,mol dm-3,Instructions default,NaCl,as_tabulated; consult notes,water unless otherwise specified in source,1 bar / 1 atm unless explicitly specified (source ambiguity retained),lgK,-3.945,log10 equilibrium constant (source concentration/activity convention),=,as_tabulated,,lgK:-3.945(0.004SD),0.004,SD,standard deviation as reported,5,MGL,7778,literature_measurement_technique,derived classification from source technique; not proof that the tabulated value was directly measured,not independently remeasured; retain source weight and notes,"[""2"", ""25"", ""0.5"", ""NaCl"", ""lgK:-3.945(0.004SD)"", ""5"", ""MGL"", ""7778""]","{""bbox_points"": [60.18699386503067, 264.96000000000004, 551.2873619631902, 283.44000000000005], ""doi"": ""10.5281/zenodo.7700024"", ""page"": 4, ""source_file"": ""GER.PDF""}",[],[]
JESS-8.9:Ge:28563:1,28563,1,20,0.1,0.1,numeric_as_tabulated,mol dm-3,Instructions default,KNO3,as_tabulated; consult notes,water unless otherwise specified in source,1 bar / 1 atm unless explicitly specified (source ambiguity retained),lgK,-3.88,log10 equilibrium constant (source concentration/activity convention),=,as_tabulated,,lgK:-3.88(3SF),3,SF,significant figures; not an uncertainty interval,4,MGL,31906,literature_measurement_technique,derived classification from source technique; not proof that the tabulated value was directly measured,not independently remeasured; retain source weight and notes,"[""1"", ""20"", ""0.1"", ""KNO3"", ""lgK:-3.88(3SF)"", ""4"", ""MGL"", ""31906""]","{""bbox_points"": [60.18699386503067, 352.08000000000004, 551.2873619631902, 370.68], ""doi"": ""10.5281/zenodo.7700024"", ""page"": 4, ""source_file"": ""GER.PDF""}",[],[]
JESS-8.9:Ge:28563:2,28563,2,20,0.1,0.1,numeric_as_tabulated,mol dm-3,Instructions default,Unknown,as_tabulated; consult notes,water unless otherwise specified in source,1 bar / 1 atm unless explicitly specified (source ambiguity retained),lgK,-3.88,log10 equilibrium constant (source concentration/activity convention),=,as_tabulated,,lgK:-3.88(3SF),3,SF,significant figures; not an uncertainty interval,3,CRV,2556,calculated_or_compiled,derived classification from source technique; not proof that the tabulated value was directly measured,not independently remeasured; retain source weight and notes,"[""2"", ""20"", ""0.1"", ""Unknown"", ""lgK:-3.88(3SF)"", ""3"", ""CRV"", ""2556""]","{""bbox_points"": [60.18699386503067, 370.68, 551.2873619631902, 389.16], ""doi"": ""10.5281/zenodo.7700024"", ""page"": 4, ""source_file"": ""GER.PDF""}",[],[]
JESS-8.9:Ge:28563:3,28563,3,25,0.1,0.1,numeric_as_tabulated,mol dm-3,Instructions default,KCl,as_tabulated; consult notes,water unless otherwise specified in source,1 bar / 1 atm unless explicitly specified (source ambiguity retained),lgK,-3.87,log10 equilibrium constant (source concentration/activity convention),=,as_tabulated,,lgK:-3.87(3SF),3,SF,significant figures; not an uncertainty interval,4,MGL,31876,literature_measurement_technique,derived classification from source technique; not proof that the tabulated value was directly measured,not independently remeasured; retain source weight and notes,"[""3"", ""25"", ""0.1"", ""KCl"", ""lgK:-3.87(3SF)"", ""4"", ""MGL"", ""31876""]","{""bbox_points"": [60.18699386503067, 389.16, 551.2873619631902, 407.52], ""doi"": ""10.5281/zenodo.7700024"", ""page"": 4, ""source_file"": ""GER.PDF""}",[],[]
JESS-8.9:Ge:28563:4,28563,4,25,0.1,0.1,numeric_as_tabulated,mol dm-3,Instructions default,Unknown,as_tabulated; consult notes,water unless otherwise specified in source,1 bar / 1 atm unless explicitly specified (source ambiguity retained),lgK,-3.87,log10 equilibrium constant (source concentration/activity convention),=,as_tabulated,,lgK:-3.87(3SF),3,SF,significant figures; not an uncertainty interval,3,CRV,2556,calculated_or_compiled,derived classification from source technique; not proof that the tabulated value was directly measured,not independently remeasured; retain source weight and notes,"[""4"", ""25"", ""0.1"", ""Unknown"", ""lgK:-3.87(3SF)"", ""3"", ""CRV"", ""2556""]","{""bbox_points"": [60.18699386503067, 407.52, 551.2873619631902, 425.94], ""doi"": ""10.5281/zenodo.7700024"", ""page"": 4, ""source_file"": ""GER.PDF""}",[],[]
JESS-8.9:Ge:28569:1,28569,1,25,0.1,0.1,numeric_as_tabulated,mol dm-3,Instructions default,Unknown,as_tabulated; consult notes,water unless otherwise specified in source,1 bar / 1 atm unless explicitly specified (source ambiguity retained),lgK,-2.46,log10 equilibrium constant (source concentration/activity convention),=,as_tabulated,,lgK:-2.46(3SF),3,SF,significant figures; not an uncertainty interval,4,CRV,2556,calculated_or_compiled,derived classification from source technique; not proof that the tabulated value was directly measured,not independently remeasured; retain source weight and notes,"[""1"", ""25"", ""0.1"", ""Unknown"", ""lgK:-2.46(3SF)"", ""4"", ""CRV"", ""2556""]","{""bbox_points"": [60.18699386503067, 494.64000000000004, 551.2873619631902, 513.24], ""doi"": ""10.5281/zenodo.7700024"", ""page"": 4, ""source_file"": ""GER.PDF""}",[],[]
JESS-8.9:Ge:28572:1,28572,1,25,0.1,0.1,numeric_as_tabulated,mol dm-3,Instructions default,Unknown,as_tabulated; consult notes,water unless otherwise specified in source,1 bar / 1 atm unless explicitly specified (source ambiguity retained),lgK,-3.94,log10 equilibrium constant (source concentration/activity convention),=,as_tabulated,,lgK:-3.94(3SF),3,SF,significant figures; not an uncertainty interval,4,CRV,2556,calculated_or_compiled,derived classification from source technique; not proof that the tabulated value was directly measured,not independently remeasured; retain source weight and notes,"[""1"", ""25"", ""0.1"", ""Unknown"", ""lgK:-3.94(3SF)"", ""4"", ""CRV"", ""2556""]","{""bbox_points"": [60.18699386503067, 581.88, 551.2873619631902, 600.54], ""doi"": ""10.5281/zenodo.7700024"", ""page"": 4, ""source_file"": ""GER.PDF""}",[],[]
JESS-8.9:Ge:28576:1,28576,1,25,0.1,0.1,numeric_as_tabulated,mol dm-3,Instructions default,KCl,as_tabulated; consult notes,water unless otherwise specified in source,1 bar / 1 atm unless explicitly specified (source ambiguity retained),lgK,-5.200,log10 equilibrium constant (source concentration/activity convention),=,as_tabulated,,lgK:-5.200(2SF),2,SF,significant figures; not an uncertainty interval,4,MGL,31981,literature_measurement_technique,derived classification from source technique; not proof that the tabulated value was directly measured,not independently remeasured; retain source weight and notes,"[""1"", ""25"", ""0.1"", ""KCl"", ""lgK:-5.200(2SF)"", ""4"", ""MGL"", ""31981""]","{""bbox_points"": [60.18699386503067, 669.15, 551.2873619631902, 687.72], ""doi"": ""10.5281/zenodo.7700024"", ""page"": 4, ""source_file"": ""GER.PDF""}",[],[]
JESS-8.9:Ge:28576:2,28576,2,25,0.1,0.1,numeric_as_tabulated,mol dm-3,Instructions default,Unknown,as_tabulated; consult notes,water unless otherwise specified in source,1 bar / 1 atm unless explicitly specified (source ambiguity retained),lgK,-5.20,log10 equilibrium constant (source concentration/activity convention),=,as_tabulated,,lgK:-5.20(3SF),3,SF,significant figures; not an uncertainty interval,3,CRV,2556,calculated_or_compiled,derived classification from source technique; not proof that the tabulated value was directly measured,not independently remeasured; retain source weight and notes,"[""2"", ""25"", ""0.1"", ""Unknown"", ""lgK:-5.20(3SF)"", ""3"", ""CRV"", ""2556""]","{""bbox_points"": [60.18699386503067, 687.72, 551.2873619631902, 706.26], ""doi"": ""10.5281/zenodo.7700024"", ""page"": 4, ""source_file"": ""GER.PDF""}",[],[]
JESS-8.9:Ge:28580:1,28580,1,25,0.1,0.1,numeric_as_tabulated,mol dm-3,Instructions default,KCl,as_tabulated; consult notes,water unless otherwise specified in source,1 bar / 1 atm unless explicitly specified (source ambiguity retained),lgK,-5.065,log10 equilibrium constant (source concentration/activity convention),=,as_tabulated,,lgK:-5.065(2SF),2,SF,significant figures; not an uncertainty interval,4,MGL,31981,literature_measurement_technique,derived classification from source technique; not proof that the tabulated value was directly measured,not independently remeasured; retain source weight and notes,"[""1"", ""25"", ""0.1"", ""KCl"", ""lgK:-5.065(2SF)"", ""4"", ""MGL"", ""31981""]","{""bbox_points"": [60.18299999999999, 108.63000000000002, 551.2905, 127.26000000000005], ""doi"": ""10.5281/zenodo.7700024"", ""page"": 5, ""source_file"": ""GER.PDF""}",[],[]
JESS-8.9:Ge:28580:2,28580,2,25,0.1,0.1,numeric_as_tabulated,mol dm-3,Instructions default,Unknown,as_tabulated; consult notes,water unless otherwise specified in source,1 bar / 1 atm unless explicitly specified (source ambiguity retained),lgK,-5.07,log10 equilibrium constant (source concentration/activity convention),=,as_tabulated,,lgK:-5.07(3SF),3,SF,significant figures; not an uncertainty interval,3,CRV,2556,calculated_or_compiled,derived classification from source technique; not proof that the tabulated value was directly measured,not independently remeasured; retain source weight and notes,"[""2"", ""25"", ""0.1"", ""Unknown"", ""lgK:-5.07(3SF)"", ""3"", ""CRV"", ""2556""]","{""bbox_points"": [60.18299999999999, 127.26000000000005, 551.2905, 145.74000000000007], ""doi"": ""10.5281/zenodo.7700024"", ""page"": 5, ""source_file"": ""GER.PDF""}",[],[]
JESS-8.9:Ge:28584:1,28584,1,25,0.1,0.1,numeric_as_tabulated,mol dm-3,Instructions default,KCl,as_tabulated; consult notes,water unless otherwise specified in source,1 bar / 1 atm unless explicitly specified (source ambiguity retained),lgK,-4.955,log10 equilibrium constant (source concentration/activity convention),=,as_tabulated,,lgK:-4.955(2SF),2,SF,significant figures; not an uncertainty interval,4,MGL,31981,literature_measurement_technique,derived classification from source technique; not proof that the tabulated value was directly measured,not independently remeasured; retain source weight and notes,"[""1"", ""25"", ""0.1"", ""KCl"", ""lgK:-4.955(2SF)"", ""4"", ""MGL"", ""31981""]","{""bbox_points"": [60.18299999999999, 214.35000000000005, 551.2905, 232.92000000000002], ""doi"": ""10.5281/zenodo.7700024"", ""page"": 5, ""source_file"": ""GER.PDF""}",[],[]
JESS-8.9:Ge:28584:2,28584,2,25,0.1,0.1,numeric_as_tabulated,mol dm-3,Instructions default,Unknown,as_tabulated; consult notes,water unless otherwise specified in source,1 bar / 1 atm unless explicitly specified (source ambiguity retained),lgK,-4.96,log10 equilibrium constant (source concentration/activity convention),=,as_tabulated,,lgK:-4.96(3SF),3,SF,significant figures; not an uncertainty interval,3,CRV,2556,calculated_or_compiled,derived classification from source technique; not proof that the tabulated value was directly measured,not independently remeasured; retain source weight and notes,"[""2"", ""25"", ""0.1"", ""Unknown"", ""lgK:-4.96(3SF)"", ""3"", ""CRV"", ""2556""]","{""bbox_points"": [60.18299999999999, 232.92000000000002, 551.2905, 251.39999999999998], ""doi"": ""10.5281/zenodo.7700024"", ""page"": 5, ""source_file"": ""GER.PDF""}",[],[]
JESS-8.9:Ge:28589:1,28589,1,25,0.1,0.1,numeric_as_tabulated,mol dm-3,Instructions default,KCl,as_tabulated; consult notes,water unless otherwise specified in source,1 bar / 1 atm unless explicitly specified (source ambiguity retained),lgK,-3.10,log10 equilibrium constant (source concentration/activity convention),=,as_tabulated,,lgK:-3.10(3SF),3,SF,significant figures; not an uncertainty interval,4,MGL,31949,literature_measurement_technique,derived classification from source technique; not proof that the tabulated value was directly measured,not independently remeasured; retain source weight and notes,"[""1"", ""25"", ""0.1"", ""KCl"", ""lgK:-3.10(3SF)"", ""4"", ""MGL"", ""31949""]","{""bbox_points"": [60.18299999999999, 320.07000000000005, 551.2905, 338.64], ""doi"": ""10.5281/zenodo.7700024"", ""page"": 5, ""source_file"": ""GER.PDF""}",[],[]
JESS-8.9:Ge:28589:2,28589,2,25,0.1,0.1,numeric_as_tabulated,mol dm-3,Instructions default,Unknown,as_tabulated; consult notes,water unless otherwise specified in source,1 bar / 1 atm unless explicitly specified (source ambiguity retained),lgK,-3.10,log10 equilibrium constant (source concentration/activity convention),=,as_tabulated,,lgK:-3.10(3SF),3,SF,significant figures; not an uncertainty interval,3,CRV,2556,calculated_or_compiled,derived classification from source technique; not proof that the tabulated value was directly measured,not independently remeasured; retain source weight and notes,"[""2"", ""25"", ""0.1"", ""Unknown"", ""lgK:-3.10(3SF)"", ""3"", ""CRV"", ""2556""]","{""bbox_points"": [60.18299999999999, 338.64, 551.2905, 357.0], ""doi"": ""10.5281/zenodo.7700024"", ""page"": 5, ""source_file"": ""GER.PDF""}",[],[]
JESS-8.9:Ge:28592:1,28592,1,25,0.1,0.1,numeric_as_tabulated,mol dm-3,Instructions default,KCl,as_tabulated; consult notes,water unless otherwise specified in source,1 bar / 1 atm unless explicitly specified (source ambiguity retained),lgK,-3.235,log10 equilibrium constant (source concentration/activity convention),=,as_tabulated,,lgK:-3.235(2SF),2,SF,significant figures; not an uncertainty interval,4,MGL,31981,literature_measurement_technique,derived classification from source technique; not proof that the tabulated value was directly measured,not independently remeasured; retain source weight and notes,"[""1"", ""25"", ""0.1"", ""KCl"", ""lgK:-3.235(2SF)"", ""4"", ""MGL"", ""31981""]","{""bbox_points"": [60.18299999999999, 425.76, 551.2905, 444.36], ""doi"": ""10.5281/zenodo.7700024"", ""page"": 5, ""source_file"": ""GER.PDF""}",[],[]
JESS-8.9:Ge:28592:2,28592,2,25,0.1,0.1,numeric_as_tabulated,mol dm-3,Instructions default,Unknown,as_tabulated; consult notes,water unless otherwise specified in source,1 bar / 1 atm unless explicitly specified (source ambiguity retained),lgK,-3.24,log10 equilibrium constant (source concentration/activity convention),=,as_tabulated,,lgK:-3.24(3SF),3,SF,significant figures; not an uncertainty interval,3,CRV,2556,calculated_or_compiled,derived classification from source technique; not proof that the tabulated value was directly measured,not independently remeasured; retain source weight and notes,"[""2"", ""25"", ""0.1"", ""Unknown"", ""lgK:-3.24(3SF)"", ""3"", ""CRV"", ""2556""]","{""bbox_points"": [60.18299999999999, 444.36, 551.2905, 462.72], ""doi"": ""10.5281/zenodo.7700024"", ""page"": 5, ""source_file"": ""GER.PDF""}",[],[]
JESS-8.9:Ge:28603:1,28603,1,25,0.1,0.1,numeric_as_tabulated,mol dm-3,Instructions default,KCl,as_tabulated; consult notes,water unless otherwise specified in source,1 bar / 1 atm unless explicitly specified (source ambiguity retained),lgK,-4.453,log10 equilibrium constant (source concentration/activity convention),=,as_tabulated,,lgK:-4.453(2SF),2,SF,significant figures; not an uncertainty interval,4,MGL,31873,literature_measurement_technique,derived classification from source technique; not proof that the tabulated value was directly measured,not independently remeasured; retain source weight and notes,"[""1"", ""25"", ""0.1"", ""KCl"", ""lgK:-4.453(2SF)"", ""4"", ""MGL"", ""31873""]","{""bbox_points"": [60.18299999999999, 531.39, 551.2905, 550.02], ""doi"": ""10.5281/zenodo.7700024"", ""page"": 5, ""source_file"": ""GER.PDF""}",[],[]
JESS-8.9:Ge:28603:2,28603,2,25,0.1,0.1,numeric_as_tabulated,mol dm-3,Instructions default,Unknown,as_tabulated; consult notes,water unless otherwise specified in source,1 bar / 1 atm unless explicitly specified (source ambiguity retained),lgK,-4.45,log10 equilibrium constant (source concentration/activity convention),=,as_tabulated,,lgK:-4.45(3SF),3,SF,significant figures; not an uncertainty interval,3,CRV,2556,calculated_or_compiled,derived classification from source technique; not proof that the tabulated value was directly measured,not independently remeasured; retain source weight and notes,"[""2"", ""25"", ""0.1"", ""Unknown"", ""lgK:-4.45(3SF)"", ""3"", ""CRV"", ""2556""]","{""bbox_points"": [60.18299999999999, 550.02, 551.2905, 568.44], ""doi"": ""10.5281/zenodo.7700024"", ""page"": 5, ""source_file"": ""GER.PDF""}",[],[]
JESS-8.9:Ge:28606:1,28606,1,25,0.1,0.1,numeric_as_tabulated,mol dm-3,Instructions default,KCl,as_tabulated; consult notes,water unless otherwise specified in source,1 bar / 1 atm unless explicitly specified (source ambiguity retained),lgK,-5.295,log10 equilibrium constant (source concentration/activity convention),=,as_tabulated,,lgK:-5.295(2SF),2,SF,significant figures; not an uncertainty interval,4,MGL,31873,literature_measurement_technique,derived classification from source technique; not proof that the tabulated value was directly measured,not independently remeasured; retain source weight and notes,"[""1"", ""25"", ""0.1"", ""KCl"", ""lgK:-5.295(2SF)"", ""4"", ""MGL"", ""31873""]","{""bbox_points"": [60.18299999999999, 637.11, 551.2905, 655.68], ""doi"": ""10.5281/zenodo.7700024"", ""page"": 5, ""source_file"": ""GER.PDF""}",[],[]
JESS-8.9:Ge:28606:2,28606,2,25,0.1,0.1,numeric_as_tabulated,mol dm-3,Instructions default,Unknown,as_tabulated; consult notes,water unless otherwise specified in source,1 bar / 1 atm unless explicitly specified (source ambiguity retained),lgK,-4.45,log10 equilibrium constant (source concentration/activity convention),=,erroneous_wrong_species,,lgK:-4.45(3SF),3,SF,significant figures; not an uncertainty interval,0,CRV,2556,calculated_or_compiled,derived classification from source technique; not proof that the tabulated value was directly measured,not independently remeasured; retain source weight and notes,"[""2"", ""25"", ""0.1"", ""Unknown"", ""lgK:-4.45(3SF)"", ""0"", ""CRV"", ""2556""]","{""bbox_points"": [60.18299999999999, 655.68, 551.2905, 674.0999999999999], ""doi"": ""10.5281/zenodo.7700024"", ""page"": 5, ""source_file"": ""GER.PDF""}","[{""page"": 5, ""text"": ""Note (2): Error, this value is for DMannose""}]","[""source_reports_wrong_species""]"
JESS-8.9:Ge:31972:1,31972,1,20,0.1,0.1,numeric_as_tabulated,mol dm-3,Instructions default,KNO3,as_tabulated; consult notes,water unless otherwise specified in source,1 bar / 1 atm unless explicitly specified (source ambiguity retained),lgK,8.82,log10 equilibrium constant (source concentration/activity convention),=,as_tabulated,,lgK:8.82(3SF),3,SF,significant figures; not an uncertainty interval,5,MSP,2261,literature_measurement_technique,derived classification from source technique; not proof that the tabulated value was directly measured,not independently remeasured; retain source weight and notes,"[""1"", ""20"", ""0.1"", ""KNO3"", ""lgK:8.82(3SF)"", ""5"", ""MSP"", ""2261""]","{""bbox_points"": [60.19455621301775, 108.63000000000002, 551.2814201183431, 127.26000000000005], ""doi"": ""10.5281/zenodo.7700024"", ""page"": 6, ""source_file"": ""GER.PDF""}",[],[]
JESS-8.9:Ge:32845:1,32845,1,25,0.1,0.1,numeric_as_tabulated,mol dm-3,Instructions default,KCl,as_tabulated; consult notes,water unless otherwise specified in source,1 bar / 1 atm unless explicitly specified (source ambiguity retained),lgK,3.90,log10 equilibrium constant (source concentration/activity convention),=,as_tabulated,,lgK:3.90(3SF),3,SF,significant figures; not an uncertainty interval,3,MSP,999,literature_measurement_technique,derived classification from source technique; not proof that the tabulated value was directly measured,not independently remeasured; retain source weight and notes,"[""1"", ""25"", ""0.1"", ""KCl"", ""lgK:3.90(3SF)"", ""3"", ""MSP"", ""999""]","{""bbox_points"": [60.19455621301775, 195.99000000000004, 551.2814201183431, 214.56000000000006], ""doi"": ""10.5281/zenodo.7700024"", ""page"": 6, ""source_file"": ""GER.PDF""}",[],[]
JESS-8.9:Ge:32845:2,32845,2,25,0.1,0.1,numeric_as_tabulated,mol dm-3,Instructions default,KCl,as_tabulated; consult notes,water unless otherwise specified in source,1 bar / 1 atm unless explicitly specified (source ambiguity retained),lgK,3.90,log10 equilibrium constant (source concentration/activity convention),=,as_tabulated,,lgK:3.90(3SF),3,SF,significant figures; not an uncertainty interval,4,MSP,31872,literature_measurement_technique,derived classification from source technique; not proof that the tabulated value was directly measured,not independently remeasured; retain source weight and notes,"[""2"", ""25"", ""0.1"", ""KCl"", ""lgK:3.90(3SF)"", ""4"", ""MSP"", ""31872""]","{""bbox_points"": [60.19455621301775, 214.56000000000006, 551.2814201183431, 232.92000000000002], ""doi"": ""10.5281/zenodo.7700024"", ""page"": 6, ""source_file"": ""GER.PDF""}",[],[]
JESS-8.9:Ge:33581:1,33581,1,25,0.1,0.1,numeric_as_tabulated,mol dm-3,Instructions default,Unknown,as_tabulated; consult notes,water unless otherwise specified in source,1 bar / 1 atm unless explicitly specified (source ambiguity retained),lgK,-2.1,log10 equilibrium constant (source concentration/activity convention),=,as_tabulated,,lgK:-2.1(2SF),2,SF,significant figures; not an uncertainty interval,5,CRV,2556,calculated_or_compiled,derived classification from source technique; not proof that the tabulated value was directly measured,not independently remeasured; retain source weight and notes,"[""1"", ""25"", ""0.1"", ""Unknown"", ""lgK:-2.1(2SF)"", ""5"", ""CRV"", ""2556""]","{""bbox_points"": [60.19455621301775, 301.68, 551.2814201183431, 320.28000000000003], ""doi"": ""10.5281/zenodo.7700024"", ""page"": 6, ""source_file"": ""GER.PDF""}",[],[]
JESS-8.9:Ge:33582:1,33582,1,25,0.1,0.1,numeric_as_tabulated,mol dm-3,Instructions default,Unknown,as_tabulated; consult notes,water unless otherwise specified in source,1 bar / 1 atm unless explicitly specified (source ambiguity retained),lgK,4.6,log10 equilibrium constant (source concentration/activity convention),=,as_tabulated,,lgK:4.6(2SF),2,SF,significant figures; not an uncertainty interval,5,CRV,2556,calculated_or_compiled,derived classification from source technique; not proof that the tabulated value was directly measured,not independently remeasured; retain source weight and notes,"[""1"", ""25"", ""0.1"", ""Unknown"", ""lgK:4.6(2SF)"", ""5"", ""CRV"", ""2556""]","{""bbox_points"": [60.19455621301775, 388.92, 551.2814201183431, 407.52], ""doi"": ""10.5281/zenodo.7700024"", ""page"": 6, ""source_file"": ""GER.PDF""}",[],[]
JESS-8.9:Ge:33583:1,33583,1,25,0.1,0.1,numeric_as_tabulated,mol dm-3,Instructions default,Unknown,as_tabulated; consult notes,water unless otherwise specified in source,1 bar / 1 atm unless explicitly specified (source ambiguity retained),lgK,5.1,log10 equilibrium constant (source concentration/activity convention),=,as_tabulated,,lgK:5.1(2SF),2,SF,significant figures; not an uncertainty interval,5,CRV,2556,calculated_or_compiled,derived classification from source technique; not proof that the tabulated value was directly measured,not independently remeasured; retain source weight and notes,"[""1"", ""25"", ""0.1"", ""Unknown"", ""lgK:5.1(2SF)"", ""5"", ""CRV"", ""2556""]","{""bbox_points"": [60.19455621301775, 476.16, 551.2814201183431, 494.88], ""doi"": ""10.5281/zenodo.7700024"", ""page"": 6, ""source_file"": ""GER.PDF""}",[],[]
JESS-8.9:Ge:33584:1,33584,1,25,0.1,0.1,numeric_as_tabulated,mol dm-3,Instructions default,Unknown,as_tabulated; consult notes,water unless otherwise specified in source,1 bar / 1 atm unless explicitly specified (source ambiguity retained),lgK,5.6,log10 equilibrium constant (source concentration/activity convention),=,as_tabulated,,lgK:5.6(2SF),2,SF,significant figures; not an uncertainty interval,5,CRV,2556,calculated_or_compiled,derived classification from source technique; not proof that the tabulated value was directly measured,not independently remeasured; retain source weight and notes,"[""1"", ""25"", ""0.1"", ""Unknown"", ""lgK:5.6(2SF)"", ""5"", ""CRV"", ""2556""]","{""bbox_points"": [60.19455621301775, 563.4300000000001, 551.2814201183431, 582.1800000000001], ""doi"": ""10.5281/zenodo.7700024"", ""page"": 6, ""source_file"": ""GER.PDF""}",[],[]
JESS-8.9:Ge:34511:1,34511,1,20,0.1,0.1,numeric_as_tabulated,mol dm-3,Instructions default,KNO3,as_tabulated; consult notes,water unless otherwise specified in source,1 bar / 1 atm unless explicitly specified (source ambiguity retained),lgK,4.42,log10 equilibrium constant (source concentration/activity convention),=,as_tabulated,,lgK:4.42(3SF),3,SF,significant figures; not an uncertainty interval,5,MGL,3450,literature_measurement_technique,derived classification from source technique; not proof that the tabulated value was directly measured,not independently remeasured; retain source weight and notes,"[""1"", ""20"", ""0.1"", ""KNO3"", ""lgK:4.42(3SF)"", ""5"", ""MGL"", ""3450""]","{""bbox_points"": [60.19455621301775, 650.79, 551.2814201183431, 669.36], ""doi"": ""10.5281/zenodo.7700024"", ""page"": 6, ""source_file"": ""GER.PDF""}",[],[]
JESS-8.9:Ge:34511:2,34511,2,25,0,0,numeric_as_tabulated,mol dm-3,Instructions default,Inf. Dilution,as_tabulated; consult notes,water unless otherwise specified in source,1 bar / 1 atm unless explicitly specified (source ambiguity retained),lgK,4.5,log10 equilibrium constant (source concentration/activity convention),=,as_tabulated,,lgK:4.5(2SF),2,SF,significant figures; not an uncertainty interval,1,ESC,,calculated_or_compiled,derived classification from source technique; not proof that the tabulated value was directly measured,not independently remeasured; retain source weight and notes,"[""2"", ""25"", ""0"", ""Inf. Dilution"", ""lgK:4.5(2SF)"", ""1"", ""ESC"", """"]","{""bbox_points"": [60.19455621301775, 669.36, 551.2814201183431, 687.84], ""doi"": ""10.5281/zenodo.7700024"", ""page"": 6, ""source_file"": ""GER.PDF""}",[],[]
JESS-8.9:Ge:34512:1,34512,1,20,0.1,0.1,numeric_as_tabulated,mol dm-3,Instructions default,KNO3,as_tabulated; consult notes,water unless otherwise specified in source,1 bar / 1 atm unless explicitly specified (source ambiguity retained),lgK,5.26,log10 equilibrium constant (source concentration/activity convention),=,as_tabulated,,lgK:5.26(3SF),3,SF,significant figures; not an uncertainty interval,5,MGL,3450,literature_measurement_technique,derived classification from source technique; not proof that the tabulated value was directly measured,not independently remeasured; retain source weight and notes,"[""1"", ""20"", ""0.1"", ""KNO3"", ""lgK:5.26(3SF)"", ""5"", ""MGL"", ""3450""]","{""bbox_points"": [60.18631578947368, 90.27000000000001, 551.2878947368421, 108.84000000000003], ""doi"": ""10.5281/zenodo.7700024"", ""page"": 7, ""source_file"": ""GER.PDF""}",[],[]
JESS-8.9:Ge:34708:1,34708,1,25,0.1,0.1,numeric_as_tabulated,mol dm-3,Instructions default,KCl,as_tabulated; consult notes,water unless otherwise specified in source,1 bar / 1 atm unless explicitly specified (source ambiguity retained),lgK,-4.22,log10 equilibrium constant (source concentration/activity convention),=,as_tabulated,,lgK:-4.22(3SF),3,SF,significant figures; not an uncertainty interval,3,MGL,931,literature_measurement_technique,derived classification from source technique; not proof that the tabulated value was directly measured,not independently remeasured; retain source weight and notes,"[""1"", ""25"", ""0.1"", ""KCl"", ""lgK:-4.22(3SF)"", ""3"", ""MGL"", ""931""]","{""bbox_points"": [60.18631578947368, 177.57000000000002, 551.2878947368421, 196.20000000000005], ""doi"": ""10.5281/zenodo.7700024"", ""page"": 7, ""source_file"": ""GER.PDF""}",[],[]
JESS-8.9:Ge:34708:2,34708,2,25,0.1,0.1,numeric_as_tabulated,mol dm-3,Instructions default,KCl,as_tabulated; consult notes,water unless otherwise specified in source,1 bar / 1 atm unless explicitly specified (source ambiguity retained),lgK,-4.215,log10 equilibrium constant (source concentration/activity convention),=,as_tabulated,,lgK:-4.215(2SF),2,SF,significant figures; not an uncertainty interval,4,MGL,31982,literature_measurement_technique,derived classification from source technique; not proof that the tabulated value was directly measured,not independently remeasured; retain source weight and notes,"[""2"", ""25"", ""0.1"", ""KCl"", ""lgK:-4.215(2SF)"", ""4"", ""MGL"", ""31982""]","{""bbox_points"": [60.18631578947368, 196.20000000000005, 551.2878947368421, 214.56000000000006], ""doi"": ""10.5281/zenodo.7700024"", ""page"": 7, ""source_file"": ""GER.PDF""}",[],[]
JESS-8.9:Ge:34720:1,34720,1,25,0.1,0.1,numeric_as_tabulated,mol dm-3,Instructions default,KCl,as_tabulated; consult notes,water unless otherwise specified in source,1 bar / 1 atm unless explicitly specified (source ambiguity retained),lgK,5.48,log10 equilibrium constant (source concentration/activity convention),=,as_tabulated,,lgK:5.48(3SF),3,SF,significant figures; not an uncertainty interval,0,MGL,931,literature_measurement_technique,derived classification from source technique; not proof that the tabulated value was directly measured,not independently remeasured; retain source weight and notes,"[""1"", ""25"", ""0.1"", ""KCl"", ""lgK:5.48(3SF)"", ""0"", ""MGL"", ""931""]","{""bbox_points"": [60.18631578947368, 283.20000000000005, 551.2878947368421, 301.86], ""doi"": ""10.5281/zenodo.7700024"", ""page"": 7, ""source_file"": ""GER.PDF""}","[{""page"": 7, ""text"": ""Note (1): Same source rn. 28589 but written otherwise (GeO(OH)3 reactant instead\nGe(OH)4)""}]",[]
JESS-8.9:Ge:34726:1,34726,1,25,0.1,0.1,numeric_as_tabulated,mol dm-3,Instructions default,KCl,as_tabulated; consult notes,water unless otherwise specified in source,1 bar / 1 atm unless explicitly specified (source ambiguity retained),lgK,3.29,log10 equilibrium constant (source concentration/activity convention),=,as_tabulated,,lgK:3.29(3SF),3,SF,significant figures; not an uncertainty interval,0,MGL,931,literature_measurement_technique,derived classification from source technique; not proof that the tabulated value was directly measured,not independently remeasured; retain source weight and notes,"[""1"", ""25"", ""0.1"", ""KCl"", ""lgK:3.29(3SF)"", ""0"", ""MGL"", ""931""]","{""bbox_points"": [60.18631578947368, 399.6, 551.2878947368421, 418.14], ""doi"": ""10.5281/zenodo.7700024"", ""page"": 7, ""source_file"": ""GER.PDF""}","[{""page"": 7, ""text"": ""Note (1): Same source rn. 28606 but written otherwise (GeO(OH)3 reactant instead\nGe(OH)4)""}]",[]
JESS-8.9:Ge:34733:1,34733,1,25,0.1,0.1,numeric_as_tabulated,mol dm-3,Instructions default,KCl,as_tabulated; consult notes,water unless otherwise specified in source,1 bar / 1 atm unless explicitly specified (source ambiguity retained),lgK,3.46,log10 equilibrium constant (source concentration/activity convention),=,as_tabulated,,lgK:3.46(3SF),3,SF,significant figures; not an uncertainty interval,0,MGL,931,literature_measurement_technique,derived classification from source technique; not proof that the tabulated value was directly measured,not independently remeasured; retain source weight and notes,"[""1"", ""25"", ""0.1"", ""KCl"", ""lgK:3.46(3SF)"", ""0"", ""MGL"", ""931""]","{""bbox_points"": [60.18631578947368, 515.88, 551.2878947368421, 534.6], ""doi"": ""10.5281/zenodo.7700024"", ""page"": 7, ""source_file"": ""GER.PDF""}","[{""page"": 7, ""text"": ""Note (1): Same source rn. 80927 but written otherwise (GeO(OH)3 reactant instead\nGe(OH)4)""}]",[]
JESS-8.9:Ge:34741:1,34741,1,25,0.1,0.1,numeric_as_tabulated,mol dm-3,Instructions default,KCl,as_tabulated; consult notes,water unless otherwise specified in source,1 bar / 1 atm unless explicitly specified (source ambiguity retained),lgK,4.13,log10 equilibrium constant (source concentration/activity convention),=,as_tabulated,,lgK:4.13(3SF),3,SF,significant figures; not an uncertainty interval,0,MGL,931,literature_measurement_technique,derived classification from source technique; not proof that the tabulated value was directly measured,not independently remeasured; retain source weight and notes,"[""1"", ""25"", ""0.1"", ""KCl"", ""lgK:4.13(3SF)"", ""0"", ""MGL"", ""931""]","{""bbox_points"": [60.18631578947368, 632.28, 551.2878947368421, 650.88], ""doi"": ""10.5281/zenodo.7700024"", ""page"": 7, ""source_file"": ""GER.PDF""}","[{""page"": 7, ""text"": ""Note (1): Same source rn. 28603 but written otherwise (GeO(OH)3 reactant instead\nGe(OH)4)""}]",[]
JESS-8.9:Ge:37267:1,37267,1,25,0.5,0.5,numeric_as_tabulated,mol dm-3,Instructions default,NaCl,as_tabulated; consult notes,water unless otherwise specified in source,1 bar / 1 atm unless explicitly specified (source ambiguity retained),lgK,2.3,log10 equilibrium constant (source concentration/activity convention),=,as_tabulated,,lgK:2.3(0.05SD),0.05,SD,standard deviation as reported,3,MSP,931,literature_measurement_technique,derived classification from source technique; not proof that the tabulated value was directly measured,not independently remeasured; retain source weight and notes,"[""1"", ""25"", ""0.5"", ""NaCl"", ""lgK:2.3(0.05SD)"", ""3"", ""MSP"", ""931""]","{""bbox_points"": [60.182013422818784, 90.27000000000001, 551.2912751677852, 108.84000000000003], ""doi"": ""10.5281/zenodo.7700024"", ""page"": 8, ""source_file"": ""GER.PDF""}",[],[]
JESS-8.9:Ge:37267:2,37267,2,25,0.5,0.5,numeric_as_tabulated,mol dm-3,Instructions default,NaCl,as_tabulated; consult notes,water unless otherwise specified in source,1 bar / 1 atm unless explicitly specified (source ambiguity retained),lgK,2.33,log10 equilibrium constant (source concentration/activity convention),=,as_tabulated,,lgK:2.33(3SF),3,SF,significant figures; not an uncertainty interval,4,MSP,31976,literature_measurement_technique,derived classification from source technique; not proof that the tabulated value was directly measured,not independently remeasured; retain source weight and notes,"[""2"", ""25"", ""0.5"", ""NaCl"", ""lgK:2.33(3SF)"", ""4"", ""MSP"", ""31976""]","{""bbox_points"": [60.182013422818784, 108.84000000000003, 551.2912751677852, 127.26000000000005], ""doi"": ""10.5281/zenodo.7700024"", ""page"": 8, ""source_file"": ""GER.PDF""}",[],[]
JESS-8.9:Ge:37342:1,37342,1,25,0.5,0.5,numeric_as_tabulated,mol dm-3,Instructions default,NaCl,as_tabulated; consult notes,water unless otherwise specified in source,1 bar / 1 atm unless explicitly specified (source ambiguity retained),lgK,3.0,log10 equilibrium constant (source concentration/activity convention),=,as_tabulated,,lgK:3.0(2SF),2,SF,significant figures; not an uncertainty interval,0,MSP,931,literature_measurement_technique,derived classification from source technique; not proof that the tabulated value was directly measured,not independently remeasured; retain source weight and notes,"[""1"", ""25"", ""0.5"", ""NaCl"", ""lgK:3.0(2SF)"", ""0"", ""MSP"", ""931""]","{""bbox_points"": [60.182013422818784, 195.99000000000004, 551.2912751677852, 214.56000000000006], ""doi"": ""10.5281/zenodo.7700024"", ""page"": 8, ""source_file"": ""GER.PDF""}",[],[]
JESS-8.9:Ge:37342:2,37342,2,25,0.5,0.5,numeric_as_tabulated,mol dm-3,Instructions default,NaCl,as_tabulated; consult notes,water unless otherwise specified in source,1 bar / 1 atm unless explicitly specified (source ambiguity retained),lgK,3.0,log10 equilibrium constant (source concentration/activity convention),<,upper_bound_in_source_note,,lgK:3.0(2SF),2,SF,significant figures; not an uncertainty interval,0,MSP,31893,literature_measurement_technique,derived classification from source technique; not proof that the tabulated value was directly measured,not independently remeasured; retain source weight and notes,"[""2"", ""25"", ""0.5"", ""NaCl"", ""lgK:3.0(2SF)"", ""0"", ""MSP"", ""31893""]","{""bbox_points"": [60.182013422818784, 214.56000000000006, 551.2912751677852, 232.92000000000002], ""doi"": ""10.5281/zenodo.7700024"", ""page"": 8, ""source_file"": ""GER.PDF""}","[{""page"": 8, ""text"": ""Note (2): The value could not be determined and the authors just gave a limit: <3.0""}]","[""tabulated_number_is_upper_bound""]"
JESS-8.9:Ge:40764:1,40764,1,25,0.1,0.1,numeric_as_tabulated,mol dm-3,Instructions default,KCl,as_tabulated; consult notes,water unless otherwise specified in source,1 bar / 1 atm unless explicitly specified (source ambiguity retained),lgK,3.24,log10 equilibrium constant (source concentration/activity convention),=,as_tabulated,,lgK:3.24(3SF),3,SF,significant figures; not an uncertainty interval,0,MGL,931,literature_measurement_technique,derived classification from source technique; not proof that the tabulated value was directly measured,not independently remeasured; retain source weight and notes,"[""1"", ""25"", ""0.1"", ""KCl"", ""lgK:3.24(3SF)"", ""0"", ""MGL"", ""931""]","{""bbox_points"": [60.182013422818784, 320.07000000000005, 551.2912751677852, 338.64], ""doi"": ""10.5281/zenodo.7700024"", ""page"": 8, ""source_file"": ""GER.PDF""}","[{""page"": 8, ""text"": ""Note (1): Same source rn. 80929 but written otherwise (GeO(OH)3 reactant instead\nGe(OH)4)""}]",[]
JESS-8.9:Ge:40767:1,40767,1,25,0.1,0.1,numeric_as_tabulated,mol dm-3,Instructions default,KCl,as_tabulated; consult notes,water unless otherwise specified in source,1 bar / 1 atm unless explicitly specified (source ambiguity retained),lgK,5.35,log10 equilibrium constant (source concentration/activity convention),=,as_tabulated,,lgK:5.35(3SF),3,SF,significant figures; not an uncertainty interval,0,MGL,931,literature_measurement_technique,derived classification from source technique; not proof that the tabulated value was directly measured,not independently remeasured; retain source weight and notes,"[""1"", ""25"", ""0.1"", ""KCl"", ""lgK:5.35(3SF)"", ""0"", ""MGL"", ""931""]","{""bbox_points"": [60.182013422818784, 436.35, 551.2912751677852, 454.92], ""doi"": ""10.5281/zenodo.7700024"", ""page"": 8, ""source_file"": ""GER.PDF""}","[{""page"": 8, ""text"": ""Note (1): Same source rn. 28592 but written otherwise (GeO(OH)3 reactant instead\nGe(OH)4)""}]",[]
JESS-8.9:Ge:41152:1,41152,1,25,0.5,0.5,numeric_as_tabulated,mol dm-3,Instructions default,NaCl,as_tabulated; consult notes,water unless otherwise specified in source,1 bar / 1 atm unless explicitly specified (source ambiguity retained),lgK,6.7,log10 equilibrium constant (source concentration/activity convention),=,as_tabulated,,lgK:6.7(2SF),2,SF,significant figures; not an uncertainty interval,3,MSP,931,literature_measurement_technique,derived classification from source technique; not proof that the tabulated value was directly measured,not independently remeasured; retain source weight and notes,"[""1"", ""25"", ""0.5"", ""NaCl"", ""lgK:6.7(2SF)"", ""3"", ""MSP"", ""931""]","{""bbox_points"": [60.182013422818784, 552.72, 551.2912751677852, 571.32], ""doi"": ""10.5281/zenodo.7700024"", ""page"": 8, ""source_file"": ""GER.PDF""}",[],[]
JESS-8.9:Ge:41152:2,41152,2,25,0.5,0.5,numeric_as_tabulated,mol dm-3,Instructions default,NaCl,as_tabulated; consult notes,water unless otherwise specified in source,1 bar / 1 atm unless explicitly specified (source ambiguity retained),lgK,6.7,log10 equilibrium constant (source concentration/activity convention),=,as_tabulated,,lgK:6.7(2SF),2,SF,significant figures; not an uncertainty interval,4,MSP,31977,literature_measurement_technique,derived classification from source technique; not proof that the tabulated value was directly measured,not independently remeasured; retain source weight and notes,"[""2"", ""25"", ""0.5"", ""NaCl"", ""lgK:6.7(2SF)"", ""4"", ""MSP"", ""31977""]","{""bbox_points"": [60.182013422818784, 571.32, 551.2912751677852, 589.74], ""doi"": ""10.5281/zenodo.7700024"", ""page"": 8, ""source_file"": ""GER.PDF""}",[],[]
JESS-8.9:Ge:43245:1,43245,1,25,0.1,0.1,numeric_as_tabulated,mol dm-3,Instructions default,NaNO3,as_tabulated; consult notes,water unless otherwise specified in source,1 bar / 1 atm unless explicitly specified (source ambiguity retained),lgK,4.13,log10 equilibrium constant (source concentration/activity convention),=,deprecated_species,,lgK:4.13(3SF),3,SF,significant figures; not an uncertainty interval,0,MSP,906,literature_measurement_technique,derived classification from source technique; not proof that the tabulated value was directly measured,not independently remeasured; retain source weight and notes,"[""1"", ""25"", ""0.1"", ""NaNO3"", ""lgK:4.13(3SF)"", ""0"", ""MSP"", ""906""]","{""bbox_points"": [60.182013422818784, 690.39, 551.2912751677852, 708.96], ""doi"": ""10.5281/zenodo.7700024"", ""page"": 8, ""source_file"": ""GER.PDF""}","[{""page"": 8, ""text"": ""Note: Ge(OH)2 deprecated, existence very much doubtful, even more in these\nexperiments""}, {""page"": 9, ""text"": ""Note (1): Reaction written: Ge(OH)2 + H2Tartaric = GeH2(OH)2Tartaric in 906""}]","[""source_deprecates_species""]"
JESS-8.9:Ge:43245:2,43245,2,25,0.1,0.1,numeric_as_tabulated,mol dm-3,Instructions default,NaNO3,as_tabulated; consult notes,water unless otherwise specified in source,1 bar / 1 atm unless explicitly specified (source ambiguity retained),lgK,4.13,log10 equilibrium constant (source concentration/activity convention),=,deprecated_species,,lgK:4.13(3SF),3,SF,significant figures; not an uncertainty interval,0,MSP,31901,literature_measurement_technique,derived classification from source technique; not proof that the tabulated value was directly measured,not independently remeasured; retain source weight and notes,"[""2"", ""25"", ""0.1"", ""NaNO3"", ""lgK:4.13(3SF)"", ""0"", ""MSP"", ""31901""]","{""bbox_points"": [60.180869565217385, 72.12, 551.2921739130434, 90.48000000000002], ""doi"": ""10.5281/zenodo.7700024"", ""page"": 9, ""source_file"": ""GER.PDF""}","[{""page"": 8, ""text"": ""Note: Ge(OH)2 deprecated, existence very much doubtful, even more in these\nexperiments""}]","[""source_deprecates_species""]"
JESS-8.9:Ge:43733:1,43733,1,25,0.1,0.1,numeric_as_tabulated,mol dm-3,Instructions default,NaNO3,as_tabulated; consult notes,water unless otherwise specified in source,1 bar / 1 atm unless explicitly specified (source ambiguity retained),lgK,2.01,log10 equilibrium constant (source concentration/activity convention),=,deprecated_species,,lgK:2.01(3SF),3,SF,significant figures; not an uncertainty interval,0,MSP,906,literature_measurement_technique,derived classification from source technique; not proof that the tabulated value was directly measured,not independently remeasured; retain source weight and notes,"[""1"", ""25"", ""0.1"", ""NaNO3"", ""lgK:2.01(3SF)"", ""0"", ""MSP"", ""906""]","{""bbox_points"": [60.180869565217385, 191.10000000000005, 551.2921739130434, 209.7], ""doi"": ""10.5281/zenodo.7700024"", ""page"": 9, ""source_file"": ""GER.PDF""}","[{""page"": 9, ""text"": ""Note: Ge(OH)2 deprecated, existence very much doubtful in general, sure in these\nexperiments""}, {""page"": 9, ""text"": ""Note (1): Unclear but in original reference [31901], reaction is for ML2 formation""}]","[""source_deprecates_species""]"
JESS-8.9:Ge:44092:1,44092,1,25,0.1,0.1,numeric_as_tabulated,mol dm-3,Instructions default,NaClO4,as_tabulated; consult notes,water unless otherwise specified in source,1 bar / 1 atm unless explicitly specified (source ambiguity retained),lgK,47.9,log10 equilibrium constant (source concentration/activity convention),=,deprecated_species,,lgK:47.9(0.08SD),0.08,SD,standard deviation as reported,0,MSP,906,literature_measurement_technique,derived classification from source technique; not proof that the tabulated value was directly measured,not independently remeasured; retain source weight and notes,"[""1"", ""25"", ""0.1"", ""NaClO4"", ""lgK:47.9(0.08SD)"", ""0"", ""MSP"", ""906""]","{""bbox_points"": [60.180869565217385, 318.03, 551.2921739130434, 336.72], ""doi"": ""10.5281/zenodo.7700024"", ""page"": 9, ""source_file"": ""GER.PDF""}","[{""page"": 9, ""text"": ""Note: Ge+4 is deprecated because does not exist in aqueous solution""}]","[""source_deprecates_species""]"
JESS-8.9:Ge:44092:2,44092,2,25,0.1,0.1,numeric_as_tabulated,mol dm-3,Instructions default,NaClO4,as_tabulated; consult notes,water unless otherwise specified in source,1 bar / 1 atm unless explicitly specified (source ambiguity retained),lgK,47.85,log10 equilibrium constant (source concentration/activity convention),=,deprecated_species,,lgK:47.85(4SF),4,SF,significant figures; not an uncertainty interval,0,MSP,31899,literature_measurement_technique,derived classification from source technique; not proof that the tabulated value was directly measured,not independently remeasured; retain source weight and notes,"[""2"", ""25"", ""0.1"", ""NaClO4"", ""lgK:47.85(4SF)"", ""0"", ""MSP"", ""31899""]","{""bbox_points"": [60.180869565217385, 336.72, 551.2921739130434, 355.08000000000004], ""doi"": ""10.5281/zenodo.7700024"", ""page"": 9, ""source_file"": ""GER.PDF""}","[{""page"": 9, ""text"": ""Note: Ge+4 is deprecated because does not exist in aqueous solution""}]","[""source_deprecates_species""]"
JESS-8.9:Ge:44096:1,44096,1,25,0.1,0.1,numeric_as_tabulated,mol dm-3,Instructions default,NaClO4,as_tabulated; consult notes,water unless otherwise specified in source,1 bar / 1 atm unless explicitly specified (source ambiguity retained),lgK,59.59,log10 equilibrium constant (source concentration/activity convention),=,deprecated_species,,lgK:59.59(4SF),4,SF,significant figures; not an uncertainty interval,0,MSP,906,literature_measurement_technique,derived classification from source technique; not proof that the tabulated value was directly measured,not independently remeasured; retain source weight and notes,"[""1"", ""25"", ""0.1"", ""NaClO4"", ""lgK:59.59(4SF)"", ""0"", ""MSP"", ""906""]","{""bbox_points"": [60.180869565217385, 444.99, 551.2921739130434, 463.62], ""doi"": ""10.5281/zenodo.7700024"", ""page"": 9, ""source_file"": ""GER.PDF""}","[{""page"": 9, ""text"": ""Note: Ge+4 is deprecated because does not exist in aqueous solution""}]","[""source_deprecates_species""]"
JESS-8.9:Ge:44096:2,44096,2,25,0.1,0.1,numeric_as_tabulated,mol dm-3,Instructions default,NaClO4,as_tabulated; consult notes,water unless otherwise specified in source,1 bar / 1 atm unless explicitly specified (source ambiguity retained),lgK,59.59,log10 equilibrium constant (source concentration/activity convention),=,deprecated_species,,lgK:59.59(4SF),4,SF,significant figures; not an uncertainty interval,0,MSP,31950,literature_measurement_technique,derived classification from source technique; not proof that the tabulated value was directly measured,not independently remeasured; retain source weight and notes,"[""2"", ""25"", ""0.1"", ""NaClO4"", ""lgK:59.59(4SF)"", ""0"", ""MSP"", ""31950""]","{""bbox_points"": [60.180869565217385, 463.62, 551.2921739130434, 482.1], ""doi"": ""10.5281/zenodo.7700024"", ""page"": 9, ""source_file"": ""GER.PDF""}","[{""page"": 9, ""text"": ""Note: Ge+4 is deprecated because does not exist in aqueous solution""}]","[""source_deprecates_species""]"
JESS-8.9:Ge:45090:1,45090,1,25,0.1,0.1,numeric_as_tabulated,mol kg-1,explicit /m medium marker,NaClO4/m,as_tabulated; consult notes,water unless otherwise specified in source,1 bar / 1 atm unless explicitly specified (source ambiguity retained),lgK,2.50,log10 equilibrium constant (source concentration/activity convention),=,as_tabulated,,lgK:2.50(3SF),3,SF,significant figures; not an uncertainty interval,5,MGL,6860,literature_measurement_technique,derived classification from source technique; not proof that the tabulated value was directly measured,not independently remeasured; retain source weight and notes,"[""1"", ""25"", ""0.1"", ""NaClO4/m"", ""lgK:2.50(3SF)"", ""5"", ""MGL"", ""6860""]","{""bbox_points"": [60.180869565217385, 550.71, 551.2921739130434, 569.2800000000001], ""doi"": ""10.5281/zenodo.7700024"", ""page"": 9, ""source_file"": ""GER.PDF""}",[],[]
JESS-8.9:Ge:45090:2,45090,2,25,0.1,0.1,numeric_as_tabulated,mol dm-3,Instructions default,Unknown,as_tabulated; consult notes,water unless otherwise specified in source,1 bar / 1 atm unless explicitly specified (source ambiguity retained),lgK,2.50,log10 equilibrium constant (source concentration/activity convention),=,as_tabulated,,lgK:2.50(3SF),3,SF,significant figures; not an uncertainty interval,3,CRV,552,calculated_or_compiled,derived classification from source technique; not proof that the tabulated value was directly measured,not independently remeasured; retain source weight and notes,"[""2"", ""25"", ""0.1"", ""Unknown"", ""lgK:2.50(3SF)"", ""3"", ""CRV"", ""552""]","{""bbox_points"": [60.180869565217385, 569.2800000000001, 551.2921739130434, 587.8199999999999], ""doi"": ""10.5281/zenodo.7700024"", ""page"": 9, ""source_file"": ""GER.PDF""}",[],[]
JESS-8.9:Ge:45091:1,45091,1,25,0.1,0.1,numeric_as_tabulated,mol kg-1,explicit /m medium marker,NaClO4/m,as_tabulated; consult notes,water unless otherwise specified in source,1 bar / 1 atm unless explicitly specified (source ambiguity retained),lgK,4.78,log10 equilibrium constant (source concentration/activity convention),=,as_tabulated,,lgK:4.78(3SF),3,SF,significant figures; not an uncertainty interval,5,MGL,6860,literature_measurement_technique,derived classification from source technique; not proof that the tabulated value was directly measured,not independently remeasured; retain source weight and notes,"[""1"", ""25"", ""0.1"", ""NaClO4/m"", ""lgK:4.78(3SF)"", ""5"", ""MGL"", ""6860""]","{""bbox_points"": [60.180869565217385, 656.4300000000001, 551.2921739130434, 675.0], ""doi"": ""10.5281/zenodo.7700024"", ""page"": 9, ""source_file"": ""GER.PDF""}",[],[]
JESS-8.9:Ge:45091:2,45091,2,25,0.1,0.1,numeric_as_tabulated,mol dm-3,Instructions default,Unknown,as_tabulated; consult notes,water unless otherwise specified in source,1 bar / 1 atm unless explicitly specified (source ambiguity retained),lgK,4.78,log10 equilibrium constant (source concentration/activity convention),=,as_tabulated,,lgK:4.78(3SF),3,SF,significant figures; not an uncertainty interval,3,CRV,552,calculated_or_compiled,derived classification from source technique; not proof that the tabulated value was directly measured,not independently remeasured; retain source weight and notes,"[""2"", ""25"", ""0.1"", ""Unknown"", ""lgK:4.78(3SF)"", ""3"", ""CRV"", ""552""]","{""bbox_points"": [60.180869565217385, 675.0, 551.2921739130434, 693.48], ""doi"": ""10.5281/zenodo.7700024"", ""page"": 9, ""source_file"": ""GER.PDF""}",[],[]
JESS-8.9:Ge:45230:1,45230,1,25,0.1,0.1,numeric_as_tabulated,mol dm-3,Instructions default,Acetic acid,as_tabulated; consult notes,water unless otherwise specified in source,1 bar / 1 atm unless explicitly specified (source ambiguity retained),lgK,52.80,log10 equilibrium constant (source concentration/activity convention),=,deprecated_species,,lgK:52.80(4SF),4,SF,significant figures; not an uncertainty interval,0,MSP,906,literature_measurement_technique,derived classification from source technique; not proof that the tabulated value was directly measured,not independently remeasured; retain source weight and notes,"[""1"", ""25"", ""0.1"", ""Acetic acid"", ""lgK:52.80(4SF) 0"", ""MSP"", ""906""]","{""bbox_points"": [60.173164556962014, 129.99000000000004, 551.2982278481012, 148.56000000000006], ""doi"": ""10.5281/zenodo.7700024"", ""page"": 10, ""source_file"": ""GER.PDF""}","[{""page"": 10, ""text"": ""Note: Ge+4 is deprecated because does not exist in aqueous solution""}]","[""source_deprecates_species""]"
JESS-8.9:Ge:46454:1,46454,1,23,0,0,numeric_as_tabulated,mol dm-3,Instructions default,Unknown,as_tabulated; consult notes,water unless otherwise specified in source,1 bar / 1 atm unless explicitly specified (source ambiguity retained),lgK,-5.06,log10 equilibrium constant (source concentration/activity convention),=,as_tabulated,,lgK:-5.06(3SF),3,SF,significant figures; not an uncertainty interval,1,MSP,31970,literature_measurement_technique,derived classification from source technique; not proof that the tabulated value was directly measured,not independently remeasured; retain source weight and notes,"[""1"", ""23"", ""0"", ""Unknown"", ""lgK:-5.06(3SF)"", ""1"", ""MSP"", ""31970""]","{""bbox_points"": [60.173164556962014, 217.29000000000005, 551.2982278481012, 235.86], ""doi"": ""10.5281/zenodo.7700024"", ""page"": 10, ""source_file"": ""GER.PDF""}",[],[]
JESS-8.9:Ge:54155:1,54155,1,23,0,0,numeric_as_tabulated,mol dm-3,Instructions default,Unknown,as_tabulated; consult notes,water unless otherwise specified in source,1 bar / 1 atm unless explicitly specified (source ambiguity retained),lgK,3.21,log10 equilibrium constant (source concentration/activity convention),=,as_tabulated,,lgK:3.21(3SF),3,SF,significant figures; not an uncertainty interval,1,MIX,31921,literature_measurement_technique,derived classification from source technique; not proof that the tabulated value was directly measured,not independently remeasured; retain source weight and notes,"[""1"", ""23"", ""0"", ""Unknown"", ""lgK:3.21(3SF) 1"", ""MIX"", ""31921""]","{""bbox_points"": [60.173164556962014, 304.47, 551.2982278481012, 323.16], ""doi"": ""10.5281/zenodo.7700024"", ""page"": 10, ""source_file"": ""GER.PDF""}",[],[]
JESS-8.9:Ge:54155:2,54155,2,23,0.5,0.5,numeric_as_tabulated,mol dm-3,Instructions default,HCl,as_tabulated; consult notes,water unless otherwise specified in source,1 bar / 1 atm unless explicitly specified (source ambiguity retained),lgK,3.86,log10 equilibrium constant (source concentration/activity convention),=,as_tabulated,,lgK:3.86(3SF),3,SF,significant figures; not an uncertainty interval,1,MAX,931,literature_measurement_technique,derived classification from source technique; not proof that the tabulated value was directly measured,not independently remeasured; retain source weight and notes,"[""2"", ""23"", ""0.5"", ""HCl"", ""lgK:3.86(3SF) 1"", ""MAX"", ""931""]","{""bbox_points"": [60.173164556962014, 323.16, 551.2982278481012, 341.58000000000004], ""doi"": ""10.5281/zenodo.7700024"", ""page"": 10, ""source_file"": ""GER.PDF""}",[],[]
JESS-8.9:Ge:54155:3,54155,3,23,0.5,0.5,numeric_as_tabulated,mol dm-3,Instructions default,KCl,as_tabulated; consult notes,water unless otherwise specified in source,1 bar / 1 atm unless explicitly specified (source ambiguity retained),lgK,3.86,log10 equilibrium constant (source concentration/activity convention),=,as_tabulated,,lgK:3.86(3SF),3,SF,significant figures; not an uncertainty interval,1,MIX,31920,literature_measurement_technique,derived classification from source technique; not proof that the tabulated value was directly measured,not independently remeasured; retain source weight and notes,"[""3"", ""23"", ""0.5"", ""KCl"", ""lgK:3.86(3SF) 1"", ""MIX"", ""31920""]","{""bbox_points"": [60.173164556962014, 341.58000000000004, 551.2982278481012, 359.94000000000005], ""doi"": ""10.5281/zenodo.7700024"", ""page"": 10, ""source_file"": ""GER.PDF""}",[],[]
JESS-8.9:Ge:54155:4,54155,4,25,0,0,numeric_as_tabulated,mol dm-3,Instructions default,Inf. Dilution,as_tabulated; consult notes,water unless otherwise specified in source,1 bar / 1 atm unless explicitly specified (source ambiguity retained),lgK,3.56,log10 equilibrium constant (source concentration/activity convention),=,as_tabulated,,lgK:3.56(3SF),3,SF,significant figures; not an uncertainty interval,1,EAE,,calculated_or_compiled,derived classification from source technique; not proof that the tabulated value was directly measured,not independently remeasured; retain source weight and notes,"[""4"", ""25"", ""0"", ""Inf. Dilution"", ""lgK:3.56(3SF) 1"", ""EAE"", """"]","{""bbox_points"": [60.173164556962014, 359.94000000000005, 551.2982278481012, 378.36], ""doi"": ""10.5281/zenodo.7700024"", ""page"": 10, ""source_file"": ""GER.PDF""}",[],[]
JESS-8.9:Ge:54432:1,54432,1,25,0,0,numeric_as_tabulated,mol dm-3,Instructions default,Inf. Dilution,as_tabulated; consult notes,water unless otherwise specified in source,1 bar / 1 atm unless explicitly specified (source ambiguity retained),dG,331.21,kJ mol-1,=,as_tabulated,,dG:331.21(3.000SD)kJ,3.000,SD,standard deviation as reported,6,CRV,14923,calculated_or_compiled,derived classification from source technique; not proof that the tabulated value was directly measured,not independently remeasured; retain source weight and notes,"[""1"", ""25"", ""0"", ""Inf. Dilution"", ""dG:331.21(3.000SD)kJ"", ""6"", ""CRV"", ""14923""]","{""bbox_points"": [60.173164556962014, 447.0, 551.2982278481012, 465.66], ""doi"": ""10.5281/zenodo.7700024"", ""page"": 10, ""source_file"": ""GER.PDF""}",[],[]
JESS-8.9:Ge:54432:2,54432,2,25,0,0,numeric_as_tabulated,mol dm-3,Instructions default,Inf. Dilution,as_tabulated; consult notes,water unless otherwise specified in source,1 bar / 1 atm unless explicitly specified (source ambiguity retained),dH,372.,kJ mol-1,=,as_tabulated,,dH:372.(3.MD)kJ,3.,MD,maximum deviation as reported,6,CRV,8746,calculated_or_compiled,derived classification from source technique; not proof that the tabulated value was directly measured,not independently remeasured; retain source weight and notes,"[""2"", ""25"", ""0"", ""Inf. Dilution"", ""dH:372.(3.MD)kJ"", ""6"", ""CRV"", ""8746""]","{""bbox_points"": [60.173164556962014, 465.66, 551.2982278481012, 484.02], ""doi"": ""10.5281/zenodo.7700024"", ""page"": 10, ""source_file"": ""GER.PDF""}",[],[]
JESS-8.9:Ge:54432:3,54432,3,25,0,0,numeric_as_tabulated,mol dm-3,Instructions default,Inf. Dilution,as_tabulated; consult notes,water unless otherwise specified in source,1 bar / 1 atm unless explicitly specified (source ambiguity retained),dH,372.00,kJ mol-1,=,as_tabulated,,dH:372.00(3.000SD)kJ,3.000,SD,standard deviation as reported,6,CRV,14923,calculated_or_compiled,derived classification from source technique; not proof that the tabulated value was directly measured,not independently remeasured; retain source weight and notes,"[""3"", ""25"", ""0"", ""Inf. Dilution"", ""dH:372.00(3.000SD)kJ"", ""6"", ""CRV"", ""14923""]","{""bbox_points"": [60.173164556962014, 484.02, 551.2982278481012, 502.44], ""doi"": ""10.5281/zenodo.7700024"", ""page"": 10, ""source_file"": ""GER.PDF""}",[],[]
JESS-8.9:Ge:54432:4,54432,4,25,0,0,numeric_as_tabulated,mol dm-3,Instructions default,Inf. Dilution,as_tabulated; consult notes,water unless otherwise specified in source,1 bar / 1 atm unless explicitly specified (source ambiguity retained),Cp,30.733,J K-1 mol-1,=,as_tabulated,,Cp:30.733(0.001SD)J/K,0.001,SD,standard deviation as reported,5,CRV,27292,calculated_or_compiled,derived classification from source technique; not proof that the tabulated value was directly measured,not independently remeasured; retain source weight and notes,"[""4"", ""25"", ""0"", ""Inf. Dilution"", ""Cp:30.733(0.001SD)J/K"", ""5"", ""CRV"", ""27292""]","{""bbox_points"": [60.173164556962014, 502.44, 551.2982278481012, 520.92], ""doi"": ""10.5281/zenodo.7700024"", ""page"": 10, ""source_file"": ""GER.PDF""}",[],[]
JESS-8.9:Ge:54447:1,54447,1,12,2,2,numeric_as_tabulated,mol dm-3,Instructions default,KCl,as_tabulated; consult notes,water unless otherwise specified in source,1 bar / 1 atm unless explicitly specified (source ambiguity retained),lgK,12.7,log10 equilibrium constant (source concentration/activity convention),=,as_tabulated,,lgK:12.7(3SF),3,SF,significant figures; not an uncertainty interval,1,MGL,140,literature_measurement_technique,derived classification from source technique; not proof that the tabulated value was directly measured,not independently remeasured; retain source weight and notes,"[""1"", ""12"", ""2"", ""KCl"", ""lgK:12.7(3SF)"", ""1"", ""MGL"", ""140""]","{""bbox_points"": [60.173164556962014, 589.5600000000001, 551.2982278481012, 608.0999999999999], ""doi"": ""10.5281/zenodo.7700024"", ""page"": 10, ""source_file"": ""GER.PDF""}",[],[]
JESS-8.9:Ge:54447:2,54447,2,12,2,2,numeric_as_tabulated,mol dm-3,Instructions default,KCl,as_tabulated; consult notes,water unless otherwise specified in source,1 bar / 1 atm unless explicitly specified (source ambiguity retained),lgK,12.7,log10 equilibrium constant (source concentration/activity convention),=,as_tabulated,,lgK:12.7(3SF),3,SF,significant figures; not an uncertainty interval,2,MGL,19840,literature_measurement_technique,derived classification from source technique; not proof that the tabulated value was directly measured,not independently remeasured; retain source weight and notes,"[""2"", ""12"", ""2"", ""KCl"", ""lgK:12.7(3SF)"", ""2"", ""MGL"", ""19840""]","{""bbox_points"": [60.173164556962014, 608.0999999999999, 551.2982278481012, 626.52], ""doi"": ""10.5281/zenodo.7700024"", ""page"": 10, ""source_file"": ""GER.PDF""}",[],[]
JESS-8.9:Ge:54447:3,54447,3,20,0,0,numeric_as_tabulated,mol dm-3,Instructions default,Self Medium,as_tabulated; consult notes,water unless otherwise specified in source,1 bar / 1 atm unless explicitly specified (source ambiguity retained),lgK,12.7,log10 equilibrium constant (source concentration/activity convention),=,as_tabulated,,lgK:12.7(3SF),3,SF,significant figures; not an uncertainty interval,2,MHY,31972,literature_measurement_technique,derived classification from source technique; not proof that the tabulated value was directly measured,not independently remeasured; retain source weight and notes,"[""3"", ""20"", ""0"", ""Self Medium"", ""lgK:12.7(3SF)"", ""2"", ""MHY"", ""31972""]","{""bbox_points"": [60.173164556962014, 626.52, 551.2982278481012, 644.88], ""doi"": ""10.5281/zenodo.7700024"", ""page"": 10, ""source_file"": ""GER.PDF""}",[],[]
JESS-8.9:Ge:54447:4,54447,4,20,,,not_reported,,missing,,as_tabulated; consult notes,water unless otherwise specified in source,1 bar / 1 atm unless explicitly specified (source ambiguity retained),lgK,12.72,log10 equilibrium constant (source concentration/activity convention),=,as_tabulated,,lgK:12.72(4SF),4,SF,significant figures; not an uncertainty interval,0,MHY,140,literature_measurement_technique,derived classification from source technique; not proof that the tabulated value was directly measured,not independently remeasured; retain source weight and notes,"[""4"", ""20"", """", """", ""lgK:12.72(4SF)"", ""0"", ""MHY"", ""140""]","{""bbox_points"": [60.173164556962014, 644.88, 551.2982278481012, 663.36], ""doi"": ""10.5281/zenodo.7700024"", ""page"": 10, ""source_file"": ""GER.PDF""}",[],[]
JESS-8.9:Ge:54447:5,54447,5,25,0,0,numeric_as_tabulated,mol dm-3,Instructions default,Inf. Dilution,as_tabulated; consult notes,water unless otherwise specified in source,1 bar / 1 atm unless explicitly specified (source ambiguity retained),lgK,12.59,log10 equilibrium constant (source concentration/activity convention),=,as_tabulated,,lgK:12.59(4SF),4,SF,significant figures; not an uncertainty interval,4,CRV,403,calculated_or_compiled,derived classification from source technique; not proof that the tabulated value was directly measured,not independently remeasured; retain source weight and notes,"[""5"", ""25"", ""0"", ""Inf. Dilution"", ""lgK:12.59(4SF)"", ""4"", ""CRV"", ""403""]","{""bbox_points"": [60.173164556962014, 663.36, 551.2982278481012, 681.78], ""doi"": ""10.5281/zenodo.7700024"", ""page"": 10, ""source_file"": ""GER.PDF""}",[],[]
JESS-8.9:Ge:54447:6,54447,6,25,0,0,numeric_as_tabulated,mol dm-3,Instructions default,Inf. Dilution,as_tabulated; consult notes,water unless otherwise specified in source,1 bar / 1 atm unless explicitly specified (source ambiguity retained),lgK,12.3,log10 equilibrium constant (source concentration/activity convention),=,as_tabulated,,lgK:12.3(3SF),3,SF,significant figures; not an uncertainty interval,0,CRV,6330,calculated_or_compiled,derived classification from source technique; not proof that the tabulated value was directly measured,not independently remeasured; retain source weight and notes,"[""6"", ""25"", ""0"", ""Inf. Dilution"", ""lgK:12.3(3SF)"", ""0"", ""CRV"", ""6330""]","{""bbox_points"": [60.173164556962014, 681.78, 551.2982278481012, 700.1400000000001], ""doi"": ""10.5281/zenodo.7700024"", ""page"": 10, ""source_file"": ""GER.PDF""}",[],[]
JESS-8.9:Ge:54447:7,54447,7,25,0,0,numeric_as_tabulated,mol dm-3,Instructions default,Inf. Dilution,as_tabulated; consult notes,water unless otherwise specified in source,1 bar / 1 atm unless explicitly specified (source ambiguity retained),lgK,13.,log10 equilibrium constant (source concentration/activity convention),=,as_tabulated,,lgK:13.(2SF),2,SF,significant figures; not an uncertainty interval,0,ENS,7276,unspecified,derived classification from source technique; not proof that the tabulated value was directly measured,not independently remeasured; retain source weight and notes,"[""7"", ""25"", ""0"", ""Inf. Dilution"", ""lgK:13.(2SF)"", ""0"", ""ENS"", ""7276""]","{""bbox_points"": [60.173164556962014, 700.1400000000001, 551.2982278481012, 718.5600000000001], ""doi"": ""10.5281/zenodo.7700024"", ""page"": 10, ""source_file"": ""GER.PDF""}",[],[]
JESS-8.9:Ge:54447:8,54447,8,25,0.5,0.5,numeric_as_tabulated,mol dm-3,Instructions default,NaCl,as_tabulated; consult notes,water unless otherwise specified in source,1 bar / 1 atm unless explicitly specified (source ambiguity retained),lgK,12.24,log10 equilibrium constant (source concentration/activity convention),=,as_tabulated,,lgK:12.24(4SF),4,SF,significant figures; not an uncertainty interval,2,MGL,140,literature_measurement_technique,derived classification from source technique; not proof that the tabulated value was directly measured,not independently remeasured; retain source weight and notes,"[""8"", ""25"", ""0.5"", ""NaCl"", ""lgK:12.24(4SF)"", ""2"", ""MGL"", ""140""]","{""bbox_points"": [60.13150684931506, 53.579999999999984, 551.3309589041096, 72.12], ""doi"": ""10.5281/zenodo.7700024"", ""page"": 11, ""source_file"": ""GER.PDF""}",[],[]
JESS-8.9:Ge:54447:9,54447,9,25,3,3,numeric_as_tabulated,mol dm-3,Instructions default,Na(Cl),as_tabulated; consult notes,water unless otherwise specified in source,1 bar / 1 atm unless explicitly specified (source ambiguity retained),lgK,12.43,log10 equilibrium constant (source concentration/activity convention),=,as_tabulated,,lgK:12.43(0.03SD),0.03,SD,standard deviation as reported,5,MHY,22980,literature_measurement_technique,derived classification from source technique; not proof that the tabulated value was directly measured,not independently remeasured; retain source weight and notes,"[""9"", ""25"", ""3"", ""Na(Cl)"", ""lgK:12.43(0.03SD)"", ""5"", ""MHY"", ""22980""]","{""bbox_points"": [60.13150684931506, 72.12, 551.3309589041096, 90.48000000000002], ""doi"": ""10.5281/zenodo.7700024"", ""page"": 11, ""source_file"": ""GER.PDF""}",[],[]
JESS-8.9:Ge:54447:10,54447,10,25,3,3,numeric_as_tabulated,mol dm-3,Instructions default,NaCl,as_tabulated; consult notes,water unless otherwise specified in source,1 bar / 1 atm unless explicitly specified (source ambiguity retained),lgK,12.43,log10 equilibrium constant (source concentration/activity convention),=,as_tabulated,,lgK:12.43(4SF),4,SF,significant figures; not an uncertainty interval,2,MHY,140,literature_measurement_technique,derived classification from source technique; not proof that the tabulated value was directly measured,not independently remeasured; retain source weight and notes,"[""10"", ""25"", ""3"", ""NaCl"", ""lgK:12.43(4SF)"", ""2"", ""MHY"", ""140""]","{""bbox_points"": [60.13150684931506, 90.48000000000002, 551.3309589041096, 108.84000000000003], ""doi"": ""10.5281/zenodo.7700024"", ""page"": 11, ""source_file"": ""GER.PDF""}",[],[]
JESS-8.9:Ge:54447:11,54447,11,32,5,,saturated; source explicitly rejects tabulated 5 M,mol dm-3,Instructions default,Na2SO4,as_tabulated; consult notes,water unless otherwise specified in source,1 bar / 1 atm unless explicitly specified (source ambiguity retained),lgK,12.3,log10 equilibrium constant (source concentration/activity convention),=,as_tabulated,,lgK:12.3(3SF),3,SF,significant figures; not an uncertainty interval,1,MHY,31968,literature_measurement_technique,derived classification from source technique; not proof that the tabulated value was directly measured,not independently remeasured; retain source weight and notes,"[""11"", ""32"", ""5"", ""Na2SO4"", ""lgK:12.3(3SF)"", ""1"", ""MHY"", ""31968""]","{""bbox_points"": [60.13150684931506, 108.84000000000003, 551.3309589041096, 127.26000000000005], ""doi"": ""10.5281/zenodo.7700024"", ""page"": 11, ""source_file"": ""GER.PDF""}","[{""page"": 11, ""text"": ""Note (11): I is saturated, not 5 M""}]","[""tabulated_ionic_strength_disclaimed_by_source""]"
JESS-8.9:Ge:54447:12,54447,12,32,,,not_reported,,missing,,as_tabulated; consult notes,water unless otherwise specified in source,1 bar / 1 atm unless explicitly specified (source ambiguity retained),lgK,12.3,log10 equilibrium constant (source concentration/activity convention),=,as_tabulated,,lgK:12.3(3SF),3,SF,significant figures; not an uncertainty interval,0,MFP,140,literature_measurement_technique,derived classification from source technique; not proof that the tabulated value was directly measured,not independently remeasured; retain source weight and notes,"[""12"", ""32"", """", """", ""lgK:12.3(3SF)"", ""0"", ""MFP"", ""140""]","{""bbox_points"": [60.13150684931506, 145.62000000000006, 551.3309589041096, 164.16000000000003], ""doi"": ""10.5281/zenodo.7700024"", ""page"": 11, ""source_file"": ""GER.PDF""}",[],[]
JESS-8.9:Ge:54448:1,54448,1,10,0,0,numeric_as_tabulated,mol dm-3,Instructions default,Inf. Dilution,as_tabulated; consult notes,water unless otherwise specified in source,1 bar / 1 atm unless explicitly specified (source ambiguity retained),lgK,9.045,log10 equilibrium constant (source concentration/activity convention),=,as_tabulated,,lgK:9.045(4SF),4,SF,significant figures; not an uncertainty interval,3,MGL,31870,literature_measurement_technique,derived classification from source technique; not proof that the tabulated value was directly measured,not independently remeasured; retain source weight and notes,"[""1"", ""10"", ""0"", ""Inf. Dilution"", ""lgK:9.045(4SF)"", ""3"", ""MGL"", ""31870""]","{""bbox_points"": [60.13150684931506, 232.71000000000004, 551.3309589041096, 251.33999999999997], ""doi"": ""10.5281/zenodo.7700024"", ""page"": 11, ""source_file"": ""GER.PDF""}",[],[]
JESS-8.9:Ge:54448:2,54448,2,10,0.6326,0.6326,numeric_as_tabulated,mol dm-3,Instructions default,KCl,as_tabulated; consult notes,water unless otherwise specified in source,1 bar / 1 atm unless explicitly specified (source ambiguity retained),lgK,8.839,log10 equilibrium constant (source concentration/activity convention),=,as_tabulated,,lgK:8.839(4SF),4,SF,significant figures; not an uncertainty interval,3,MGL,31870,literature_measurement_technique,derived classification from source technique; not proof that the tabulated value was directly measured,not independently remeasured; retain source weight and notes,"[""2"", ""10"", ""0.6326"", ""KCl"", ""lgK:8.839(4SF)"", ""3"", ""MGL"", ""31870""]","{""bbox_points"": [60.13150684931506, 251.33999999999997, 551.3309589041096, 269.7], ""doi"": ""10.5281/zenodo.7700024"", ""page"": 11, ""source_file"": ""GER.PDF""}",[],[]
JESS-8.9:Ge:54448:3,54448,3,12,2,2,numeric_as_tabulated,mol dm-3,Instructions default,KCl,as_tabulated; consult notes,water unless otherwise specified in source,1 bar / 1 atm unless explicitly specified (source ambiguity retained),lgK,9.1,log10 equilibrium constant (source concentration/activity convention),=,as_tabulated,,lgK:9.1(2SF),2,SF,significant figures; not an uncertainty interval,3,MGL,19840,literature_measurement_technique,derived classification from source technique; not proof that the tabulated value was directly measured,not independently remeasured; retain source weight and notes,"[""3"", ""12"", ""2"", ""KCl"", ""lgK:9.1(2SF)"", ""3"", ""MGL"", ""19840""]","{""bbox_points"": [60.13150684931506, 269.7, 551.3309589041096, 288.24], ""doi"": ""10.5281/zenodo.7700024"", ""page"": 11, ""source_file"": ""GER.PDF""}",[],[]
JESS-8.9:Ge:54448:4,54448,4,15,0,0,numeric_as_tabulated,mol dm-3,Instructions default,Inf. Dilution,as_tabulated; consult notes,water unless otherwise specified in source,1 bar / 1 atm unless explicitly specified (source ambiguity retained),lgK,8.980,log10 equilibrium constant (source concentration/activity convention),=,as_tabulated,,lgK:8.980(4SF),4,SF,significant figures; not an uncertainty interval,3,MGL,31870,literature_measurement_technique,derived classification from source technique; not proof that the tabulated value was directly measured,not independently remeasured; retain source weight and notes,"[""4"", ""15"", ""0"", ""Inf. Dilution"", ""lgK:8.980(4SF)"", ""3"", ""MGL"", ""31870""]","{""bbox_points"": [60.13150684931506, 288.24, 551.3309589041096, 306.6], ""doi"": ""10.5281/zenodo.7700024"", ""page"": 11, ""source_file"": ""GER.PDF""}",[],[]
JESS-8.9:Ge:54448:5,54448,5,15,0.1998,0.1998,numeric_as_tabulated,mol dm-3,Instructions default,KCl,as_tabulated; consult notes,water unless otherwise specified in source,1 bar / 1 atm unless explicitly specified (source ambiguity retained),lgK,8.880,log10 equilibrium constant (source concentration/activity convention),=,as_tabulated,,lgK:8.880(4SF),4,SF,significant figures; not an uncertainty interval,3,MGL,31870,literature_measurement_technique,derived classification from source technique; not proof that the tabulated value was directly measured,not independently remeasured; retain source weight and notes,"[""5"", ""15"", ""0.1998"", ""KCl"", ""lgK:8.880(4SF)"", ""3"", ""MGL"", ""31870""]","{""bbox_points"": [60.13150684931506, 306.6, 551.3309589041096, 324.96000000000004], ""doi"": ""10.5281/zenodo.7700024"", ""page"": 11, ""source_file"": ""GER.PDF""}",[],[]
JESS-8.9:Ge:54448:6,54448,6,15,0.316,0.316,numeric_as_tabulated,mol dm-3,Instructions default,KCl,as_tabulated; consult notes,water unless otherwise specified in source,1 bar / 1 atm unless explicitly specified (source ambiguity retained),lgK,8.864,log10 equilibrium constant (source concentration/activity convention),=,as_tabulated,,lgK:8.864(4SF),4,SF,significant figures; not an uncertainty interval,3,MGL,31870,literature_measurement_technique,derived classification from source technique; not proof that the tabulated value was directly measured,not independently remeasured; retain source weight and notes,"[""6"", ""15"", ""0.316"", ""KCl"", ""lgK:8.864(4SF)"", ""3"", ""MGL"", ""31870""]","{""bbox_points"": [60.13150684931506, 324.96000000000004, 551.3309589041096, 343.38], ""doi"": ""10.5281/zenodo.7700024"", ""page"": 11, ""source_file"": ""GER.PDF""}",[],[]
JESS-8.9:Ge:54448:7,54448,7,18,0,0,numeric_as_tabulated,mol dm-3,Instructions default,Self Medium,as_tabulated; consult notes,water unless otherwise specified in source,1 bar / 1 atm unless explicitly specified (source ambiguity retained),lgK,6.92,log10 equilibrium constant (source concentration/activity convention),=,as_tabulated,,lgK:6.92(3SF),3,SF,significant figures; not an uncertainty interval,0,MCN,31960,literature_measurement_technique,derived classification from source technique; not proof that the tabulated value was directly measured,not independently remeasured; retain source weight and notes,"[""7"", ""18"", ""0"", ""Self Medium"", ""lgK:6.92(3SF)"", ""0"", ""MCN"", ""31960""]","{""bbox_points"": [60.13150684931506, 343.38, 551.3309589041096, 361.74], ""doi"": ""10.5281/zenodo.7700024"", ""page"": 11, ""source_file"": ""GER.PDF""}",[],[]
JESS-8.9:Ge:54448:8,54448,8,18,0.5,0.5,numeric_as_tabulated,mol dm-3,Instructions default,Na2SO4,as_tabulated; consult notes,water unless otherwise specified in source,1 bar / 1 atm unless explicitly specified (source ambiguity retained),lgK,9.1,log10 equilibrium constant (source concentration/activity convention),=,as_tabulated,,lgK:9.1(2SF),2,SF,significant figures; not an uncertainty interval,3,MGL,31966,literature_measurement_technique,derived classification from source technique; not proof that the tabulated value was directly measured,not independently remeasured; retain source weight and notes,"[""8"", ""18"", ""0.5"", ""Na2SO4"", ""lgK:9.1(2SF)"", ""3"", ""MGL"", ""31966""]","{""bbox_points"": [60.13150684931506, 361.74, 551.3309589041096, 380.16], ""doi"": ""10.5281/zenodo.7700024"", ""page"": 11, ""source_file"": ""GER.PDF""}",[],[]
JESS-8.9:Ge:54448:9,54448,9,18,,,not_reported,,missing,,as_tabulated; consult notes,water unless otherwise specified in source,1 bar / 1 atm unless explicitly specified (source ambiguity retained),lgK,6.92,log10 equilibrium constant (source concentration/activity convention),=,as_tabulated,,lgK:6.92(3SF),3,SF,significant figures; not an uncertainty interval,0,MCN,140,literature_measurement_technique,derived classification from source technique; not proof that the tabulated value was directly measured,not independently remeasured; retain source weight and notes,"[""9"", ""18"", """", """", ""lgK:6.92(3SF)"", ""0"", ""MCN"", ""140""]","{""bbox_points"": [60.13150684931506, 380.16, 551.3309589041096, 398.52], ""doi"": ""10.5281/zenodo.7700024"", ""page"": 11, ""source_file"": ""GER.PDF""}",[],[]
JESS-8.9:Ge:54448:10,54448,10,20,0,0,numeric_as_tabulated,mol dm-3,Instructions default,Inf. Dilution,as_tabulated; consult notes,water unless otherwise specified in source,1 bar / 1 atm unless explicitly specified (source ambiguity retained),lgK,8.920,log10 equilibrium constant (source concentration/activity convention),=,as_tabulated,,lgK:8.920(4SF),4,SF,significant figures; not an uncertainty interval,3,MGL,31870,literature_measurement_technique,derived classification from source technique; not proof that the tabulated value was directly measured,not independently remeasured; retain source weight and notes,"[""10"", ""20"", ""0"", ""Inf. Dilution"", ""lgK:8.920(4SF)"", ""3"", ""MGL"", ""31870""]","{""bbox_points"": [60.13150684931506, 398.52, 551.3309589041096, 417.0], ""doi"": ""10.5281/zenodo.7700024"", ""page"": 11, ""source_file"": ""GER.PDF""}",[],[]
JESS-8.9:Ge:54448:11,54448,11,20,0,0,numeric_as_tabulated,mol dm-3,Instructions default,Unknown,as_tabulated; consult notes,water unless otherwise specified in source,1 bar / 1 atm unless explicitly specified (source ambiguity retained),lgK,7.30,log10 equilibrium constant (source concentration/activity convention),=,as_tabulated,,lgK:7.30(3SF),3,SF,significant figures; not an uncertainty interval,0,MCN,31869,literature_measurement_technique,derived classification from source technique; not proof that the tabulated value was directly measured,not independently remeasured; retain source weight and notes,"[""11"", ""20"", ""0"", ""Unknown"", ""lgK:7.30(3SF)"", ""0"", ""MCN"", ""31869""]","{""bbox_points"": [60.13150684931506, 417.0, 551.3309589041096, 435.42], ""doi"": ""10.5281/zenodo.7700024"", ""page"": 11, ""source_file"": ""GER.PDF""}",[],[]
JESS-8.9:Ge:54448:12,54448,12,20,0,0,numeric_as_tabulated,mol dm-3,Instructions default,Unknown,as_tabulated; consult notes,water unless otherwise specified in source,1 bar / 1 atm unless explicitly specified (source ambiguity retained),lgK,8.6,log10 equilibrium constant (source concentration/activity convention),=,as_tabulated,,lgK:8.6(2SF),2,SF,significant figures; not an uncertainty interval,1,MHY,31972,literature_measurement_technique,derived classification from source technique; not proof that the tabulated value was directly measured,not independently remeasured; retain source weight and notes,"[""12"", ""20"", ""0"", ""Unknown"", ""lgK:8.6(2SF)"", ""1"", ""MHY"", ""31972""]","{""bbox_points"": [60.13150684931506, 435.42, 551.3309589041096, 453.78000000000003], ""doi"": ""10.5281/zenodo.7700024"", ""page"": 11, ""source_file"": ""GER.PDF""}",[],[]
JESS-8.9:Ge:54448:13,54448,13,20,0.1,0.1,numeric_as_tabulated,mol dm-3,Instructions default,KNO3,as_tabulated; consult notes,water unless otherwise specified in source,1 bar / 1 atm unless explicitly specified (source ambiguity retained),lgK,9.27,log10 equilibrium constant (source concentration/activity convention),=,as_tabulated,,lgK:9.27(3SF),3,SF,significant figures; not an uncertainty interval,4,MGL,31905,literature_measurement_technique,derived classification from source technique; not proof that the tabulated value was directly measured,not independently remeasured; retain source weight and notes,"[""13"", ""20"", ""0.1"", ""KNO3"", ""lgK:9.27(3SF)"", ""4"", ""MGL"", ""31905""]","{""bbox_points"": [60.13150684931506, 453.78000000000003, 551.3309589041096, 472.20000000000005], ""doi"": ""10.5281/zenodo.7700024"", ""page"": 11, ""source_file"": ""GER.PDF""}",[],[]
JESS-8.9:Ge:54448:14,54448,14,20,0.6318,0.6318,numeric_as_tabulated,mol dm-3,Instructions default,KCl,as_tabulated; consult notes,water unless otherwise specified in source,1 bar / 1 atm unless explicitly specified (source ambiguity retained),lgK,8.635,log10 equilibrium constant (source concentration/activity convention),=,as_tabulated,,lgK:8.635(4SF),4,SF,significant figures; not an uncertainty interval,3,MGL,31870,literature_measurement_technique,derived classification from source technique; not proof that the tabulated value was directly measured,not independently remeasured; retain source weight and notes,"[""14"", ""20"", ""0.6318"", ""KCl"", ""lgK:8.635(4SF)"", ""3"", ""MGL"", ""31870""]","{""bbox_points"": [60.13150684931506, 472.20000000000005, 551.3309589041096, 490.56], ""doi"": ""10.5281/zenodo.7700024"", ""page"": 11, ""source_file"": ""GER.PDF""}",[],[]
JESS-8.9:Ge:54448:15,54448,15,20,,,not_reported,,missing,,as_tabulated; consult notes,water unless otherwise specified in source,1 bar / 1 atm unless explicitly specified (source ambiguity retained),lgK,7.30,log10 equilibrium constant (source concentration/activity convention),=,as_tabulated,,lgK:7.30(3SF),3,SF,significant figures; not an uncertainty interval,0,MCN,140,literature_measurement_technique,derived classification from source technique; not proof that the tabulated value was directly measured,not independently remeasured; retain source weight and notes,"[""15"", ""20"", """", """", ""lgK:7.30(3SF)"", ""0"", ""MCN"", ""140""]","{""bbox_points"": [60.13150684931506, 490.56, 551.3309589041096, 508.92], ""doi"": ""10.5281/zenodo.7700024"", ""page"": 11, ""source_file"": ""GER.PDF""}",[],[]
JESS-8.9:Ge:54448:16,54448,16,20,,,not_reported,,missing,,as_tabulated; consult notes,water unless otherwise specified in source,1 bar / 1 atm unless explicitly specified (source ambiguity retained),lgK,8.59,log10 equilibrium constant (source concentration/activity convention),=,as_tabulated,,lgK:8.59(3SF),3,SF,significant figures; not an uncertainty interval,0,MHY,140,literature_measurement_technique,derived classification from source technique; not proof that the tabulated value was directly measured,not independently remeasured; retain source weight and notes,"[""16"", ""20"", """", """", ""lgK:8.59(3SF)"", ""0"", ""MHY"", ""140""]","{""bbox_points"": [60.13150684931506, 508.92, 551.3309589041096, 527.46], ""doi"": ""10.5281/zenodo.7700024"", ""page"": 11, ""source_file"": ""GER.PDF""}",[],[]
JESS-8.9:Ge:54448:17,54448,17,21,0,0,numeric_as_tabulated,mol dm-3,Instructions default,Inf. Dilution,as_tabulated; consult notes,water unless otherwise specified in source,1 bar / 1 atm unless explicitly specified (source ambiguity retained),lgK,9.37,log10 equilibrium constant (source concentration/activity convention),=,as_tabulated,,lgK:9.37(3SF),3,SF,significant figures; not an uncertainty interval,5,MGL,8763,literature_measurement_technique,derived classification from source technique; not proof that the tabulated value was directly measured,not independently remeasured; retain source weight and notes,"[""17"", ""21"", ""0"", ""Inf. Dilution"", ""lgK:9.37(3SF)"", ""5"", ""MGL"", ""8763""]","{""bbox_points"": [60.13150684931506, 527.46, 551.3309589041096, 545.88], ""doi"": ""10.5281/zenodo.7700024"", ""page"": 11, ""source_file"": ""GER.PDF""}",[],[]
JESS-8.9:Ge:54448:18,54448,18,25,0,0,numeric_as_tabulated,mol dm-3,Instructions default,Inf. Dilution,as_tabulated; consult notes,water unless otherwise specified in source,1 bar / 1 atm unless explicitly specified (source ambiguity retained),lgK,9.4,log10 equilibrium constant (source concentration/activity convention),=,as_tabulated,,lgK:9.4(2SF),2,SF,significant figures; not an uncertainty interval,1,ELC,,calculated_or_compiled,derived classification from source technique; not proof that the tabulated value was directly measured,not independently remeasured; retain source weight and notes,"[""18"", ""25"", ""0"", ""Inf. Dilution"", ""lgK:9.4(2SF)"", ""1"", ""ELC"", """"]","{""bbox_points"": [60.13150684931506, 545.88, 551.3309589041096, 564.24], ""doi"": ""10.5281/zenodo.7700024"", ""page"": 11, ""source_file"": ""GER.PDF""}",[],[]
JESS-8.9:Ge:54448:19,54448,19,25,0,0,numeric_as_tabulated,mol dm-3,Instructions default,Inf. Dilution,as_tabulated; consult notes,water unless otherwise specified in source,1 bar / 1 atm unless explicitly specified (source ambiguity retained),lgK,9.0,log10 equilibrium constant (source concentration/activity convention),=,as_tabulated,,lgK:9.0(2SF),2,SF,significant figures; not an uncertainty interval,0,MCN,140,literature_measurement_technique,derived classification from source technique; not proof that the tabulated value was directly measured,not independently remeasured; retain source weight and notes,"[""19"", ""25"", ""0"", ""Inf. Dilution"", ""lgK:9.0(2SF)"", ""0"", ""MCN"", ""140""]","{""bbox_points"": [60.13150684931506, 564.24, 551.3309589041096, 582.6], ""doi"": ""10.5281/zenodo.7700024"", ""page"": 11, ""source_file"": ""GER.PDF""}",[],[]
JESS-8.9:Ge:54448:20,54448,20,25,0,0,numeric_as_tabulated,mol dm-3,Instructions default,Inf. Dilution,as_tabulated; consult notes,water unless otherwise specified in source,1 bar / 1 atm unless explicitly specified (source ambiguity retained),lgK,9.4,log10 equilibrium constant (source concentration/activity convention),=,as_tabulated,,lgK:9.4(2SF),2,SF,significant figures; not an uncertainty interval,0,MCO,140,literature_measurement_technique,derived classification from source technique; not proof that the tabulated value was directly measured,not independently remeasured; retain source weight and notes,"[""20"", ""25"", ""0"", ""Inf. Dilution"", ""lgK:9.4(2SF)"", ""0"", ""MCO"", ""140""]","{""bbox_points"": [60.13150684931506, 582.6, 551.3309589041096, 601.02], ""doi"": ""10.5281/zenodo.7700024"", ""page"": 11, ""source_file"": ""GER.PDF""}",[],[]
JESS-8.9:Ge:54448:21,54448,21,25,0,0,numeric_as_tabulated,mol dm-3,Instructions default,Inf. Dilution,as_tabulated; consult notes,water unless otherwise specified in source,1 bar / 1 atm unless explicitly specified (source ambiguity retained),lgK,8.82,log10 equilibrium constant (source concentration/activity convention),=,as_tabulated,,lgK:8.82(3SF),3,SF,significant figures; not an uncertainty interval,0,MDG,140,calculated_or_compiled,derived classification from source technique; not proof that the tabulated value was directly measured,not independently remeasured; retain source weight and notes,"[""21"", ""25"", ""0"", ""Inf. Dilution"", ""lgK:8.82(3SF)"", ""0"", ""MDG"", ""140""]","{""bbox_points"": [60.13150684931506, 601.02, 551.3309589041096, 619.3800000000001], ""doi"": ""10.5281/zenodo.7700024"", ""page"": 11, ""source_file"": ""GER.PDF""}",[],[]
JESS-8.9:Ge:54448:22,54448,22,25,0,0,numeric_as_tabulated,mol dm-3,Instructions default,Inf. Dilution,as_tabulated; consult notes,water unless otherwise specified in source,1 bar / 1 atm unless explicitly specified (source ambiguity retained),lgK,9.3,log10 equilibrium constant (source concentration/activity convention),=,as_tabulated,,lgK:9.3(0.2SD),0.2,SD,standard deviation as reported,5,CRV,403,calculated_or_compiled,derived classification from source technique; not proof that the tabulated value was directly measured,not independently remeasured; retain source weight and notes,"[""22"", ""25"", ""0"", ""Inf. Dilution"", ""lgK:9.3(0.2SD)"", ""5"", ""CRV"", ""403""]","{""bbox_points"": [60.13150684931506, 619.3800000000001, 551.3309589041096, 637.8000000000001], ""doi"": ""10.5281/zenodo.7700024"", ""page"": 11, ""source_file"": ""GER.PDF""}",[],[]
JESS-8.9:Ge:54448:23,54448,23,25,0,0,numeric_as_tabulated,mol dm-3,Instructions default,Inf. Dilution,as_tabulated; consult notes,water unless otherwise specified in source,1 bar / 1 atm unless explicitly specified (source ambiguity retained),lgK,9.01,log10 equilibrium constant (source concentration/activity convention),=,as_tabulated,,lgK:9.01(3SF),3,SF,significant figures; not an uncertainty interval,0,CRV,6330,calculated_or_compiled,derived classification from source technique; not proof that the tabulated value was directly measured,not independently remeasured; retain source weight and notes,"[""23"", ""25"", ""0"", ""Inf. Dilution"", ""lgK:9.01(3SF)"", ""0"", ""CRV"", ""6330""]","{""bbox_points"": [60.13150684931506, 637.8000000000001, 551.3309589041096, 656.2800000000001], ""doi"": ""10.5281/zenodo.7700024"", ""page"": 11, ""source_file"": ""GER.PDF""}",[],[]
JESS-8.9:Ge:54448:24,54448,24,25,0,0,numeric_as_tabulated,mol dm-3,Instructions default,Inf. Dilution,as_tabulated; consult notes,water unless otherwise specified in source,1 bar / 1 atm unless explicitly specified (source ambiguity retained),lgK,8.59,log10 equilibrium constant (source concentration/activity convention),=,as_tabulated,,lgK:8.59(3SF),3,SF,significant figures; not an uncertainty interval,0,ENS,7276,unspecified,derived classification from source technique; not proof that the tabulated value was directly measured,not independently remeasured; retain source weight and notes,"[""24"", ""25"", ""0"", ""Inf. Dilution"", ""lgK:8.59(3SF)"", ""0"", ""ENS"", ""7276""]","{""bbox_points"": [60.13150684931506, 656.2800000000001, 551.3309589041096, 674.64], ""doi"": ""10.5281/zenodo.7700024"", ""page"": 11, ""source_file"": ""GER.PDF""}",[],[]
JESS-8.9:Ge:54448:25,54448,25,25,0,0,numeric_as_tabulated,mol dm-3,Instructions default,Inf. Dilution,as_tabulated; consult notes,water unless otherwise specified in source,1 bar / 1 atm unless explicitly specified (source ambiguity retained),lgK,9.32,log10 equilibrium constant (source concentration/activity convention),=,as_tabulated,,lgK:9.32(3SF),3,SF,significant figures; not an uncertainty interval,5,MGL,8763,literature_measurement_technique,derived classification from source technique; not proof that the tabulated value was directly measured,not independently remeasured; retain source weight and notes,"[""25"", ""25"", ""0"", ""Inf. Dilution"", ""lgK:9.32(3SF)"", ""5"", ""MGL"", ""8763""]","{""bbox_points"": [60.13150684931506, 674.64, 551.3309589041096, 693.06], ""doi"": ""10.5281/zenodo.7700024"", ""page"": 11, ""source_file"": ""GER.PDF""}",[],[]
JESS-8.9:Ge:54448:26,54448,26,25,0,0,numeric_as_tabulated,mol dm-3,Instructions default,Inf. Dilution,as_tabulated; consult notes,water unless otherwise specified in source,1 bar / 1 atm unless explicitly specified (source ambiguity retained),lgK,8.730,log10 equilibrium constant (source concentration/activity convention),=,as_tabulated,,lgK:8.730(4SF),4,SF,significant figures; not an uncertainty interval,3,MGL,31870,literature_measurement_technique,derived classification from source technique; not proof that the tabulated value was directly measured,not independently remeasured; retain source weight and notes,"[""26"", ""25"", ""0"", ""Inf. Dilution"", ""lgK:8.730(4SF)"", ""3"", ""MGL"", ""31870""]","{""bbox_points"": [60.13150684931506, 693.06, 551.3309589041096, 711.4200000000001], ""doi"": ""10.5281/zenodo.7700024"", ""page"": 11, ""source_file"": ""GER.PDF""}",[],[]
JESS-8.9:Ge:54448:27,54448,27,25,0,0,numeric_as_tabulated,mol dm-3,Instructions default,Self Medium,as_tabulated; consult notes,water unless otherwise specified in source,1 bar / 1 atm unless explicitly specified (source ambiguity retained),lgK,11.6,log10 equilibrium constant (source concentration/activity convention),=,as_tabulated,,lgK:11.6(3SF),3,SF,significant figures; not an uncertainty interval,0,MCN,31971,literature_measurement_technique,derived classification from source technique; not proof that the tabulated value was directly measured,not independently remeasured; retain source weight and notes,"[""27"", ""25"", ""0"", ""Self Medium"", ""lgK:11.6(3SF)"", ""0"", ""MCN"", ""31971""]","{""bbox_points"": [60.11999999999999, 53.579999999999984, 551.3399999999999, 72.12], ""doi"": ""10.5281/zenodo.7700024"", ""page"": 12, ""source_file"": ""GER.PDF""}",[],[]
JESS-8.9:Ge:54448:28,54448,28,25,0,0,numeric_as_tabulated,mol dm-3,Instructions default,Unknown,as_tabulated; consult notes,water unless otherwise specified in source,1 bar / 1 atm unless explicitly specified (source ambiguity retained),lgK,8.8,log10 equilibrium constant (source concentration/activity convention),=,as_tabulated,,lgK:8.8(2SF),2,SF,significant figures; not an uncertainty interval,1,MCN,18662,literature_measurement_technique,derived classification from source technique; not proof that the tabulated value was directly measured,not independently remeasured; retain source weight and notes,"[""28"", ""25"", ""0"", ""Unknown"", ""lgK:8.8(2SF)"", ""1"", ""MCN"", ""18662""]","{""bbox_points"": [60.11999999999999, 72.12, 551.3399999999999, 90.48000000000002], ""doi"": ""10.5281/zenodo.7700024"", ""page"": 12, ""source_file"": ""GER.PDF""}","[{""page"": 12, ""text"": ""Note (28): Average of MCN and colorimetric measurements""}]",[]
JESS-8.9:Ge:54448:29,54448,29,25,0.0102,0.0102,numeric_as_tabulated,mol dm-3,Instructions default,KCl,as_tabulated; consult notes,water unless otherwise specified in source,1 bar / 1 atm unless explicitly specified (source ambiguity retained),lgK,8.722,log10 equilibrium constant (source concentration/activity convention),=,as_tabulated,,lgK:8.722(4SF),4,SF,significant figures; not an uncertainty interval,3,MGL,31870,literature_measurement_technique,derived classification from source technique; not proof that the tabulated value was directly measured,not independently remeasured; retain source weight and notes,"[""29"", ""25"", ""0.0102"", ""KCl"", ""lgK:8.722(4SF)"", ""3"", ""MGL"", ""31870""]","{""bbox_points"": [60.11999999999999, 108.84000000000003, 551.3399999999999, 127.26000000000005], ""doi"": ""10.5281/zenodo.7700024"", ""page"": 12, ""source_file"": ""GER.PDF""}",[],[]
JESS-8.9:Ge:54448:30,54448,30,25,0.1,0.1,numeric_as_tabulated,mol dm-3,Instructions default,KCl,as_tabulated; consult notes,water unless otherwise specified in source,1 bar / 1 atm unless explicitly specified (source ambiguity retained),lgK,9.26,log10 equilibrium constant (source concentration/activity convention),=,as_tabulated,,lgK:9.26(0.03SD),0.03,SD,standard deviation as reported,5,MGL,31907,literature_measurement_technique,derived classification from source technique; not proof that the tabulated value was directly measured,not independently remeasured; retain source weight and notes,"[""30"", ""25"", ""0.1"", ""KCl"", ""lgK:9.26(0.03SD)"", ""5"", ""MGL"", ""31907""]","{""bbox_points"": [60.11999999999999, 127.26000000000005, 551.3399999999999, 145.62000000000006], ""doi"": ""10.5281/zenodo.7700024"", ""page"": 12, ""source_file"": ""GER.PDF""}",[],[]
JESS-8.9:Ge:54448:31,54448,31,25,0.1,0.1,numeric_as_tabulated,mol dm-3,Instructions default,NaClO4,as_tabulated; consult notes,water unless otherwise specified in source,1 bar / 1 atm unless explicitly specified (source ambiguity retained),lgK,9.16,log10 equilibrium constant (source concentration/activity convention),=,as_tabulated,,lgK:9.16(0.01SD),0.01,SD,standard deviation as reported,5,MGL,9211,literature_measurement_technique,derived classification from source technique; not proof that the tabulated value was directly measured,not independently remeasured; retain source weight and notes,"[""31"", ""25"", ""0.1"", ""NaClO4"", ""lgK:9.16(0.01SD)"", ""5"", ""MGL"", ""9211""]","{""bbox_points"": [60.11999999999999, 145.62000000000006, 551.3399999999999, 164.04000000000002], ""doi"": ""10.5281/zenodo.7700024"", ""page"": 12, ""source_file"": ""GER.PDF""}",[],[]
JESS-8.9:Ge:54448:32,54448,32,25,0.1751,0.1751,numeric_as_tabulated,mol dm-3,Instructions default,KCl,as_tabulated; consult notes,water unless otherwise specified in source,1 bar / 1 atm unless explicitly specified (source ambiguity retained),lgK,8.632,log10 equilibrium constant (source concentration/activity convention),=,as_tabulated,,lgK:8.632(4SF),4,SF,significant figures; not an uncertainty interval,3,MGL,31870,literature_measurement_technique,derived classification from source technique; not proof that the tabulated value was directly measured,not independently remeasured; retain source weight and notes,"[""32"", ""25"", ""0.1751"", ""KCl"", ""lgK:8.632(4SF)"", ""3"", ""MGL"", ""31870""]","{""bbox_points"": [60.11999999999999, 164.04000000000002, 551.3399999999999, 182.51999999999998], ""doi"": ""10.5281/zenodo.7700024"", ""page"": 12, ""source_file"": ""GER.PDF""}",[],[]
JESS-8.9:Ge:54448:33,54448,33,25,0.4558,0.4558,numeric_as_tabulated,mol dm-3,Instructions default,KCl,as_tabulated; consult notes,water unless otherwise specified in source,1 bar / 1 atm unless explicitly specified (source ambiguity retained),lgK,8.526,log10 equilibrium constant (source concentration/activity convention),=,as_tabulated,,lgK:8.526(4SF),4,SF,significant figures; not an uncertainty interval,3,MGL,31870,literature_measurement_technique,derived classification from source technique; not proof that the tabulated value was directly measured,not independently remeasured; retain source weight and notes,"[""33"", ""25"", ""0.4558"", ""KCl"", ""lgK:8.526(4SF)"", ""3"", ""MGL"", ""31870""]","{""bbox_points"": [60.11999999999999, 182.51999999999998, 551.3399999999999, 200.88], ""doi"": ""10.5281/zenodo.7700024"", ""page"": 12, ""source_file"": ""GER.PDF""}",[],[]
JESS-8.9:Ge:54448:34,54448,34,25,0.65,0.65,numeric_as_tabulated,mol dm-3,Instructions default,KCl,as_tabulated; consult notes,water unless otherwise specified in source,1 bar / 1 atm unless explicitly specified (source ambiguity retained),lgK,8.563,log10 equilibrium constant (source concentration/activity convention),=,as_tabulated,,lgK:8.563(4SF),4,SF,significant figures; not an uncertainty interval,3,MGL,31870,literature_measurement_technique,derived classification from source technique; not proof that the tabulated value was directly measured,not independently remeasured; retain source weight and notes,"[""34"", ""25"", ""0.65"", ""KCl"", ""lgK:8.563(4SF)"", ""3"", ""MGL"", ""31870""]","{""bbox_points"": [60.11999999999999, 200.88, 551.3399999999999, 219.3], ""doi"": ""10.5281/zenodo.7700024"", ""page"": 12, ""source_file"": ""GER.PDF""}",[],[]
JESS-8.9:Ge:54448:35,54448,35,25,0.9998,0.9998,numeric_as_tabulated,mol dm-3,Instructions default,KCl,as_tabulated; consult notes,water unless otherwise specified in source,1 bar / 1 atm unless explicitly specified (source ambiguity retained),lgK,8.571,log10 equilibrium constant (source concentration/activity convention),=,as_tabulated,,lgK:8.571(4SF),4,SF,significant figures; not an uncertainty interval,3,MGL,31870,literature_measurement_technique,derived classification from source technique; not proof that the tabulated value was directly measured,not independently remeasured; retain source weight and notes,"[""35"", ""25"", ""0.9998"", ""KCl"", ""lgK:8.571(4SF)"", ""3"", ""MGL"", ""31870""]","{""bbox_points"": [60.11999999999999, 219.3, 551.3399999999999, 237.66000000000003], ""doi"": ""10.5281/zenodo.7700024"", ""page"": 12, ""source_file"": ""GER.PDF""}",[],[]
JESS-8.9:Ge:54448:36,54448,36,25,1.231,1.231,numeric_as_tabulated,mol dm-3,Instructions default,KCl,as_tabulated; consult notes,water unless otherwise specified in source,1 bar / 1 atm unless explicitly specified (source ambiguity retained),lgK,8.751,log10 equilibrium constant (source concentration/activity convention),=,as_tabulated,,lgK:8.751(4SF),4,SF,significant figures; not an uncertainty interval,3,MGL,31870,literature_measurement_technique,derived classification from source technique; not proof that the tabulated value was directly measured,not independently remeasured; retain source weight and notes,"[""36"", ""25"", ""1.231"", ""KCl"", ""lgK:8.751(4SF)"", ""3"", ""MGL"", ""31870""]","{""bbox_points"": [60.11999999999999, 237.66000000000003, 551.3399999999999, 256.08000000000004], ""doi"": ""10.5281/zenodo.7700024"", ""page"": 12, ""source_file"": ""GER.PDF""}",[],[]
JESS-8.9:Ge:54448:37,54448,37,25,,,not_reported,,missing,,as_tabulated; consult notes,water unless otherwise specified in source,1 bar / 1 atm unless explicitly specified (source ambiguity retained),lgK,8.75,log10 equilibrium constant (source concentration/activity convention),=,as_tabulated,,lgK:8.75(3SF),3,SF,significant figures; not an uncertainty interval,0,MCN,140,literature_measurement_technique,derived classification from source technique; not proof that the tabulated value was directly measured,not independently remeasured; retain source weight and notes,"[""37"", ""25"", """", """", ""lgK:8.75(3SF)"", ""0"", ""MCN"", ""140""]","{""bbox_points"": [60.11999999999999, 256.08000000000004, 551.3399999999999, 274.44000000000005], ""doi"": ""10.5281/zenodo.7700024"", ""page"": 12, ""source_file"": ""GER.PDF""}",[],[]
JESS-8.9:Ge:54448:38,54448,38,30,0,0,numeric_as_tabulated,mol dm-3,Instructions default,Inf. Dilution,as_tabulated; consult notes,water unless otherwise specified in source,1 bar / 1 atm unless explicitly specified (source ambiguity retained),lgK,8.615,log10 equilibrium constant (source concentration/activity convention),=,as_tabulated,,lgK:8.615(4SF),4,SF,significant figures; not an uncertainty interval,3,MGL,31870,literature_measurement_technique,derived classification from source technique; not proof that the tabulated value was directly measured,not independently remeasured; retain source weight and notes,"[""38"", ""30"", ""0"", ""Inf. Dilution"", ""lgK:8.615(4SF)"", ""3"", ""MGL"", ""31870""]","{""bbox_points"": [60.11999999999999, 274.44000000000005, 551.3399999999999, 292.8], ""doi"": ""10.5281/zenodo.7700024"", ""page"": 12, ""source_file"": ""GER.PDF""}",[],[]
JESS-8.9:Ge:54448:39,54448,39,30,0.06352,0.06352,numeric_as_tabulated,mol dm-3,Instructions default,KCl,as_tabulated; consult notes,water unless otherwise specified in source,1 bar / 1 atm unless explicitly specified (source ambiguity retained),lgK,8.378,log10 equilibrium constant (source concentration/activity convention),=,as_tabulated,,lgK:8.378(4SF),4,SF,significant figures; not an uncertainty interval,3,MGL,31870,literature_measurement_technique,derived classification from source technique; not proof that the tabulated value was directly measured,not independently remeasured; retain source weight and notes,"[""39"", ""30"", ""0.06352"", ""KCl"", ""lgK:8.378(4SF)"", ""3"", ""MGL"", ""31870""]","{""bbox_points"": [60.11999999999999, 292.8, 551.3399999999999, 311.34000000000003], ""doi"": ""10.5281/zenodo.7700024"", ""page"": 12, ""source_file"": ""GER.PDF""}",[],[]
JESS-8.9:Ge:54448:40,54448,40,31,0,0,numeric_as_tabulated,mol dm-3,Instructions default,Inf. Dilution,as_tabulated; consult notes,water unless otherwise specified in source,1 bar / 1 atm unless explicitly specified (source ambiguity retained),lgK,9.26,log10 equilibrium constant (source concentration/activity convention),=,as_tabulated,,lgK:9.26(3SF),3,SF,significant figures; not an uncertainty interval,5,MGL,8763,literature_measurement_technique,derived classification from source technique; not proof that the tabulated value was directly measured,not independently remeasured; retain source weight and notes,"[""40"", ""31"", ""0"", ""Inf. Dilution"", ""lgK:9.26(3SF)"", ""5"", ""MGL"", ""8763""]","{""bbox_points"": [60.11999999999999, 311.34000000000003, 551.3399999999999, 329.70000000000005], ""doi"": ""10.5281/zenodo.7700024"", ""page"": 12, ""source_file"": ""GER.PDF""}",[],[]
JESS-8.9:Ge:54448:41,54448,41,35,0,0,numeric_as_tabulated,mol dm-3,Instructions default,Inf. Dilution,as_tabulated; consult notes,water unless otherwise specified in source,1 bar / 1 atm unless explicitly specified (source ambiguity retained),lgK,8.450,log10 equilibrium constant (source concentration/activity convention),=,as_tabulated,,lgK:8.450(4SF),4,SF,significant figures; not an uncertainty interval,3,MGL,31870,literature_measurement_technique,derived classification from source technique; not proof that the tabulated value was directly measured,not independently remeasured; retain source weight and notes,"[""41"", ""35"", ""0"", ""Inf. Dilution"", ""lgK:8.450(4SF)"", ""3"", ""MGL"", ""31870""]","{""bbox_points"": [60.11999999999999, 329.70000000000005, 551.3399999999999, 348.12], ""doi"": ""10.5281/zenodo.7700024"", ""page"": 12, ""source_file"": ""GER.PDF""}",[],[]
JESS-8.9:Ge:54448:42,54448,42,35,0.1987,0.1987,numeric_as_tabulated,mol dm-3,Instructions default,KCl,as_tabulated; consult notes,water unless otherwise specified in source,1 bar / 1 atm unless explicitly specified (source ambiguity retained),lgK,8.311,log10 equilibrium constant (source concentration/activity convention),=,as_tabulated,,lgK:8.311(4SF),4,SF,significant figures; not an uncertainty interval,3,MGL,31870,literature_measurement_technique,derived classification from source technique; not proof that the tabulated value was directly measured,not independently remeasured; retain source weight and notes,"[""42"", ""35"", ""0.1987"", ""KCl"", ""lgK:8.311(4SF)"", ""3"", ""MGL"", ""31870""]","{""bbox_points"": [60.11999999999999, 348.12, 551.3399999999999, 366.48], ""doi"": ""10.5281/zenodo.7700024"", ""page"": 12, ""source_file"": ""GER.PDF""}",[],[]
JESS-8.9:Ge:54448:43,54448,43,35,0.3158,0.3158,numeric_as_tabulated,mol dm-3,Instructions default,KCl,as_tabulated; consult notes,water unless otherwise specified in source,1 bar / 1 atm unless explicitly specified (source ambiguity retained),lgK,8.204,log10 equilibrium constant (source concentration/activity convention),=,as_tabulated,,lgK:8.204(4SF),4,SF,significant figures; not an uncertainty interval,3,MGL,31870,literature_measurement_technique,derived classification from source technique; not proof that the tabulated value was directly measured,not independently remeasured; retain source weight and notes,"[""43"", ""35"", ""0.3158"", ""KCl"", ""lgK:8.204(4SF)"", ""3"", ""MGL"", ""31870""]","{""bbox_points"": [60.11999999999999, 366.48, 551.3399999999999, 384.84000000000003], ""doi"": ""10.5281/zenodo.7700024"", ""page"": 12, ""source_file"": ""GER.PDF""}",[],[]
JESS-8.9:Ge:54448:44,54448,44,35,0.6363,0.6363,numeric_as_tabulated,mol dm-3,Instructions default,KCl,as_tabulated; consult notes,water unless otherwise specified in source,1 bar / 1 atm unless explicitly specified (source ambiguity retained),lgK,8.208,log10 equilibrium constant (source concentration/activity convention),=,as_tabulated,,lgK:8.208(4SF),4,SF,significant figures; not an uncertainty interval,3,MGL,31870,literature_measurement_technique,derived classification from source technique; not proof that the tabulated value was directly measured,not independently remeasured; retain source weight and notes,"[""44"", ""35"", ""0.6363"", ""KCl"", ""lgK:8.208(4SF)"", ""3"", ""MGL"", ""31870""]","{""bbox_points"": [60.11999999999999, 384.84000000000003, 551.3399999999999, 403.26], ""doi"": ""10.5281/zenodo.7700024"", ""page"": 12, ""source_file"": ""GER.PDF""}",[],[]
JESS-8.9:Ge:54448:45,54448,45,40,0,0,numeric_as_tabulated,mol dm-3,Instructions default,Inf. Dilution,as_tabulated; consult notes,water unless otherwise specified in source,1 bar / 1 atm unless explicitly specified (source ambiguity retained),lgK,8.175,log10 equilibrium constant (source concentration/activity convention),=,as_tabulated,,lgK:8.175(4SF),4,SF,significant figures; not an uncertainty interval,3,MGL,31870,literature_measurement_technique,derived classification from source technique; not proof that the tabulated value was directly measured,not independently remeasured; retain source weight and notes,"[""45"", ""40"", ""0"", ""Inf. Dilution"", ""lgK:8.175(4SF)"", ""3"", ""MGL"", ""31870""]","{""bbox_points"": [60.11999999999999, 403.26, 551.3399999999999, 421.8], ""doi"": ""10.5281/zenodo.7700024"", ""page"": 12, ""source_file"": ""GER.PDF""}",[],[]
JESS-8.9:Ge:54448:46,54448,46,40,0.6296,0.6296,numeric_as_tabulated,mol dm-3,Instructions default,KCl,as_tabulated; consult notes,water unless otherwise specified in source,1 bar / 1 atm unless explicitly specified (source ambiguity retained),lgK,7.827,log10 equilibrium constant (source concentration/activity convention),=,as_tabulated,,lgK:7.827(4SF),4,SF,significant figures; not an uncertainty interval,3,MGL,31870,literature_measurement_technique,derived classification from source technique; not proof that the tabulated value was directly measured,not independently remeasured; retain source weight and notes,"[""46"", ""40"", ""0.6296"", ""KCl"", ""lgK:7.827(4SF)"", ""3"", ""MGL"", ""31870""]","{""bbox_points"": [60.11999999999999, 421.8, 551.3399999999999, 440.16], ""doi"": ""10.5281/zenodo.7700024"", ""page"": 12, ""source_file"": ""GER.PDF""}",[],[]
JESS-8.9:Ge:54448:47,54448,47,40,0.6356,0.6356,numeric_as_tabulated,mol dm-3,Instructions default,KCl,as_tabulated; consult notes,water unless otherwise specified in source,1 bar / 1 atm unless explicitly specified (source ambiguity retained),lgK,7.913,log10 equilibrium constant (source concentration/activity convention),=,as_tabulated,,lgK:7.913(4SF),4,SF,significant figures; not an uncertainty interval,3,MGL,31870,literature_measurement_technique,derived classification from source technique; not proof that the tabulated value was directly measured,not independently remeasured; retain source weight and notes,"[""47"", ""40"", ""0.6356"", ""KCl"", ""lgK:7.913(4SF)"", ""3"", ""MGL"", ""31870""]","{""bbox_points"": [60.11999999999999, 440.16, 551.3399999999999, 458.52], ""doi"": ""10.5281/zenodo.7700024"", ""page"": 12, ""source_file"": ""GER.PDF""}",[],[]
JESS-8.9:Ge:54448:48,54448,48,45,0,0,numeric_as_tabulated,mol dm-3,Instructions default,Inf. Dilution,as_tabulated; consult notes,water unless otherwise specified in source,1 bar / 1 atm unless explicitly specified (source ambiguity retained),lgK,7.900,log10 equilibrium constant (source concentration/activity convention),=,as_tabulated,,lgK:7.900(4SF),4,SF,significant figures; not an uncertainty interval,3,MGL,31870,literature_measurement_technique,derived classification from source technique; not proof that the tabulated value was directly measured,not independently remeasured; retain source weight and notes,"[""48"", ""45"", ""0"", ""Inf. Dilution"", ""lgK:7.900(4SF)"", ""3"", ""MGL"", ""31870""]","{""bbox_points"": [60.11999999999999, 458.52, 551.3399999999999, 476.94], ""doi"": ""10.5281/zenodo.7700024"", ""page"": 12, ""source_file"": ""GER.PDF""}",[],[]
JESS-8.9:Ge:54448:49,54448,49,45,0.199,0.199,numeric_as_tabulated,mol dm-3,Instructions default,KCl,as_tabulated; consult notes,water unless otherwise specified in source,1 bar / 1 atm unless explicitly specified (source ambiguity retained),lgK,7.747,log10 equilibrium constant (source concentration/activity convention),=,as_tabulated,,lgK:7.747(4SF),4,SF,significant figures; not an uncertainty interval,3,MGL,31870,literature_measurement_technique,derived classification from source technique; not proof that the tabulated value was directly measured,not independently remeasured; retain source weight and notes,"[""49"", ""45"", ""0.199"", ""KCl"", ""lgK:7.747(4SF)"", ""3"", ""MGL"", ""31870""]","{""bbox_points"": [60.11999999999999, 476.94, 551.3399999999999, 495.3], ""doi"": ""10.5281/zenodo.7700024"", ""page"": 12, ""source_file"": ""GER.PDF""}",[],[]
JESS-8.9:Ge:54448:50,54448,50,45,0.6291,0.6291,numeric_as_tabulated,mol dm-3,Instructions default,KCl,as_tabulated; consult notes,water unless otherwise specified in source,1 bar / 1 atm unless explicitly specified (source ambiguity retained),lgK,7.650,log10 equilibrium constant (source concentration/activity convention),=,as_tabulated,,lgK:7.650(4SF),4,SF,significant figures; not an uncertainty interval,3,MGL,31870,literature_measurement_technique,derived classification from source technique; not proof that the tabulated value was directly measured,not independently remeasured; retain source weight and notes,"[""50"", ""45"", ""0.6291"", ""KCl"", ""lgK:7.650(4SF)"", ""3"", ""MGL"", ""31870""]","{""bbox_points"": [60.11999999999999, 495.3, 551.3399999999999, 513.72], ""doi"": ""10.5281/zenodo.7700024"", ""page"": 12, ""source_file"": ""GER.PDF""}",[],[]
JESS-8.9:Ge:54448:51,54448,51,45,0.6294,0.6294,numeric_as_tabulated,mol dm-3,Instructions default,KCl,as_tabulated; consult notes,water unless otherwise specified in source,1 bar / 1 atm unless explicitly specified (source ambiguity retained),lgK,7.573,log10 equilibrium constant (source concentration/activity convention),=,as_tabulated,,lgK:7.573(4SF),4,SF,significant figures; not an uncertainty interval,3,MGL,31870,literature_measurement_technique,derived classification from source technique; not proof that the tabulated value was directly measured,not independently remeasured; retain source weight and notes,"[""51"", ""45"", ""0.6294"", ""KCl"", ""lgK:7.573(4SF)"", ""3"", ""MGL"", ""31870""]","{""bbox_points"": [60.11999999999999, 513.72, 551.3399999999999, 532.08], ""doi"": ""10.5281/zenodo.7700024"", ""page"": 12, ""source_file"": ""GER.PDF""}",[],[]
JESS-8.9:Ge:54448:52,54448,52,50,0,0,numeric_as_tabulated,mol dm-3,Instructions default,Inf. Dilution,as_tabulated; consult notes,water unless otherwise specified in source,1 bar / 1 atm unless explicitly specified (source ambiguity retained),lgK,8.92,log10 equilibrium constant (source concentration/activity convention),=,as_tabulated,,lgK:8.92(3SF),3,SF,significant figures; not an uncertainty interval,5,MGL,8763,literature_measurement_technique,derived classification from source technique; not proof that the tabulated value was directly measured,not independently remeasured; retain source weight and notes,"[""52"", ""50"", ""0"", ""Inf. Dilution"", ""lgK:8.92(3SF)"", ""5"", ""MGL"", ""8763""]","{""bbox_points"": [60.11999999999999, 532.08, 551.3399999999999, 550.5600000000001], ""doi"": ""10.5281/zenodo.7700024"", ""page"": 12, ""source_file"": ""GER.PDF""}",[],[]
JESS-8.9:Ge:54448:53,54448,53,60,0,0,numeric_as_tabulated,mol dm-3,Instructions default,Inf. Dilution,as_tabulated; consult notes,water unless otherwise specified in source,1 bar / 1 atm unless explicitly specified (source ambiguity retained),lgK,8.84,log10 equilibrium constant (source concentration/activity convention),=,as_tabulated,,lgK:8.84(3SF),3,SF,significant figures; not an uncertainty interval,5,MGL,8763,literature_measurement_technique,derived classification from source technique; not proof that the tabulated value was directly measured,not independently remeasured; retain source weight and notes,"[""53"", ""60"", ""0"", ""Inf. Dilution"", ""lgK:8.84(3SF)"", ""5"", ""MGL"", ""8763""]","{""bbox_points"": [60.11999999999999, 550.5600000000001, 551.3399999999999, 568.98], ""doi"": ""10.5281/zenodo.7700024"", ""page"": 12, ""source_file"": ""GER.PDF""}",[],[]
JESS-8.9:Ge:54448:54,54448,54,75,0,0,numeric_as_tabulated,mol dm-3,Instructions default,Inf. Dilution,as_tabulated; consult notes,water unless otherwise specified in source,1 bar / 1 atm unless explicitly specified (source ambiguity retained),lgK,8.70,log10 equilibrium constant (source concentration/activity convention),=,as_tabulated,,lgK:8.70(3SF),3,SF,significant figures; not an uncertainty interval,5,MGL,8763,literature_measurement_technique,derived classification from source technique; not proof that the tabulated value was directly measured,not independently remeasured; retain source weight and notes,"[""54"", ""75"", ""0"", ""Inf. Dilution"", ""lgK:8.70(3SF)"", ""5"", ""MGL"", ""8763""]","{""bbox_points"": [60.11999999999999, 568.98, 551.3399999999999, 587.3399999999999], ""doi"": ""10.5281/zenodo.7700024"", ""page"": 12, ""source_file"": ""GER.PDF""}",[],[]
JESS-8.9:Ge:54448:55,54448,55,90,0,0,numeric_as_tabulated,mol dm-3,Instructions default,Inf. Dilution,as_tabulated; consult notes,water unless otherwise specified in source,1 bar / 1 atm unless explicitly specified (source ambiguity retained),lgK,8.65,log10 equilibrium constant (source concentration/activity convention),=,as_tabulated,,lgK:8.65(3SF),3,SF,significant figures; not an uncertainty interval,5,MGL,8763,literature_measurement_technique,derived classification from source technique; not proof that the tabulated value was directly measured,not independently remeasured; retain source weight and notes,"[""55"", ""90"", ""0"", ""Inf. Dilution"", ""lgK:8.65(3SF)"", ""5"", ""MGL"", ""8763""]","{""bbox_points"": [60.11999999999999, 587.3399999999999, 551.3399999999999, 605.76], ""doi"": ""10.5281/zenodo.7700024"", ""page"": 12, ""source_file"": ""GER.PDF""}",[],[]
JESS-8.9:Ge:54448:56,54448,56,90,0,0,numeric_as_tabulated,mol dm-3,Instructions default,Inf. Dilution,as_tabulated; consult notes,water unless otherwise specified in source,1 bar / 1 atm unless explicitly specified (source ambiguity retained),lgK,8.63,log10 equilibrium constant (source concentration/activity convention),=,as_tabulated,,lgK:8.63(3SF),3,SF,significant figures; not an uncertainty interval,5,MSL,8763,literature_measurement_technique,derived classification from source technique; not proof that the tabulated value was directly measured,not independently remeasured; retain source weight and notes,"[""56"", ""90"", ""0"", ""Inf. Dilution"", ""lgK:8.63(3SF)"", ""5"", ""MSL"", ""8763""]","{""bbox_points"": [60.11999999999999, 605.76, 551.3399999999999, 624.12], ""doi"": ""10.5281/zenodo.7700024"", ""page"": 12, ""source_file"": ""GER.PDF""}",[],[]
JESS-8.9:Ge:54448:57,54448,57,100,0,0,numeric_as_tabulated,mol dm-3,Instructions default,Inf. Dilution,as_tabulated; consult notes,water unless otherwise specified in source,1 bar / 1 atm unless explicitly specified (source ambiguity retained),lgK,8.55,log10 equilibrium constant (source concentration/activity convention),=,as_tabulated,,lgK:8.55(3SF),3,SF,significant figures; not an uncertainty interval,5,MGL,8763,literature_measurement_technique,derived classification from source technique; not proof that the tabulated value was directly measured,not independently remeasured; retain source weight and notes,"[""57"", ""100"", ""0"", ""Inf. Dilution"", ""lgK:8.55(3SF)"", ""5"", ""MGL"", ""8763""]","{""bbox_points"": [60.11999999999999, 624.12, 551.3399999999999, 642.48], ""doi"": ""10.5281/zenodo.7700024"", ""page"": 12, ""source_file"": ""GER.PDF""}",[],[]
JESS-8.9:Ge:54448:58,54448,58,125,0,0,numeric_as_tabulated,mol dm-3,Instructions default,Inf. Dilution,as_tabulated; consult notes,water unless otherwise specified in source,1 bar / 1 atm unless explicitly specified (source ambiguity retained),lgK,8.48,log10 equilibrium constant (source concentration/activity convention),=,as_tabulated,,lgK:8.48(3SF),3,SF,significant figures; not an uncertainty interval,5,MGL,8763,literature_measurement_technique,derived classification from source technique; not proof that the tabulated value was directly measured,not independently remeasured; retain source weight and notes,"[""58"", ""125"", ""0"", ""Inf. Dilution"", ""lgK:8.48(3SF)"", ""5"", ""MGL"", ""8763""]","{""bbox_points"": [60.11999999999999, 642.48, 551.3399999999999, 660.9000000000001], ""doi"": ""10.5281/zenodo.7700024"", ""page"": 12, ""source_file"": ""GER.PDF""}",[],[]
JESS-8.9:Ge:54448:59,54448,59,150,0,0,numeric_as_tabulated,mol dm-3,Instructions default,Inf. Dilution,as_tabulated; consult notes,water unless otherwise specified in source,1 bar / 1 atm unless explicitly specified (source ambiguity retained),lgK,8.41,log10 equilibrium constant (source concentration/activity convention),=,as_tabulated,,lgK:8.41(3SF),3,SF,significant figures; not an uncertainty interval,5,MGL,8763,literature_measurement_technique,derived classification from source technique; not proof that the tabulated value was directly measured,not independently remeasured; retain source weight and notes,"[""59"", ""150"", ""0"", ""Inf. Dilution"", ""lgK:8.41(3SF)"", ""5"", ""MGL"", ""8763""]","{""bbox_points"": [60.11999999999999, 660.9000000000001, 551.3399999999999, 679.3800000000001], ""doi"": ""10.5281/zenodo.7700024"", ""page"": 12, ""source_file"": ""GER.PDF""}",[],[]
JESS-8.9:Ge:54448:60,54448,60,175,0,0,numeric_as_tabulated,mol dm-3,Instructions default,Inf. Dilution,as_tabulated; consult notes,water unless otherwise specified in source,1 bar / 1 atm unless explicitly specified (source ambiguity retained),lgK,8.35,log10 equilibrium constant (source concentration/activity convention),=,as_tabulated,,lgK:8.35(3SF),3,SF,significant figures; not an uncertainty interval,5,MGL,8763,literature_measurement_technique,derived classification from source technique; not proof that the tabulated value was directly measured,not independently remeasured; retain source weight and notes,"[""60"", ""175"", ""0"", ""Inf. Dilution"", ""lgK:8.35(3SF)"", ""5"", ""MGL"", ""8763""]","{""bbox_points"": [60.11999999999999, 679.3800000000001, 551.3399999999999, 697.8000000000001], ""doi"": ""10.5281/zenodo.7700024"", ""page"": 12, ""source_file"": ""GER.PDF""}",[],[]
JESS-8.9:Ge:54448:61,54448,61,190,0,0,numeric_as_tabulated,mol dm-3,Instructions default,Inf. Dilution,as_tabulated; consult notes,water unless otherwise specified in source,1 bar / 1 atm unless explicitly specified (source ambiguity retained),lgK,8.34,log10 equilibrium constant (source concentration/activity convention),=,as_tabulated,,lgK:8.34(3SF),3,SF,significant figures; not an uncertainty interval,5,MGL,8763,literature_measurement_technique,derived classification from source technique; not proof that the tabulated value was directly measured,not independently remeasured; retain source weight and notes,"[""61"", ""190"", ""0"", ""Inf. Dilution"", ""lgK:8.34(3SF)"", ""5"", ""MGL"", ""8763""]","{""bbox_points"": [60.11999999999999, 697.8000000000001, 551.3399999999999, 716.16], ""doi"": ""10.5281/zenodo.7700024"", ""page"": 12, ""source_file"": ""GER.PDF""}",[],[]
JESS-8.9:Ge:54448:62,54448,62,200,0,0,numeric_as_tabulated,mol dm-3,Instructions default,Inf. Dilution,as_tabulated; consult notes,water unless otherwise specified in source,1 bar / 1 atm unless explicitly specified (source ambiguity retained),lgK,8.37,log10 equilibrium constant (source concentration/activity convention),=,as_tabulated,,lgK:8.37(3SF),3,SF,significant figures; not an uncertainty interval,5,MGL,8763,literature_measurement_technique,derived classification from source technique; not proof that the tabulated value was directly measured,not independently remeasured; retain source weight and notes,"[""62"", ""200"", ""0"", ""Inf. Dilution"", ""lgK:8.37(3SF)"", ""5"", ""MGL"", ""8763""]","{""bbox_points"": [60.18299999999999, 53.579999999999984, 551.2905, 72.12], ""doi"": ""10.5281/zenodo.7700024"", ""page"": 13, ""source_file"": ""GER.PDF""}",[],[]
JESS-8.9:Ge:54449:1,54449,1,25,0.1,0.1,numeric_as_tabulated,mol dm-3,Instructions default,NaCl,as_tabulated; consult notes,water unless otherwise specified in source,1 bar / 1 atm unless explicitly specified (source ambiguity retained),lgK,-4.3,log10 equilibrium constant (source concentration/activity convention),=,as_tabulated,,lgK:-4.3(2SF),2,SF,significant figures; not an uncertainty interval,4,MGL,140,literature_measurement_technique,derived classification from source technique; not proof that the tabulated value was directly measured,not independently remeasured; retain source weight and notes,"[""1"", ""25"", ""0.1"", ""NaCl"", ""lgK:-4.3(2SF)"", ""4"", ""MGL"", ""140""]","{""bbox_points"": [60.18299999999999, 140.67, 551.2905, 159.36], ""doi"": ""10.5281/zenodo.7700024"", ""page"": 13, ""source_file"": ""GER.PDF""}",[],[]
JESS-8.9:Ge:54450:1,54450,1,25,0.1,0.1,numeric_as_tabulated,mol dm-3,Instructions default,NaCl,as_tabulated; consult notes,water unless otherwise specified in source,1 bar / 1 atm unless explicitly specified (source ambiguity retained),lgK,-3.64,log10 equilibrium constant (source concentration/activity convention),=,as_tabulated,,lgK:-3.64(3SF),3,SF,significant figures; not an uncertainty interval,4,MGL,140,literature_measurement_technique,derived classification from source technique; not proof that the tabulated value was directly measured,not independently remeasured; retain source weight and notes,"[""1"", ""25"", ""0.1"", ""NaCl"", ""lgK:-3.64(3SF)"", ""4"", ""MGL"", ""140""]","{""bbox_points"": [60.18299999999999, 228.0, 551.2905, 246.72000000000003], ""doi"": ""10.5281/zenodo.7700024"", ""page"": 13, ""source_file"": ""GER.PDF""}",[],[]
JESS-8.9:Ge:54451:1,54451,1,25,0.1,0.1,numeric_as_tabulated,mol dm-3,Instructions default,NaOH,as_tabulated; consult notes,water unless otherwise specified in source,1 bar / 1 atm unless explicitly specified (source ambiguity retained),lgK,2.51,log10 equilibrium constant (source concentration/activity convention),=,as_tabulated,,lgK:2.51(3SF),3,SF,significant figures; not an uncertainty interval,4,MSL,8740,literature_measurement_technique,derived classification from source technique; not proof that the tabulated value was directly measured,not independently remeasured; retain source weight and notes,"[""1"", ""25"", ""0.1"", ""NaOH"", ""lgK:2.51(3SF)"", ""4"", ""MSL"", ""8740""]","{""bbox_points"": [60.18299999999999, 315.27, 551.2905, 333.9], ""doi"": ""10.5281/zenodo.7700024"", ""page"": 13, ""source_file"": ""GER.PDF""}",[],[]
JESS-8.9:Ge:54452:1,54452,1,25,0.1,0.1,numeric_as_tabulated,mol dm-3,Instructions default,NaOH,as_tabulated; consult notes,water unless otherwise specified in source,1 bar / 1 atm unless explicitly specified (source ambiguity retained),lgK,2.70,log10 equilibrium constant (source concentration/activity convention),=,as_tabulated,,lgK:2.70(3SF),3,SF,significant figures; not an uncertainty interval,4,MSL,8740,literature_measurement_technique,derived classification from source technique; not proof that the tabulated value was directly measured,not independently remeasured; retain source weight and notes,"[""1"", ""25"", ""0.1"", ""NaOH"", ""lgK:2.70(3SF)"", ""4"", ""MSL"", ""8740""]","{""bbox_points"": [60.18299999999999, 402.63, 551.2905, 421.20000000000005], ""doi"": ""10.5281/zenodo.7700024"", ""page"": 13, ""source_file"": ""GER.PDF""}",[],[]
JESS-8.9:Ge:54487:1,54487,1,25,0.1,0.1,numeric_as_tabulated,mol kg-1,explicit /m medium marker,NaCl/m,as_tabulated; consult notes,water unless otherwise specified in source,1 bar / 1 atm unless explicitly specified (source ambiguity retained),lgK,2.36,log10 equilibrium constant (source concentration/activity convention),=,as_tabulated,,lgK:2.36(0.30SD),0.30,SD,standard deviation as reported,5,MSL,8740,literature_measurement_technique,derived classification from source technique; not proof that the tabulated value was directly measured,not independently remeasured; retain source weight and notes,"[""1"", ""25"", ""0.1"", ""NaCl/m"", ""lgK:2.36(0.30SD)"", ""5"", ""MSL"", ""8740""]","{""bbox_points"": [60.18299999999999, 489.93, 551.2905, 508.5], ""doi"": ""10.5281/zenodo.7700024"", ""page"": 13, ""source_file"": ""GER.PDF""}",[],[]
JESS-8.9:Ge:54487:2,54487,2,90,0.1,0.1,numeric_as_tabulated,mol kg-1,explicit /m medium marker,NaCl/m,as_tabulated; consult notes,water unless otherwise specified in source,1 bar / 1 atm unless explicitly specified (source ambiguity retained),lgK,1.59,log10 equilibrium constant (source concentration/activity convention),=,as_tabulated,,lgK:1.59(0.10SD),0.10,SD,standard deviation as reported,5,MSL,8740,literature_measurement_technique,derived classification from source technique; not proof that the tabulated value was directly measured,not independently remeasured; retain source weight and notes,"[""2"", ""90"", ""0.1"", ""NaCl/m"", ""lgK:1.59(0.10SD)"", ""5"", ""MSL"", ""8740""]","{""bbox_points"": [60.18299999999999, 508.5, 551.2905, 526.92], ""doi"": ""10.5281/zenodo.7700024"", ""page"": 13, ""source_file"": ""GER.PDF""}",[],[]
JESS-8.9:Ge:54487:3,54487,3,25,0,0,numeric_as_tabulated,mol dm-3,Instructions default,Inf. Dilution,as_tabulated; consult notes,water unless otherwise specified in source,1 bar / 1 atm unless explicitly specified (source ambiguity retained),dH,-5.87,kcal mol-1,=,as_tabulated,,dH:-5.87(3SF),3,SF,significant figures; not an uncertainty interval,4,MTD,8740,literature_measurement_technique,derived classification from source technique; not proof that the tabulated value was directly measured,not independently remeasured; retain source weight and notes,"[""3"", ""25"", ""0"", ""Inf. Dilution"", ""dH:-5.87(3SF)"", ""4"", ""MTD"", ""8740""]","{""bbox_points"": [60.18299999999999, 526.92, 551.2905, 545.2800000000001], ""doi"": ""10.5281/zenodo.7700024"", ""page"": 13, ""source_file"": ""GER.PDF""}",[],[]
JESS-8.9:Ge:54488:1,54488,1,0,0.4,0.4,numeric_as_tabulated,mol dm-3,Instructions default,NaCl,as_tabulated; consult notes,water unless otherwise specified in source,1 bar / 1 atm unless explicitly specified (source ambiguity retained),lgK,0.66,log10 equilibrium constant (source concentration/activity convention),=,as_tabulated,,lgK:0.66(2SF),2,SF,significant figures; not an uncertainty interval,2,MAN,31888,literature_measurement_technique,derived classification from source technique; not proof that the tabulated value was directly measured,not independently remeasured; retain source weight and notes,"[""1"", ""0"", ""0.4"", ""NaCl"", ""lgK:0.66(2SF)"", ""2"", ""MAN"", ""31888""]","{""bbox_points"": [60.18299999999999, 614.0400000000001, 551.2905, 632.5799999999999], ""doi"": ""10.5281/zenodo.7700024"", ""page"": 13, ""source_file"": ""GER.PDF""}",[],[]
JESS-8.9:Ge:54488:2,54488,2,10,0.4,0.4,numeric_as_tabulated,mol dm-3,Instructions default,NaCl,as_tabulated; consult notes,water unless otherwise specified in source,1 bar / 1 atm unless explicitly specified (source ambiguity retained),lgK,0.52,log10 equilibrium constant (source concentration/activity convention),=,as_tabulated,,lgK:0.52(2SF),2,SF,significant figures; not an uncertainty interval,2,MAN,31888,literature_measurement_technique,derived classification from source technique; not proof that the tabulated value was directly measured,not independently remeasured; retain source weight and notes,"[""2"", ""10"", ""0.4"", ""NaCl"", ""lgK:0.52(2SF)"", ""2"", ""MAN"", ""31888""]","{""bbox_points"": [60.18299999999999, 632.5799999999999, 551.2905, 651.0], ""doi"": ""10.5281/zenodo.7700024"", ""page"": 13, ""source_file"": ""GER.PDF""}",[],[]
JESS-8.9:Ge:54488:3,54488,3,20,0.4,0.4,numeric_as_tabulated,mol dm-3,Instructions default,NaCl,as_tabulated; consult notes,water unless otherwise specified in source,1 bar / 1 atm unless explicitly specified (source ambiguity retained),lgK,0.58,log10 equilibrium constant (source concentration/activity convention),=,as_tabulated,,lgK:0.58(2SF),2,SF,significant figures; not an uncertainty interval,0,MAN,437,literature_measurement_technique,derived classification from source technique; not proof that the tabulated value was directly measured,not independently remeasured; retain source weight and notes,"[""3"", ""20"", ""0.4"", ""NaCl"", ""lgK:0.58(2SF)"", ""0"", ""MAN"", ""437""]","{""bbox_points"": [60.18299999999999, 651.0, 551.2905, 669.36], ""doi"": ""10.5281/zenodo.7700024"", ""page"": 13, ""source_file"": ""GER.PDF""}",[],[]
JESS-8.9:Ge:54488:4,54488,4,20,0.4,0.4,numeric_as_tabulated,mol dm-3,Instructions default,NaCl,as_tabulated; consult notes,water unless otherwise specified in source,1 bar / 1 atm unless explicitly specified (source ambiguity retained),lgK,0.58,log10 equilibrium constant (source concentration/activity convention),=,as_tabulated,,lgK:0.58(2SF),2,SF,significant figures; not an uncertainty interval,2,MSC,31888,literature_measurement_technique,derived classification from source technique; not proof that the tabulated value was directly measured,not independently remeasured; retain source weight and notes,"[""4"", ""20"", ""0.4"", ""NaCl"", ""lgK:0.58(2SF)"", ""2"", ""MSC"", ""31888""]","{""bbox_points"": [60.18299999999999, 669.36, 551.2905, 687.72], ""doi"": ""10.5281/zenodo.7700024"", ""page"": 13, ""source_file"": ""GER.PDF""}",[],[]
JESS-8.9:Ge:54488:5,54488,5,30,0.4,0.4,numeric_as_tabulated,mol dm-3,Instructions default,NaCl,as_tabulated; consult notes,water unless otherwise specified in source,1 bar / 1 atm unless explicitly specified (source ambiguity retained),lgK,0.50,log10 equilibrium constant (source concentration/activity convention),=,as_tabulated,,lgK:0.50(2SF),2,SF,significant figures; not an uncertainty interval,2,MAN,31888,literature_measurement_technique,derived classification from source technique; not proof that the tabulated value was directly measured,not independently remeasured; retain source weight and notes,"[""5"", ""30"", ""0.4"", ""NaCl"", ""lgK:0.50(2SF)"", ""2"", ""MAN"", ""31888""]","{""bbox_points"": [60.18299999999999, 687.72, 551.2905, 706.26], ""doi"": ""10.5281/zenodo.7700024"", ""page"": 13, ""source_file"": ""GER.PDF""}",[],[]
JESS-8.9:Ge:54488:6,54488,6,40,0.4,0.4,numeric_as_tabulated,mol dm-3,Instructions default,NaCl,as_tabulated; consult notes,water unless otherwise specified in source,1 bar / 1 atm unless explicitly specified (source ambiguity retained),lgK,0.42,log10 equilibrium constant (source concentration/activity convention),=,as_tabulated,,lgK:0.42(2SF),2,SF,significant figures; not an uncertainty interval,2,MAN,31888,literature_measurement_technique,derived classification from source technique; not proof that the tabulated value was directly measured,not independently remeasured; retain source weight and notes,"[""6"", ""40"", ""0.4"", ""NaCl"", ""lgK:0.42(2SF)"", ""2"", ""MAN"", ""31888""]","{""bbox_points"": [60.17454545454545, 53.579999999999984, 551.2971428571428, 72.12], ""doi"": ""10.5281/zenodo.7700024"", ""page"": 14, ""source_file"": ""GER.PDF""}",[],[]
JESS-8.9:Ge:54488:7,54488,7,50,0.4,0.4,numeric_as_tabulated,mol dm-3,Instructions default,NaCl,as_tabulated; consult notes,water unless otherwise specified in source,1 bar / 1 atm unless explicitly specified (source ambiguity retained),lgK,0.34,log10 equilibrium constant (source concentration/activity convention),=,as_tabulated,,lgK:0.34(2SF),2,SF,significant figures; not an uncertainty interval,2,MAN,31888,literature_measurement_technique,derived classification from source technique; not proof that the tabulated value was directly measured,not independently remeasured; retain source weight and notes,"[""7"", ""50"", ""0.4"", ""NaCl"", ""lgK:0.34(2SF)"", ""2"", ""MAN"", ""31888""]","{""bbox_points"": [60.17454545454545, 72.12, 551.2971428571428, 90.48000000000002], ""doi"": ""10.5281/zenodo.7700024"", ""page"": 14, ""source_file"": ""GER.PDF""}",[],[]
JESS-8.9:Ge:54627:1,54627,1,25,0,0,numeric_as_tabulated,mol dm-3,Instructions default,Unknown,as_tabulated; consult notes,water unless otherwise specified in source,1 bar / 1 atm unless explicitly specified (source ambiguity retained),lgK,-4.0,log10 equilibrium constant (source concentration/activity convention),=,as_tabulated,not identified in original source,lgK:-4.0(2SF),2,SF,significant figures; not an uncertainty interval,1,ENS,140,unspecified,derived classification from source technique; not proof that the tabulated value was directly measured,not independently remeasured; retain source weight and notes,"[""1"", ""25"", ""0"", ""Unknown"", ""lgK:-4.0(2SF)"", ""1"", ""ENS"", ""140""]","{""bbox_points"": [60.17454545454545, 180.39000000000001, 551.2971428571428, 198.96000000000004], ""doi"": ""10.5281/zenodo.7700024"", ""page"": 14, ""source_file"": ""GER.PDF""}","[{""page"": 14, ""text"": ""Note: Polymorph of GeO2 not identified in original source [52JoL]""}]","[""compiled_phase_identity_exceeds_original_source""]"
JESS-8.9:Ge:54627:2,54627,2,25,0,0,numeric_as_tabulated,mol dm-3,Instructions default,Inf. Dilution,as_tabulated; consult notes,water unless otherwise specified in source,1 bar / 1 atm unless explicitly specified (source ambiguity retained),E,-0.118,V,=,as_tabulated,not identified in original source,E:-0.118(3SF),3,SF,significant figures; not an uncertainty interval,3,CRV,6330,calculated_or_compiled,derived classification from source technique; not proof that the tabulated value was directly measured,not independently remeasured; retain source weight and notes,"[""2"", ""25"", ""0"", ""Inf. Dilution"", ""E:-0.118(3SF)"", ""3"", ""CRV"", ""6330""]","{""bbox_points"": [60.17454545454545, 198.96000000000004, 551.2971428571428, 217.50000000000006], ""doi"": ""10.5281/zenodo.7700024"", ""page"": 14, ""source_file"": ""GER.PDF""}","[{""page"": 14, ""text"": ""Note: Polymorph of GeO2 not identified in original source [52JoL]""}]","[""compiled_phase_identity_exceeds_original_source""]"
JESS-8.9:Ge:54627:3,54627,3,25,0,0,numeric_as_tabulated,mol dm-3,Instructions default,Inf. Dilution,as_tabulated; consult notes,water unless otherwise specified in source,1 bar / 1 atm unless explicitly specified (source ambiguity retained),E,-0.132,V,=,as_tabulated,not identified in original source,E:-0.132(3SF),3,SF,significant figures; not an uncertainty interval,0,CRV,22551,calculated_or_compiled,derived classification from source technique; not proof that the tabulated value was directly measured,not independently remeasured; retain source weight and notes,"[""3"", ""25"", ""0"", ""Inf. Dilution"", ""E:-0.132(3SF)"", ""0"", ""CRV"", ""22551""]","{""bbox_points"": [60.17454545454545, 217.50000000000006, 551.2971428571428, 235.86], ""doi"": ""10.5281/zenodo.7700024"", ""page"": 14, ""source_file"": ""GER.PDF""}","[{""page"": 14, ""text"": ""Note: Polymorph of GeO2 not identified in original source [52JoL]""}]","[""compiled_phase_identity_exceeds_original_source""]"
JESS-8.9:Ge:54627:4,54627,4,25,0,0,numeric_as_tabulated,mol dm-3,Instructions default,Unknown,as_tabulated; consult notes,water unless otherwise specified in source,1 bar / 1 atm unless explicitly specified (source ambiguity retained),E,-0.118,V,=,as_tabulated,"probably hexagonal, not identified",E:-0.118(3SF),3,SF,significant figures; not an uncertainty interval,3,MEF,8052,literature_measurement_technique,derived classification from source technique; not proof that the tabulated value was directly measured,not independently remeasured; retain source weight and notes,"[""4"", ""25"", ""0"", ""Unknown"", ""E:-0.118(3SF)"", ""3"", ""MEF"", ""8052""]","{""bbox_points"": [60.17454545454545, 235.86, 551.2971428571428, 254.28000000000003], ""doi"": ""10.5281/zenodo.7700024"", ""page"": 14, ""source_file"": ""GER.PDF""}","[{""page"": 14, ""text"": ""Note: Polymorph of GeO2 not identified in original source [52JoL]""}, {""page"": 14, ""text"": ""Note (4): GeO2 polymorh unknown, probably hexag""}]","[""compiled_phase_identity_exceeds_original_source""]"
JESS-8.9:Ge:54628:1,54628,1,25,0,0,numeric_as_tabulated,mol dm-3,Instructions default,Inf. Dilution,as_tabulated; consult notes,water unless otherwise specified in source,1 bar / 1 atm unless explicitly specified (source ambiguity retained),lgK,-9.1,log10 equilibrium constant (source concentration/activity convention),=,as_tabulated,,lgK:-9.1(2SF),2,SF,significant figures; not an uncertainty interval,1,ENS,140,unspecified,derived classification from source technique; not proof that the tabulated value was directly measured,not independently remeasured; retain source weight and notes,"[""1"", ""25"", ""0"", ""Inf. Dilution"", ""lgK:-9.1(2SF)"", ""1"", ""ENS"", ""140""]","{""bbox_points"": [60.17454545454545, 341.37, 551.2971428571428, 359.94000000000005], ""doi"": ""10.5281/zenodo.7700024"", ""page"": 14, ""source_file"": ""GER.PDF""}",[],[]
JESS-8.9:Ge:54629:1,54629,1,25,0,0,numeric_as_tabulated,mol dm-3,Instructions default,Inf. Dilution,as_tabulated; consult notes,water unless otherwise specified in source,1 bar / 1 atm unless explicitly specified (source ambiguity retained),lgK,-9.30,log10 equilibrium constant (source concentration/activity convention),=,as_tabulated,,lgK:-9.30(3SF),3,SF,significant figures; not an uncertainty interval,1,ELC,,calculated_or_compiled,derived classification from source technique; not proof that the tabulated value was directly measured,not independently remeasured; retain source weight and notes,"[""1"", ""25"", ""0"", ""Inf. Dilution"", ""lgK:-9.30(3SF)"", ""1"", ""ELC"", """"]","{""bbox_points"": [60.17454545454545, 428.64000000000004, 551.2971428571428, 447.24], ""doi"": ""10.5281/zenodo.7700024"", ""page"": 14, ""source_file"": ""GER.PDF""}",[],[]
JESS-8.9:Ge:54629:2,54629,2,25,0,0,numeric_as_tabulated,mol dm-3,Instructions default,Inf. Dilution,as_tabulated; consult notes,water unless otherwise specified in source,1 bar / 1 atm unless explicitly specified (source ambiguity retained),E,-0.25,V,=,as_tabulated,,E:-0.25(0.01SD),0.01,SD,standard deviation as reported,2,MDG,775,calculated_or_compiled,derived classification from source technique; not proof that the tabulated value was directly measured,not independently remeasured; retain source weight and notes,"[""2"", ""25"", ""0"", ""Inf. Dilution"", ""E:-0.25(0.01SD)"", ""2"", ""MDG"", ""775""]","{""bbox_points"": [60.17454545454545, 447.24, 551.2971428571428, 465.66], ""doi"": ""10.5281/zenodo.7700024"", ""page"": 14, ""source_file"": ""GER.PDF""}",[],[]
JESS-8.9:Ge:54630:1,54630,1,25,0,0,numeric_as_tabulated,mol dm-3,Instructions default,Inf. Dilution,as_tabulated; consult notes,water unless otherwise specified in source,1 bar / 1 atm unless explicitly specified (source ambiguity retained),lgK,-12.46,log10 equilibrium constant (source concentration/activity convention),=,as_tabulated,,lgK:-12.46(4SF),4,SF,significant figures; not an uncertainty interval,1,ELC,,calculated_or_compiled,derived classification from source technique; not proof that the tabulated value was directly measured,not independently remeasured; retain source weight and notes,"[""1"", ""25"", ""0"", ""Inf. Dilution"", ""lgK:-12.46(4SF)"", ""1"", ""ELC"", """"]","{""bbox_points"": [60.17454545454545, 534.36, 551.2971428571428, 552.96], ""doi"": ""10.5281/zenodo.7700024"", ""page"": 14, ""source_file"": ""GER.PDF""}",[],[]
JESS-8.9:Ge:54630:2,54630,2,25,0,0,numeric_as_tabulated,mol dm-3,Instructions default,Inf. Dilution,as_tabulated; consult notes,water unless otherwise specified in source,1 bar / 1 atm unless explicitly specified (source ambiguity retained),E,-0.34,V,=,as_tabulated,,E:-0.34(0.01SD),0.01,SD,standard deviation as reported,2,MDG,775,calculated_or_compiled,derived classification from source technique; not proof that the tabulated value was directly measured,not independently remeasured; retain source weight and notes,"[""2"", ""25"", ""0"", ""Inf. Dilution"", ""E:-0.34(0.01SD)"", ""2"", ""MDG"", ""775""]","{""bbox_points"": [60.17454545454545, 552.96, 551.2971428571428, 571.32], ""doi"": ""10.5281/zenodo.7700024"", ""page"": 14, ""source_file"": ""GER.PDF""}",[],[]
JESS-8.9:Ge:54631:1,54631,1,25,0,0,numeric_as_tabulated,mol dm-3,Instructions default,Inf. Dilution,as_tabulated; consult notes,water unless otherwise specified in source,1 bar / 1 atm unless explicitly specified (source ambiguity retained),lgK,-0.91,log10 equilibrium constant (source concentration/activity convention),=,as_tabulated,,lgK:-0.91(2SF),2,SF,significant figures; not an uncertainty interval,1,ELC,,calculated_or_compiled,derived classification from source technique; not proof that the tabulated value was directly measured,not independently remeasured; retain source weight and notes,"[""1"", ""25"", ""0"", ""Inf. Dilution"", ""lgK:-0.91(2SF)"", ""1"", ""ELC"", """"]","{""bbox_points"": [60.17454545454545, 640.0500000000001, 551.2971428571428, 658.68], ""doi"": ""10.5281/zenodo.7700024"", ""page"": 14, ""source_file"": ""GER.PDF""}",[],[]
JESS-8.9:Ge:54631:2,54631,2,25,0,0,numeric_as_tabulated,mol dm-3,Instructions default,Inf. Dilution,as_tabulated; consult notes,water unless otherwise specified in source,1 bar / 1 atm unless explicitly specified (source ambiguity retained),E,-0.01,V,=,as_tabulated,,E:-0.01(0.01SD),0.01,SD,standard deviation as reported,2,MDG,775,calculated_or_compiled,derived classification from source technique; not proof that the tabulated value was directly measured,not independently remeasured; retain source weight and notes,"[""2"", ""25"", ""0"", ""Inf. Dilution"", ""E:-0.01(0.01SD)"", ""2"", ""MDG"", ""775""]","{""bbox_points"": [60.17454545454545, 658.68, 551.2971428571428, 677.0400000000001], ""doi"": ""10.5281/zenodo.7700024"", ""page"": 14, ""source_file"": ""GER.PDF""}",[],[]
JESS-8.9:Ge:54631:3,54631,3,25,0,0,numeric_as_tabulated,mol dm-3,Instructions default,Inf. Dilution,as_tabulated; consult notes,water unless otherwise specified in source,1 bar / 1 atm unless explicitly specified (source ambiguity retained),E,-0.019,V,=,as_tabulated,,E:-0.019(2SF),2,SF,significant figures; not an uncertainty interval,0,CRV,22551,calculated_or_compiled,derived classification from source technique; not proof that the tabulated value was directly measured,not independently remeasured; retain source weight and notes,"[""3"", ""25"", ""0"", ""Inf. Dilution"", ""E:-0.019(2SF)"", ""0"", ""CRV"", ""22551""]","{""bbox_points"": [60.17454545454545, 677.0400000000001, 551.2971428571428, 695.4], ""doi"": ""10.5281/zenodo.7700024"", ""page"": 14, ""source_file"": ""GER.PDF""}",[],[]
JESS-8.9:Ge:54631:4,54631,4,25,0,0,numeric_as_tabulated,mol dm-3,Instructions default,Inf. Dilution,as_tabulated; consult notes,water unless otherwise specified in source,1 bar / 1 atm unless explicitly specified (source ambiguity retained),E,-0.009,V,=,as_tabulated,,E:-0.009(1SF),1,SF,significant figures; not an uncertainty interval,3,EOD,31878,calculated_or_compiled,derived classification from source technique; not proof that the tabulated value was directly measured,not independently remeasured; retain source weight and notes,"[""4"", ""25"", ""0"", ""Inf. Dilution"", ""E:-0.009(1SF)"", ""3"", ""EOD"", ""31878""]","{""bbox_points"": [60.17454545454545, 695.4, 551.2971428571428, 713.8199999999999], ""doi"": ""10.5281/zenodo.7700024"", ""page"": 14, ""source_file"": ""GER.PDF""}",[],[]
JESS-8.9:Ge:54648:1,54648,1,25,0,0,numeric_as_tabulated,mol dm-3,Instructions default,Inf. Dilution,as_tabulated; consult notes,water unless otherwise specified in source,1 bar / 1 atm unless explicitly specified (source ambiguity retained),lgK,-20.63,log10 equilibrium constant (source concentration/activity convention),=,as_tabulated,,lgK:-20.63(4SF),4,SF,significant figures; not an uncertainty interval,1,ELC,,calculated_or_compiled,derived classification from source technique; not proof that the tabulated value was directly measured,not independently remeasured; retain source weight and notes,"[""1"", ""25"", ""0"", ""Inf. Dilution"", ""lgK:-20.63(4SF)"", ""1"", ""ELC"", """"]","{""bbox_points"": [60.18372413793103, 121.59000000000003, 551.2899310344827, 140.22000000000003], ""doi"": ""10.5281/zenodo.7700024"", ""page"": 15, ""source_file"": ""GER.PDF""}",[],[]
JESS-8.9:Ge:54648:2,54648,2,20,0,0,numeric_as_tabulated,mol dm-3,Instructions default,Inf. Dilution,as_tabulated; consult notes,water unless otherwise specified in source,1 bar / 1 atm unless explicitly specified (source ambiguity retained),E,-0.3,V,=,as_tabulated,,E:-0.3(0.2SD),0.2,SD,standard deviation as reported,2,EES,775,calculated_or_compiled,derived classification from source technique; not proof that the tabulated value was directly measured,not independently remeasured; retain source weight and notes,"[""2"", ""20"", ""0"", ""Inf. Dilution"", ""E:-0.3(0.2SD)"", ""2"", ""EES"", ""775""]","{""bbox_points"": [60.18372413793103, 140.22000000000003, 551.2899310344827, 158.57999999999998], ""doi"": ""10.5281/zenodo.7700024"", ""page"": 15, ""source_file"": ""GER.PDF""}",[],[]
JESS-8.9:Ge:54648:3,54648,3,25,0,0,numeric_as_tabulated,mol dm-3,Instructions default,Inf. Dilution,as_tabulated; consult notes,water unless otherwise specified in source,1 bar / 1 atm unless explicitly specified (source ambiguity retained),E,-0.42,V,=,as_tabulated,,E:-0.42(2SF),2,SF,significant figures; not an uncertainty interval,0,CRV,22551,calculated_or_compiled,derived classification from source technique; not proof that the tabulated value was directly measured,not independently remeasured; retain source weight and notes,"[""3"", ""25"", ""0"", ""Inf. Dilution"", ""E:-0.42(2SF)"", ""0"", ""CRV"", ""22551""]","{""bbox_points"": [60.18372413793103, 158.57999999999998, 551.2899310344827, 177.12], ""doi"": ""10.5281/zenodo.7700024"", ""page"": 15, ""source_file"": ""GER.PDF""}",[],[]
JESS-8.9:Ge:55165:1,55165,1,20,0,0,numeric_as_tabulated,mol dm-3,Instructions default,Unknown,as_tabulated; consult notes,water unless otherwise specified in source,1 bar / 1 atm unless explicitly specified (source ambiguity retained),lgK,1.68,log10 equilibrium constant (source concentration/activity convention),=,deprecated_species,,lgK:1.68(3SF),3,SF,significant figures; not an uncertainty interval,0,MSE,31904,literature_measurement_technique,derived classification from source technique; not proof that the tabulated value was directly measured,not independently remeasured; retain source weight and notes,"[""1"", ""20"", ""0"", ""Unknown"", ""lgK:1.68(3SF)"", ""0"", ""MSE"", ""31904""]","{""bbox_points"": [60.18372413793103, 267.03, 551.2899310344827, 285.6], ""doi"": ""10.5281/zenodo.7700024"", ""page"": 15, ""source_file"": ""GER.PDF""}","[{""page"": 15, ""text"": ""Note: Ge+4 is deprecated because does not exist in aqueous solution""}]","[""source_deprecates_species""]"
JESS-8.9:Ge:55165:2,55165,2,25,0.4,0.4,numeric_as_tabulated,mol dm-3,Instructions default,NaCl,as_tabulated; consult notes,water unless otherwise specified in source,1 bar / 1 atm unless explicitly specified (source ambiguity retained),dH,2.58,kcal mol-1,=,deprecated_species,,dH:2.58(5.SD),5.,SD,standard deviation as reported,0,ENS,437,unspecified,derived classification from source technique; not proof that the tabulated value was directly measured,not independently remeasured; retain source weight and notes,"[""2"", ""25"", ""0.4"", ""NaCl"", ""dH:2.58(5.SD)"", ""0"", ""ENS"", ""437""]","{""bbox_points"": [60.18372413793103, 285.6, 551.2899310344827, 304.02], ""doi"": ""10.5281/zenodo.7700024"", ""page"": 15, ""source_file"": ""GER.PDF""}","[{""page"": 15, ""text"": ""Note: Ge+4 is deprecated because does not exist in aqueous solution""}]","[""source_deprecates_species""]"
JESS-8.9:Ge:56784:1,56784,1,25,0,0,numeric_as_tabulated,mol dm-3,Instructions default,Inf. Dilution,as_tabulated; consult notes,water unless otherwise specified in source,1 bar / 1 atm unless explicitly specified (source ambiguity retained),lgK,1.48,log10 equilibrium constant (source concentration/activity convention),=,as_tabulated,,lgK:1.48(3SF),3,SF,significant figures; not an uncertainty interval,1,EDH,,calculated_or_compiled,derived classification from source technique; not proof that the tabulated value was directly measured,not independently remeasured; retain source weight and notes,"[""1"", ""25"", ""0"", ""Inf. Dilution"", ""lgK:1.48(3SF)"", ""1"", ""EDH"", """"]","{""bbox_points"": [60.18372413793103, 372.72, 551.2899310344827, 391.32000000000005], ""doi"": ""10.5281/zenodo.7700024"", ""page"": 15, ""source_file"": ""GER.PDF""}",[],[]
JESS-8.9:Ge:56784:2,56784,2,25,3,3,numeric_as_tabulated,mol dm-3,Instructions default,NaCl,as_tabulated; consult notes,water unless otherwise specified in source,1 bar / 1 atm unless explicitly specified (source ambiguity retained),lgK,1.64,log10 equilibrium constant (source concentration/activity convention),=,as_tabulated,,lgK:1.64(0.03MD),0.03,MD,maximum deviation as reported,6,MHY,22980,literature_measurement_technique,derived classification from source technique; not proof that the tabulated value was directly measured,not independently remeasured; retain source weight and notes,"[""2"", ""25"", ""3"", ""NaCl"", ""lgK:1.64(0.03MD)"", ""6"", ""MHY"", ""22980""]","{""bbox_points"": [60.18372413793103, 391.32000000000005, 551.2899310344827, 409.68], ""doi"": ""10.5281/zenodo.7700024"", ""page"": 15, ""source_file"": ""GER.PDF""}",[],[]
JESS-8.9:Ge:57621:1,57621,1,25,0.1,0.1,numeric_as_tabulated,mol dm-3,Instructions default,KNO3,as_tabulated; consult notes,water unless otherwise specified in source,1 bar / 1 atm unless explicitly specified (source ambiguity retained),lgK,55.6,log10 equilibrium constant (source concentration/activity convention),=,deprecated_species,,lgK:55.6(3SF),3,SF,significant figures; not an uncertainty interval,0,MSP,31897,literature_measurement_technique,derived classification from source technique; not proof that the tabulated value was directly measured,not independently remeasured; retain source weight and notes,"[""1"", ""25"", ""0.1"", ""KNO3"", ""lgK:55.6(3SF)"", ""0"", ""MSP"", ""31897""]","{""bbox_points"": [60.18372413793103, 499.68, 551.2899310344827, 518.3399999999999], ""doi"": ""10.5281/zenodo.7700024"", ""page"": 15, ""source_file"": ""GER.PDF""}","[{""page"": 15, ""text"": ""Note: Ge+4 is deprecated because does not exist in aqueous solution""}]","[""source_deprecates_species""]"
JESS-8.9:Ge:57621:2,57621,2,25,0.1,0.1,numeric_as_tabulated,mol dm-3,Instructions default,NaClO4,as_tabulated; consult notes,water unless otherwise specified in source,1 bar / 1 atm unless explicitly specified (source ambiguity retained),lgK,57.04,log10 equilibrium constant (source concentration/activity convention),=,deprecated_species,,lgK:57.04(4SF),4,SF,significant figures; not an uncertainty interval,0,MGL,903,literature_measurement_technique,derived classification from source technique; not proof that the tabulated value was directly measured,not independently remeasured; retain source weight and notes,"[""2"", ""25"", ""0.1"", ""NaClO4"", ""lgK:57.04(4SF)"", ""0"", ""MGL"", ""903""]","{""bbox_points"": [60.18372413793103, 518.3399999999999, 551.2899310344827, 536.7], ""doi"": ""10.5281/zenodo.7700024"", ""page"": 15, ""source_file"": ""GER.PDF""}","[{""page"": 15, ""text"": ""Note: Ge+4 is deprecated because does not exist in aqueous solution""}]","[""source_deprecates_species""]"
JESS-8.9:Ge:57621:3,57621,3,25,8,8,numeric_as_tabulated,mol dm-3,Instructions default,LiCl,as_tabulated; consult notes,water unless otherwise specified in source,1 bar / 1 atm unless explicitly specified (source ambiguity retained),lgK,56.8,log10 equilibrium constant (source concentration/activity convention),=,deprecated_species,,lgK:56.8(0.1SD),0.1,SD,standard deviation as reported,0,MSE,5339,literature_measurement_technique,derived classification from source technique; not proof that the tabulated value was directly measured,not independently remeasured; retain source weight and notes,"[""3"", ""25"", ""8"", ""LiCl"", ""lgK:56.8(0.1SD)"", ""0"", ""MSE"", ""5339""]","{""bbox_points"": [60.18372413793103, 536.7, 551.2899310344827, 555.12], ""doi"": ""10.5281/zenodo.7700024"", ""page"": 15, ""source_file"": ""GER.PDF""}","[{""page"": 15, ""text"": ""Note: Ge+4 is deprecated because does not exist in aqueous solution""}]","[""source_deprecates_species""]"
JESS-8.9:Ge:57622:1,57622,1,25,0.1,0.1,numeric_as_tabulated,mol dm-3,Instructions default,KNO3,as_tabulated; consult notes,water unless otherwise specified in source,1 bar / 1 atm unless explicitly specified (source ambiguity retained),lgK,42.2,log10 equilibrium constant (source concentration/activity convention),=,deprecated_species,,lgK:42.2(3SF),3,SF,significant figures; not an uncertainty interval,0,MSP,31897,literature_measurement_technique,derived classification from source technique; not proof that the tabulated value was directly measured,not independently remeasured; retain source weight and notes,"[""1"", ""25"", ""0.1"", ""KNO3"", ""lgK:42.2(3SF)"", ""0"", ""MSP"", ""31897""]","{""bbox_points"": [60.18372413793103, 645.12, 551.2899310344827, 663.72], ""doi"": ""10.5281/zenodo.7700024"", ""page"": 15, ""source_file"": ""GER.PDF""}","[{""page"": 15, ""text"": ""Note: Ge+4 is deprecated because does not exist in aqueous solution""}]","[""source_deprecates_species""]"
JESS-8.9:Ge:57622:2,57622,2,25,8,8,numeric_as_tabulated,mol dm-3,Instructions default,LiCl,as_tabulated; consult notes,water unless otherwise specified in source,1 bar / 1 atm unless explicitly specified (source ambiguity retained),lgK,43.3,log10 equilibrium constant (source concentration/activity convention),=,deprecated_species,,lgK:43.3(0.1SD),0.1,SD,standard deviation as reported,0,MSE,5339,literature_measurement_technique,derived classification from source technique; not proof that the tabulated value was directly measured,not independently remeasured; retain source weight and notes,"[""2"", ""25"", ""8"", ""LiCl"", ""lgK:43.3(0.1SD)"", ""0"", ""MSE"", ""5339""]","{""bbox_points"": [60.18372413793103, 663.72, 551.2899310344827, 682.08], ""doi"": ""10.5281/zenodo.7700024"", ""page"": 15, ""source_file"": ""GER.PDF""}","[{""page"": 15, ""text"": ""Note: Ge+4 is deprecated because does not exist in aqueous solution""}]","[""source_deprecates_species""]"
JESS-8.9:Ge:57623:1,57623,1,25,0.1,0.1,numeric_as_tabulated,mol dm-3,Instructions default,KNO3,as_tabulated; consult notes,water unless otherwise specified in source,1 bar / 1 atm unless explicitly specified (source ambiguity retained),lgK,28.50,log10 equilibrium constant (source concentration/activity convention),=,deprecated_species,,lgK:28.50(4SF),4,SF,significant figures; not an uncertainty interval,0,MSP,31897,literature_measurement_technique,derived classification from source technique; not proof that the tabulated value was directly measured,not independently remeasured; retain source weight and notes,"[""1"", ""25"", ""0.1"", ""KNO3"", ""lgK:28.50(4SF)"", ""0"", ""MSP"", ""31897""]","{""bbox_points"": [60.175999999999995, 111.57000000000002, 551.2959999999999, 130.20000000000005], ""doi"": ""10.5281/zenodo.7700024"", ""page"": 16, ""source_file"": ""GER.PDF""}","[{""page"": 16, ""text"": ""Note: Ge+4 is deprecated because does not exist in aqueous solution""}]","[""source_deprecates_species""]"
JESS-8.9:Ge:57623:2,57623,2,25,8,8,numeric_as_tabulated,mol dm-3,Instructions default,LiCl,as_tabulated; consult notes,water unless otherwise specified in source,1 bar / 1 atm unless explicitly specified (source ambiguity retained),lgK,29.2,log10 equilibrium constant (source concentration/activity convention),=,deprecated_species,,lgK:29.2(0.1SD),0.1,SD,standard deviation as reported,0,MSE,5339,literature_measurement_technique,derived classification from source technique; not proof that the tabulated value was directly measured,not independently remeasured; retain source weight and notes,"[""2"", ""25"", ""8"", ""LiCl"", ""lgK:29.2(0.1SD)"", ""0"", ""MSE"", ""5339""]","{""bbox_points"": [60.175999999999995, 130.20000000000005, 551.2959999999999, 148.56000000000006], ""doi"": ""10.5281/zenodo.7700024"", ""page"": 16, ""source_file"": ""GER.PDF""}","[{""page"": 16, ""text"": ""Note: Ge+4 is deprecated because does not exist in aqueous solution""}]","[""source_deprecates_species""]"
JESS-8.9:Ge:57624:1,57624,1,25,0.1,0.1,numeric_as_tabulated,mol dm-3,Instructions default,KNO3,as_tabulated; consult notes,water unless otherwise specified in source,1 bar / 1 atm unless explicitly specified (source ambiguity retained),lgK,14.45,log10 equilibrium constant (source concentration/activity convention),=,deprecated_species,,lgK:14.45(4SF),4,SF,significant figures; not an uncertainty interval,0,MSP,31897,literature_measurement_technique,derived classification from source technique; not proof that the tabulated value was directly measured,not independently remeasured; retain source weight and notes,"[""1"", ""25"", ""0.1"", ""KNO3"", ""lgK:14.45(4SF)"", ""0"", ""MSP"", ""31897""]","{""bbox_points"": [60.175999999999995, 238.47000000000003, 551.2959999999999, 257.16], ""doi"": ""10.5281/zenodo.7700024"", ""page"": 16, ""source_file"": ""GER.PDF""}","[{""page"": 16, ""text"": ""Note: Ge+4 is deprecated because does not exist in aqueous solution""}]","[""source_deprecates_species""]"
JESS-8.9:Ge:57624:2,57624,2,25,8,8,numeric_as_tabulated,mol dm-3,Instructions default,LiCl,as_tabulated; consult notes,water unless otherwise specified in source,1 bar / 1 atm unless explicitly specified (source ambiguity retained),lgK,14.8,log10 equilibrium constant (source concentration/activity convention),=,deprecated_species,,lgK:14.8(0.1SD),0.1,SD,standard deviation as reported,0,MSE,5339,literature_measurement_technique,derived classification from source technique; not proof that the tabulated value was directly measured,not independently remeasured; retain source weight and notes,"[""2"", ""25"", ""8"", ""LiCl"", ""lgK:14.8(0.1SD)"", ""0"", ""MSE"", ""5339""]","{""bbox_points"": [60.175999999999995, 257.16, 551.2959999999999, 275.58], ""doi"": ""10.5281/zenodo.7700024"", ""page"": 16, ""source_file"": ""GER.PDF""}","[{""page"": 16, ""text"": ""Note: Ge+4 is deprecated because does not exist in aqueous solution""}]","[""source_deprecates_species""]"
JESS-8.9:Ge:57970:1,57970,1,25,0,0,numeric_as_tabulated,mol dm-3,Instructions default,Inf. Dilution,as_tabulated; consult notes,water unless otherwise specified in source,1 bar / 1 atm unless explicitly specified (source ambiguity retained),dG,-1150.0,kJ mol-1,=,as_tabulated,,dG:-1150.0(0.584SD)kJ,0.584,SD,standard deviation as reported,6,CRV,14923,calculated_or_compiled,derived classification from source technique; not proof that the tabulated value was directly measured,not independently remeasured; retain source weight and notes,"[""1"", ""25"", ""0"", ""Inf. Dilution"", ""dG:-1150.0(0.584SD)kJ"", ""6"", ""CRV"", ""14923""]","{""bbox_points"": [60.175999999999995, 344.19, 551.2959999999999, 362.88], ""doi"": ""10.5281/zenodo.7700024"", ""page"": 16, ""source_file"": ""GER.PDF""}",[],[]
JESS-8.9:Ge:57970:2,57970,2,25,0,0,numeric_as_tabulated,mol dm-3,Instructions default,Inf. Dilution,as_tabulated; consult notes,water unless otherwise specified in source,1 bar / 1 atm unless explicitly specified (source ambiguity retained),dH,-284.5,kcal mol-1,=,as_tabulated,,dH:-284.5(0.1SD),0.1,SD,standard deviation as reported,7,CRV,5605,calculated_or_compiled,derived classification from source technique; not proof that the tabulated value was directly measured,not independently remeasured; retain source weight and notes,"[""2"", ""25"", ""0"", ""Inf. Dilution"", ""dH:-284.5(0.1SD)"", ""7"", ""CRV"", ""5605""]","{""bbox_points"": [60.175999999999995, 362.88, 551.2959999999999, 381.24], ""doi"": ""10.5281/zenodo.7700024"", ""page"": 16, ""source_file"": ""GER.PDF""}",[],[]
JESS-8.9:Ge:57970:3,57970,3,25,0,0,numeric_as_tabulated,mol dm-3,Instructions default,Inf. Dilution,as_tabulated; consult notes,water unless otherwise specified in source,1 bar / 1 atm unless explicitly specified (source ambiguity retained),dH,-1190.20,kJ mol-1,=,as_tabulated,,dH:-1190.20(0.50MD)kJ,0.50,MD,maximum deviation as reported,6,CRV,8746,calculated_or_compiled,derived classification from source technique; not proof that the tabulated value was directly measured,not independently remeasured; retain source weight and notes,"[""3"", ""25"", ""0"", ""Inf. Dilution"", ""dH:-1190.20(0.50MD)kJ"", ""6"", ""CRV"", ""8746""]","{""bbox_points"": [60.175999999999995, 381.24, 551.2959999999999, 399.66], ""doi"": ""10.5281/zenodo.7700024"", ""page"": 16, ""source_file"": ""GER.PDF""}",[],[]
JESS-8.9:Ge:57970:4,57970,4,25,0,0,numeric_as_tabulated,mol dm-3,Instructions default,Inf. Dilution,as_tabulated; consult notes,water unless otherwise specified in source,1 bar / 1 atm unless explicitly specified (source ambiguity retained),dH,-1190.2,kJ mol-1,=,as_tabulated,,dH:-1190.2(0.500SD)kJ,0.500,SD,standard deviation as reported,6,CRV,14923,calculated_or_compiled,derived classification from source technique; not proof that the tabulated value was directly measured,not independently remeasured; retain source weight and notes,"[""4"", ""25"", ""0"", ""Inf. Dilution"", ""dH:-1190.2(0.500SD)kJ"", ""6"", ""CRV"", ""14923""]","{""bbox_points"": [60.175999999999995, 399.66, 551.2959999999999, 418.02], ""doi"": ""10.5281/zenodo.7700024"", ""page"": 16, ""source_file"": ""GER.PDF""}",[],[]
JESS-8.9:Ge:57970:5,57970,5,25,0,0,numeric_as_tabulated,mol dm-3,Instructions default,Inf. Dilution,as_tabulated; consult notes,water unless otherwise specified in source,1 bar / 1 atm unless explicitly specified (source ambiguity retained),Cp,81.602,J K-1 mol-1,=,as_tabulated,,Cp:81.602(0.5SD)J/K,0.5,SD,standard deviation as reported,5,CRV,27292,calculated_or_compiled,derived classification from source technique; not proof that the tabulated value was directly measured,not independently remeasured; retain source weight and notes,"[""5"", ""25"", ""0"", ""Inf. Dilution"", ""Cp:81.602(0.5SD)J/K"", ""5"", ""CRV"", ""27292""]","{""bbox_points"": [60.175999999999995, 418.02, 551.2959999999999, 436.44000000000005], ""doi"": ""10.5281/zenodo.7700024"", ""page"": 16, ""source_file"": ""GER.PDF""}",[],[]
JESS-8.9:Ge:58593:1,58593,1,25,0.1,0.1,numeric_as_tabulated,mol kg-1,explicit /m medium marker,NaCl/m,as_tabulated; consult notes,water unless otherwise specified in source,1 bar / 1 atm unless explicitly specified (source ambiguity retained),lgK,6.24,log10 equilibrium constant (source concentration/activity convention),=,as_tabulated,,lgK:6.24(0.30SD),0.30,SD,standard deviation as reported,5,MSL,8740,literature_measurement_technique,derived classification from source technique; not proof that the tabulated value was directly measured,not independently remeasured; retain source weight and notes,"[""1"", ""25"", ""0.1"", ""NaCl/m"", ""lgK:6.24(0.30SD)"", ""5"", ""MSL"", ""8740""]","{""bbox_points"": [60.175999999999995, 505.11, 551.2959999999999, 523.74], ""doi"": ""10.5281/zenodo.7700024"", ""page"": 16, ""source_file"": ""GER.PDF""}",[],[]
JESS-8.9:Ge:58593:2,58593,2,90,0.1,0.1,numeric_as_tabulated,mol kg-1,explicit /m medium marker,NaCl/m,as_tabulated; consult notes,water unless otherwise specified in source,1 bar / 1 atm unless explicitly specified (source ambiguity retained),lgK,4.68,log10 equilibrium constant (source concentration/activity convention),=,as_tabulated,,lgK:4.68(0.10SD),0.10,SD,standard deviation as reported,5,MSL,8740,literature_measurement_technique,derived classification from source technique; not proof that the tabulated value was directly measured,not independently remeasured; retain source weight and notes,"[""2"", ""90"", ""0.1"", ""NaCl/m"", ""lgK:4.68(0.10SD)"", ""5"", ""MSL"", ""8740""]","{""bbox_points"": [60.175999999999995, 523.74, 551.2959999999999, 542.0999999999999], ""doi"": ""10.5281/zenodo.7700024"", ""page"": 16, ""source_file"": ""GER.PDF""}",[],[]
JESS-8.9:Ge:58593:3,58593,3,25,0,0,numeric_as_tabulated,mol dm-3,Instructions default,Inf. Dilution,as_tabulated; consult notes,water unless otherwise specified in source,1 bar / 1 atm unless explicitly specified (source ambiguity retained),dH,-11.65,kcal mol-1,=,as_tabulated,,dH:-11.65(4SF),4,SF,significant figures; not an uncertainty interval,4,MTD,8740,literature_measurement_technique,derived classification from source technique; not proof that the tabulated value was directly measured,not independently remeasured; retain source weight and notes,"[""3"", ""25"", ""0"", ""Inf. Dilution"", ""dH:-11.65(4SF)"", ""4"", ""MTD"", ""8740""]","{""bbox_points"": [60.175999999999995, 542.0999999999999, 551.2959999999999, 560.64], ""doi"": ""10.5281/zenodo.7700024"", ""page"": 16, ""source_file"": ""GER.PDF""}",[],[]
JESS-8.9:Ge:59433:1,59433,1,25,0.1,0.1,numeric_as_tabulated,mol kg-1,explicit /m medium marker,NaCl/m,as_tabulated; consult notes,water unless otherwise specified in source,1 bar / 1 atm unless explicitly specified (source ambiguity retained),lgK,-1.39,log10 equilibrium constant (source concentration/activity convention),=,as_tabulated,,lgK:-1.39(0.05SD),0.05,SD,standard deviation as reported,5,MSL,8740,literature_measurement_technique,derived classification from source technique; not proof that the tabulated value was directly measured,not independently remeasured; retain source weight and notes,"[""1"", ""25"", ""0.1"", ""NaCl/m"", ""lgK:-1.39(0.05SD)"", ""5"", ""MSL"", ""8740""]","{""bbox_points"": [60.175999999999995, 629.19, 551.2959999999999, 647.8199999999999], ""doi"": ""10.5281/zenodo.7700024"", ""page"": 16, ""source_file"": ""GER.PDF""}",[],[]
JESS-8.9:Ge:59433:2,59433,2,90,0.1,0.1,numeric_as_tabulated,mol kg-1,explicit /m medium marker,NaCl/m,as_tabulated; consult notes,water unless otherwise specified in source,1 bar / 1 atm unless explicitly specified (source ambiguity retained),lgK,-4.05,log10 equilibrium constant (source concentration/activity convention),=,as_tabulated,,lgK:-4.05(0.10SD),0.10,SD,standard deviation as reported,5,MSL,8740,literature_measurement_technique,derived classification from source technique; not proof that the tabulated value was directly measured,not independently remeasured; retain source weight and notes,"[""2"", ""90"", ""0.1"", ""NaCl/m"", ""lgK:-4.05(0.10SD)"", ""5"", ""MSL"", ""8740""]","{""bbox_points"": [60.175999999999995, 647.8199999999999, 551.2959999999999, 666.3], ""doi"": ""10.5281/zenodo.7700024"", ""page"": 16, ""source_file"": ""GER.PDF""}",[],[]
JESS-8.9:Ge:59434:1,59434,1,25,0.2,0.2,numeric_as_tabulated,mol dm-3,Instructions default,NaOH,variable: NaOH or NaCl/NaOH mixture; not uniformly NaOH,water unless otherwise specified in source,1 bar / 1 atm unless explicitly specified (source ambiguity retained),lgK,4.35,log10 equilibrium constant (source concentration/activity convention),=,as_tabulated,,lgK:4.35(3SF),3,SF,significant figures; not an uncertainty interval,4,MSL,8740,literature_measurement_technique,derived classification from source technique; not proof that the tabulated value was directly measured,not independently remeasured; retain source weight and notes,"[""1"", ""25"", ""0.2"", ""NaOH"", ""lgK:4.35(3SF)"", ""4"", ""MSL"", ""8740""]","{""bbox_points"": [60.17753424657534, 71.88, 551.294794520548, 90.48000000000002], ""doi"": ""10.5281/zenodo.7700024"", ""page"": 17, ""source_file"": ""GER.PDF""}","[{""page"": 17, ""text"": ""Note (1): Ionic media variable, either NaOH or mix NaCl and NaOH""}]","[""variable_ionic_medium""]"
JESS-8.9:Ge:60204:1,60204,1,20,1,1,numeric_as_tabulated,mol dm-3,Instructions default,NaClO4,as_tabulated; consult notes,water unless otherwise specified in source,1 bar / 1 atm unless explicitly specified (source ambiguity retained),lgK,27.02,log10 equilibrium constant (source concentration/activity convention),=,deprecated_species,,lgK:27.02(4SF),4,SF,significant figures; not an uncertainty interval,0,MGL,903,literature_measurement_technique,derived classification from source technique; not proof that the tabulated value was directly measured,not independently remeasured; retain source weight and notes,"[""1"", ""20"", ""1"", ""NaClO4"", ""lgK:27.02(4SF)"", ""0"", ""MGL"", ""903""]","{""bbox_points"": [60.17753424657534, 198.75000000000003, 551.294794520548, 217.50000000000006], ""doi"": ""10.5281/zenodo.7700024"", ""page"": 17, ""source_file"": ""GER.PDF""}","[{""page"": 17, ""text"": ""Note: Ge+4 is deprecated because does not exist in aqueous solution""}]","[""source_deprecates_species""]"
JESS-8.9:Ge:60228:1,60228,1,20,0.1,0.1,numeric_as_tabulated,mol dm-3,Instructions default,KNO3,as_tabulated; consult notes,water unless otherwise specified in source,1 bar / 1 atm unless explicitly specified (source ambiguity retained),lgK,2.64,log10 equilibrium constant (source concentration/activity convention),=,as_tabulated,,lgK:2.64(3SF),3,SF,significant figures; not an uncertainty interval,5,MGL,3450,literature_measurement_technique,derived classification from source technique; not proof that the tabulated value was directly measured,not independently remeasured; retain source weight and notes,"[""1"", ""20"", ""0.1"", ""KNO3"", ""lgK:2.64(3SF)"", ""5"", ""MGL"", ""3450""]","{""bbox_points"": [60.17753424657534, 286.11, 551.294794520548, 304.68], ""doi"": ""10.5281/zenodo.7700024"", ""page"": 17, ""source_file"": ""GER.PDF""}",[],[]
JESS-8.9:Ge:60228:2,60228,2,25,0.1,0.1,numeric_as_tabulated,mol dm-3,Instructions default,Unknown,as_tabulated; consult notes,water unless otherwise specified in source,1 bar / 1 atm unless explicitly specified (source ambiguity retained),lgK,2.40,log10 equilibrium constant (source concentration/activity convention),=,as_tabulated,,lgK:2.40(3SF),3,SF,significant figures; not an uncertainty interval,0,MGL,906,literature_measurement_technique,derived classification from source technique; not proof that the tabulated value was directly measured,not independently remeasured; retain source weight and notes,"[""2"", ""25"", ""0.1"", ""Unknown"", ""lgK:2.40(3SF)"", ""0"", ""MGL"", ""906""]","{""bbox_points"": [60.17753424657534, 304.68, 551.294794520548, 323.16], ""doi"": ""10.5281/zenodo.7700024"", ""page"": 17, ""source_file"": ""GER.PDF""}",[],[]
JESS-8.9:Ge:60228:3,60228,3,25,0.1,0.1,numeric_as_tabulated,mol dm-3,Instructions default,Unknown,as_tabulated; consult notes,water unless otherwise specified in source,1 bar / 1 atm unless explicitly specified (source ambiguity retained),lgK,2.40,log10 equilibrium constant (source concentration/activity convention),=,as_tabulated,,lgK:2.40(3SF),3,SF,significant figures; not an uncertainty interval,4,MPL,31978,literature_measurement_technique,derived classification from source technique; not proof that the tabulated value was directly measured,not independently remeasured; retain source weight and notes,"[""3"", ""25"", ""0.1"", ""Unknown"", ""lgK:2.40(3SF)"", ""4"", ""MPL"", ""31978""]","{""bbox_points"": [60.17753424657534, 323.16, 551.294794520548, 341.58000000000004], ""doi"": ""10.5281/zenodo.7700024"", ""page"": 17, ""source_file"": ""GER.PDF""}",[],[]
JESS-8.9:Ge:60229:1,60229,1,25,0.1,0.1,numeric_as_tabulated,mol dm-3,Instructions default,KClO4,as_tabulated; consult notes,water unless otherwise specified in source,1 bar / 1 atm unless explicitly specified (source ambiguity retained),lgK,4.80,log10 equilibrium constant (source concentration/activity convention),=,as_tabulated,,lgK:4.80(3SF),3,SF,significant figures; not an uncertainty interval,3,MPL,931,literature_measurement_technique,derived classification from source technique; not proof that the tabulated value was directly measured,not independently remeasured; retain source weight and notes,"[""1"", ""25"", ""0.1"", ""KClO4"", ""lgK:4.80(3SF)"", ""3"", ""MPL"", ""931""]","{""bbox_points"": [60.17753424657534, 431.52000000000004, 551.294794520548, 450.06], ""doi"": ""10.5281/zenodo.7700024"", ""page"": 17, ""source_file"": ""GER.PDF""}","[{""page"": 17, ""text"": ""Note: Complex initially Ge(OH)2H2L, later H[Ge(OH)L]; this form adopted in JESS""}, {""page"": 17, ""text"": ""Note (1): Value from 67Kon [31894], thus complex written as Ge(OH)2H2L""}]",[]
JESS-8.9:Ge:60229:2,60229,2,25,0.1,0.1,numeric_as_tabulated,mol dm-3,Instructions default,KClO4,as_tabulated; consult notes,water unless otherwise specified in source,1 bar / 1 atm unless explicitly specified (source ambiguity retained),lgK,4.80,log10 equilibrium constant (source concentration/activity convention),=,as_tabulated,,lgK:4.80(3SF),3,SF,significant figures; not an uncertainty interval,5,MPL,31894,literature_measurement_technique,derived classification from source technique; not proof that the tabulated value was directly measured,not independently remeasured; retain source weight and notes,"[""2"", ""25"", ""0.1"", ""KClO4"", ""lgK:4.80(3SF)"", ""5"", ""MPL"", ""31894""]","{""bbox_points"": [60.17753424657534, 468.6, 551.294794520548, 486.96000000000004], ""doi"": ""10.5281/zenodo.7700024"", ""page"": 17, ""source_file"": ""GER.PDF""}","[{""page"": 17, ""text"": ""Note: Complex initially Ge(OH)2H2L, later H[Ge(OH)L]; this form adopted in JESS""}, {""page"": 17, ""text"": ""Note (2): Complex written Ge(OH)2H2L; modified later by the authors""}]",[]
JESS-8.9:Ge:60229:3,60229,3,25,0.1,0.1,numeric_as_tabulated,mol dm-3,Instructions default,KClO4,as_tabulated; consult notes,water unless otherwise specified in source,1 bar / 1 atm unless explicitly specified (source ambiguity retained),lgK,4.80,log10 equilibrium constant (source concentration/activity convention),=,as_tabulated,,lgK:4.80(3SF),3,SF,significant figures; not an uncertainty interval,5,MGL,31978,literature_measurement_technique,derived classification from source technique; not proof that the tabulated value was directly measured,not independently remeasured; retain source weight and notes,"[""3"", ""25"", ""0.1"", ""KClO4"", ""lgK:4.80(3SF)"", ""5"", ""MGL"", ""31978""]","{""bbox_points"": [60.17753424657534, 505.32000000000005, 551.294794520548, 523.74], ""doi"": ""10.5281/zenodo.7700024"", ""page"": 17, ""source_file"": ""GER.PDF""}","[{""page"": 17, ""text"": ""Note: Complex initially Ge(OH)2H2L, later H[Ge(OH)L]; this form adopted in JESS""}]",[]
JESS-8.9:Ge:60229:4,60229,4,25,0.1,0.1,numeric_as_tabulated,mol dm-3,Instructions default,NaClO4,as_tabulated; consult notes,water unless otherwise specified in source,1 bar / 1 atm unless explicitly specified (source ambiguity retained),lgK,4.80,log10 equilibrium constant (source concentration/activity convention),=,as_tabulated,,lgK:4.80(3SF),3,SF,significant figures; not an uncertainty interval,3,MGL,903,literature_measurement_technique,derived classification from source technique; not proof that the tabulated value was directly measured,not independently remeasured; retain source weight and notes,"[""4"", ""25"", ""0.1"", ""NaClO4"", ""lgK:4.80(3SF)"", ""3"", ""MGL"", ""903""]","{""bbox_points"": [60.17753424657534, 523.74, 551.294794520548, 542.0999999999999], ""doi"": ""10.5281/zenodo.7700024"", ""page"": 17, ""source_file"": ""GER.PDF""}","[{""page"": 17, ""text"": ""Note: Complex initially Ge(OH)2H2L, later H[Ge(OH)L]; this form adopted in JESS""}]",[]
JESS-8.9:Ge:60229:5,60229,5,25,0.1,0.1,numeric_as_tabulated,mol dm-3,Instructions default,Unknown,as_tabulated; consult notes,water unless otherwise specified in source,1 bar / 1 atm unless explicitly specified (source ambiguity retained),lgK,4.80,log10 equilibrium constant (source concentration/activity convention),=,as_tabulated,,lgK:4.80(3SF),3,SF,significant figures; not an uncertainty interval,4,MGL,906,literature_measurement_technique,derived classification from source technique; not proof that the tabulated value was directly measured,not independently remeasured; retain source weight and notes,"[""5"", ""25"", ""0.1"", ""Unknown"", ""lgK:4.80(3SF)"", ""4"", ""MGL"", ""906""]","{""bbox_points"": [60.17753424657534, 542.0999999999999, 551.294794520548, 560.52], ""doi"": ""10.5281/zenodo.7700024"", ""page"": 17, ""source_file"": ""GER.PDF""}","[{""page"": 17, ""text"": ""Note: Complex initially Ge(OH)2H2L, later H[Ge(OH)L]; this form adopted in JESS""}]",[]
JESS-8.9:Ge:60229:6,60229,6,25,0.5,0.5,numeric_as_tabulated,mol dm-3,Instructions default,NaCl,as_tabulated; consult notes,water unless otherwise specified in source,1 bar / 1 atm unless explicitly specified (source ambiguity retained),lgK,5.3,log10 equilibrium constant (source concentration/activity convention),=,as_tabulated,,lgK:5.3(2SF),2,SF,significant figures; not an uncertainty interval,2,MPT,906,literature_measurement_technique,derived classification from source technique; not proof that the tabulated value was directly measured,not independently remeasured; retain source weight and notes,"[""6"", ""25"", ""0.5"", ""NaCl"", ""lgK:5.3(2SF)"", ""2"", ""MPT"", ""906""]","{""bbox_points"": [60.17753424657534, 560.52, 551.294794520548, 579.0], ""doi"": ""10.5281/zenodo.7700024"", ""page"": 17, ""source_file"": ""GER.PDF""}","[{""page"": 17, ""text"": ""Note: Complex initially Ge(OH)2H2L, later H[Ge(OH)L]; this form adopted in JESS""}]",[]
JESS-8.9:Ge:60230:1,60230,1,25,0.1,0.1,numeric_as_tabulated,mol dm-3,Instructions default,NaClO4,as_tabulated; consult notes,water unless otherwise specified in source,1 bar / 1 atm unless explicitly specified (source ambiguity retained),lgK,14.35,log10 equilibrium constant (source concentration/activity convention),=,as_tabulated,,lgK:14.35(0.04SD),0.04,SD,standard deviation as reported,5,MGL,9211,literature_measurement_technique,derived classification from source technique; not proof that the tabulated value was directly measured,not independently remeasured; retain source weight and notes,"[""1"", ""25"", ""0.1"", ""NaClO4"", ""lgK:14.35(0.04SD)"", ""5"", ""MGL"", ""9211""]","{""bbox_points"": [60.17753424657534, 658.32, 551.294794520548, 676.92], ""doi"": ""10.5281/zenodo.7700024"", ""page"": 17, ""source_file"": ""GER.PDF""}",[],[]
JESS-8.9:Ge:60231:1,60231,1,25,0.1,0.1,numeric_as_tabulated,mol dm-3,Instructions default,NaClO4,as_tabulated; consult notes,water unless otherwise specified in source,1 bar / 1 atm unless explicitly specified (source ambiguity retained),lgK,-6.23,log10 equilibrium constant (source concentration/activity convention),=,as_tabulated,,lgK:-6.23(3SF),3,SF,significant figures; not an uncertainty interval,5,MGL,9211,literature_measurement_technique,derived classification from source technique; not proof that the tabulated value was directly measured,not independently remeasured; retain source weight and notes,"[""1"", ""25"", ""0.1"", ""NaClO4"", ""lgK:-6.23(3SF)"", ""5"", ""MGL"", ""9211""]","{""bbox_points"": [60.180392156862744, 90.27000000000001, 551.2925490196078, 108.84000000000003], ""doi"": ""10.5281/zenodo.7700024"", ""page"": 18, ""source_file"": ""GER.PDF""}",[],[]
JESS-8.9:Ge:60232:1,60232,1,24,0.5,0.5,numeric_as_tabulated,mol dm-3,Instructions default,Unknown,as_tabulated; consult notes,water unless otherwise specified in source,1 bar / 1 atm unless explicitly specified (source ambiguity retained),lgK,5.3,log10 equilibrium constant (source concentration/activity convention),=,deprecated_species,,lgK:5.3(2SF),2,SF,significant figures; not an uncertainty interval,0,MGL,903,literature_measurement_technique,derived classification from source technique; not proof that the tabulated value was directly measured,not independently remeasured; retain source weight and notes,"[""1"", ""24"", ""0.5"", ""Unknown"", ""lgK:5.3(2SF)"", ""0"", ""MGL"", ""903""]","{""bbox_points"": [60.180392156862744, 198.75000000000003, 551.2925490196078, 217.50000000000006], ""doi"": ""10.5281/zenodo.7700024"", ""page"": 18, ""source_file"": ""GER.PDF""}","[{""page"": 18, ""text"": ""Note: Ge4+ is deprecated because does not exist in aqueous solution""}]","[""source_deprecates_species""]"
JESS-8.9:Ge:60546:1,60546,1,25,0,0,numeric_as_tabulated,mol dm-3,Instructions default,Inf. Dilution,as_tabulated; consult notes,water unless otherwise specified in source,1 bar / 1 atm unless explicitly specified (source ambiguity retained),lgK,-32.58,log10 equilibrium constant (source concentration/activity convention),=,as_tabulated,,lgK:-32.58(4SF),4,SF,significant figures; not an uncertainty interval,1,ELC,,calculated_or_compiled,derived classification from source technique; not proof that the tabulated value was directly measured,not independently remeasured; retain source weight and notes,"[""1"", ""25"", ""0"", ""Inf. Dilution"", ""lgK:-32.58(4SF)"", ""1"", ""ELC"", """"]","{""bbox_points"": [60.180392156862744, 286.11, 551.2925490196078, 304.68], ""doi"": ""10.5281/zenodo.7700024"", ""page"": 18, ""source_file"": ""GER.PDF""}",[],[]
JESS-8.9:Ge:60546:2,60546,2,25,0,0,numeric_as_tabulated,mol dm-3,Instructions default,Inf. Dilution,as_tabulated; consult notes,water unless otherwise specified in source,1 bar / 1 atm unless explicitly specified (source ambiguity retained),lgK,-3.7,log10 equilibrium constant (source concentration/activity convention),=,as_tabulated,,lgK:-3.7(2SF),2,SF,significant figures; not an uncertainty interval,0,CRV,2556,calculated_or_compiled,derived classification from source technique; not proof that the tabulated value was directly measured,not independently remeasured; retain source weight and notes,"[""2"", ""25"", ""0"", ""Inf. Dilution"", ""lgK:-3.7(2SF)"", ""0"", ""CRV"", ""2556""]","{""bbox_points"": [60.180392156862744, 304.68, 551.2925490196078, 323.16], ""doi"": ""10.5281/zenodo.7700024"", ""page"": 18, ""source_file"": ""GER.PDF""}",[],[]
JESS-8.9:Ge:60706:1,60706,1,25,0,0,numeric_as_tabulated,mol dm-3,Instructions default,Inf. Dilution,as_tabulated; consult notes,water unless otherwise specified in source,1 bar / 1 atm unless explicitly specified (source ambiguity retained),lgK,7.6,log10 equilibrium constant (source concentration/activity convention),=,as_tabulated,,lgK:7.6(2SF),2,SF,significant figures; not an uncertainty interval,1,EDH,,calculated_or_compiled,derived classification from source technique; not proof that the tabulated value was directly measured,not independently remeasured; retain source weight and notes,"[""1"", ""25"", ""0"", ""Inf. Dilution"", ""lgK:7.6(2SF)"", ""1"", ""EDH"", """"]","{""bbox_points"": [60.180392156862744, 391.8, 551.2925490196078, 410.4], ""doi"": ""10.5281/zenodo.7700024"", ""page"": 18, ""source_file"": ""GER.PDF""}",[],[]
JESS-8.9:Ge:60706:2,60706,2,25,0.5,0.5,numeric_as_tabulated,mol dm-3,Instructions default,LiClO4,as_tabulated; consult notes,water unless otherwise specified in source,1 bar / 1 atm unless explicitly specified (source ambiguity retained),lgK,7.5,log10 equilibrium constant (source concentration/activity convention),=,as_tabulated,,lgK:7.5(0.1SD),0.1,SD,standard deviation as reported,3,MPT,31881,literature_measurement_technique,derived classification from source technique; not proof that the tabulated value was directly measured,not independently remeasured; retain source weight and notes,"[""2"", ""25"", ""0.5"", ""LiClO4"", ""lgK:7.5(0.1SD)"", ""3"", ""MPT"", ""31881""]","{""bbox_points"": [60.180392156862744, 410.4, 551.2925490196078, 428.88], ""doi"": ""10.5281/zenodo.7700024"", ""page"": 18, ""source_file"": ""GER.PDF""}","[{""page"": 18, ""text"": ""Note (2): Rec. in [9906], considering ML4 and ML6 instead ML4 and ML5""}]",[]
JESS-8.9:Ge:60706:3,60706,3,25,0.5,0.5,numeric_as_tabulated,mol dm-3,Instructions default,Unknown,as_tabulated; consult notes,water unless otherwise specified in source,1 bar / 1 atm unless explicitly specified (source ambiguity retained),lgK,7.5,log10 equilibrium constant (source concentration/activity convention),=,as_tabulated,,lgK:7.5(2SF),2,SF,significant figures; not an uncertainty interval,2,CRV,2556,calculated_or_compiled,derived classification from source technique; not proof that the tabulated value was directly measured,not independently remeasured; retain source weight and notes,"[""3"", ""25"", ""0.5"", ""Unknown"", ""lgK:7.5(2SF)"", ""2"", ""CRV"", ""2556""]","{""bbox_points"": [60.180392156862744, 447.24, 551.2925490196078, 465.66], ""doi"": ""10.5281/zenodo.7700024"", ""page"": 18, ""source_file"": ""GER.PDF""}",[],[]
JESS-8.9:Ge:60706:4,60706,4,25,2.5,2.5,numeric_as_tabulated,mol dm-3,Instructions default,LiClO4,as_tabulated; consult notes,water unless otherwise specified in source,1 bar / 1 atm unless explicitly specified (source ambiguity retained),lgK,7.7,log10 equilibrium constant (source concentration/activity convention),=,as_tabulated,,lgK:7.7(2SF),2,SF,significant figures; not an uncertainty interval,0,CRV,2556,calculated_or_compiled,derived classification from source technique; not proof that the tabulated value was directly measured,not independently remeasured; retain source weight and notes,"[""4"", ""25"", ""2.5"", ""LiClO4"", ""lgK:7.7(2SF)"", ""0"", ""CRV"", ""2556""]","{""bbox_points"": [60.180392156862744, 465.66, 551.2925490196078, 484.02], ""doi"": ""10.5281/zenodo.7700024"", ""page"": 18, ""source_file"": ""GER.PDF""}",[],[]
JESS-8.9:Ge:60706:5,60706,5,25,2.5,2.5,numeric_as_tabulated,mol dm-3,Instructions default,NaClO4,as_tabulated; consult notes,water unless otherwise specified in source,1 bar / 1 atm unless explicitly specified (source ambiguity retained),lgK,7.2,log10 equilibrium constant (source concentration/activity convention),=,as_tabulated,,lgK:7.2(2SF),2,SF,significant figures; not an uncertainty interval,5,CRV,2556,calculated_or_compiled,derived classification from source technique; not proof that the tabulated value was directly measured,not independently remeasured; retain source weight and notes,"[""5"", ""25"", ""2.5"", ""NaClO4"", ""lgK:7.2(2SF)"", ""5"", ""CRV"", ""2556""]","{""bbox_points"": [60.180392156862744, 484.02, 551.2925490196078, 502.44], ""doi"": ""10.5281/zenodo.7700024"", ""page"": 18, ""source_file"": ""GER.PDF""}",[],[]
JESS-8.9:Ge:60706:6,60706,6,25,3,3,numeric_as_tabulated,mol dm-3,Instructions default,LiClO4,as_tabulated; consult notes,water unless otherwise specified in source,1 bar / 1 atm unless explicitly specified (source ambiguity retained),lgK,7.73,log10 equilibrium constant (source concentration/activity convention),=,as_tabulated,,lgK:7.73(0.02SD),0.02,SD,standard deviation as reported,0,MGL,9906,literature_measurement_technique,derived classification from source technique; not proof that the tabulated value was directly measured,not independently remeasured; retain source weight and notes,"[""6"", ""25"", ""3"", ""LiClO4"", ""lgK:7.73(0.02SD)"", ""0"", ""MGL"", ""9906""]","{""bbox_points"": [60.180392156862744, 502.44, 551.2925490196078, 520.8000000000001], ""doi"": ""10.5281/zenodo.7700024"", ""page"": 18, ""source_file"": ""GER.PDF""}",[],[]
JESS-8.9:Ge:60706:7,60706,7,25,3,3,numeric_as_tabulated,mol dm-3,Instructions default,NaClO4,as_tabulated; consult notes,water unless otherwise specified in source,1 bar / 1 atm unless explicitly specified (source ambiguity retained),lgK,7.18,log10 equilibrium constant (source concentration/activity convention),=,as_tabulated,,lgK:7.18(0.10SD),0.10,SD,standard deviation as reported,5,MGL,9906,literature_measurement_technique,derived classification from source technique; not proof that the tabulated value was directly measured,not independently remeasured; retain source weight and notes,"[""7"", ""25"", ""3"", ""NaClO4"", ""lgK:7.18(0.10SD)"", ""5"", ""MGL"", ""9906""]","{""bbox_points"": [60.180392156862744, 520.8000000000001, 551.2925490196078, 539.2800000000001], ""doi"": ""10.5281/zenodo.7700024"", ""page"": 18, ""source_file"": ""GER.PDF""}",[],[]
JESS-8.9:Ge:60948:1,60948,1,20,0,0,numeric_as_tabulated,mol dm-3,Instructions default,Unknown,as_tabulated; consult notes,water unless otherwise specified in source,1 bar / 1 atm unless explicitly specified (source ambiguity retained),lgK,6.07,log10 equilibrium constant (source concentration/activity convention),=,deprecated_species,,lgK:6.07(3SF),3,SF,significant figures; not an uncertainty interval,0,MSE,31904,literature_measurement_technique,derived classification from source technique; not proof that the tabulated value was directly measured,not independently remeasured; retain source weight and notes,"[""1"", ""20"", ""0"", ""Unknown"", ""lgK:6.07(3SF)"", ""0"", ""MSE"", ""31904""]","{""bbox_points"": [60.180392156862744, 629.19, 551.2925490196078, 647.8199999999999], ""doi"": ""10.5281/zenodo.7700024"", ""page"": 18, ""source_file"": ""GER.PDF""}","[{""page"": 18, ""text"": ""Note: Ge+4 is deprecated because does not exist in aqueous solution""}]","[""source_deprecates_species""]"
JESS-8.9:Ge:64286:1,64286,1,0,0,0,numeric_as_tabulated,mol dm-3,Instructions default,Self Medium,as_tabulated; consult notes,water unless otherwise specified in source,1 bar / 1 atm unless explicitly specified (source ambiguity retained),lgK,-1.631,log10 equilibrium constant (source concentration/activity convention),=,as_tabulated,,lgK:-1.631(4SF),4,SF,significant figures; not an uncertainty interval,3,EOD,31908,calculated_or_compiled,derived classification from source technique; not proof that the tabulated value was directly measured,not independently remeasured; retain source weight and notes,"[""1"", ""0"", ""0"", ""Self Medium"", ""lgK:-1.631(4SF)"", ""3"", ""EOD"", ""31908""]","{""bbox_points"": [60.13150684931506, 53.579999999999984, 551.3309589041096, 72.12], ""doi"": ""10.5281/zenodo.7700024"", ""page"": 19, ""source_file"": ""GER.PDF""}","[{""page"": 19, ""text"": ""Note (1): Source data: Vehov et al (1964)""}]",[]
JESS-8.9:Ge:64286:2,64286,2,0,0,0,numeric_as_tabulated,mol dm-3,Instructions default,Self Medium,as_tabulated; consult notes,water unless otherwise specified in source,1 bar / 1 atm unless explicitly specified (source ambiguity retained),lgK,-1.7,log10 equilibrium constant (source concentration/activity convention),=,as_tabulated,,lgK:-1.7(2SF),2,SF,significant figures; not an uncertainty interval,1,MSL,31960,literature_measurement_technique,derived classification from source technique; not proof that the tabulated value was directly measured,not independently remeasured; retain source weight and notes,"[""2"", ""0"", ""0"", ""Self Medium"", ""lgK:-1.7(2SF)"", ""1"", ""MSL"", ""31960""]","{""bbox_points"": [60.13150684931506, 90.48000000000002, 551.3309589041096, 108.84000000000003], ""doi"": ""10.5281/zenodo.7700024"", ""page"": 19, ""source_file"": ""GER.PDF""}",[],[]
JESS-8.9:Ge:64286:3,64286,3,11,0,0,numeric_as_tabulated,mol dm-3,Instructions default,Self Medium,as_tabulated; consult notes,water unless otherwise specified in source,1 bar / 1 atm unless explicitly specified (source ambiguity retained),lgK,-1.42,log10 equilibrium constant (source concentration/activity convention),=,as_tabulated,,lgK:-1.42(3SF),3,SF,significant figures; not an uncertainty interval,2,MSL,31869,literature_measurement_technique,derived classification from source technique; not proof that the tabulated value was directly measured,not independently remeasured; retain source weight and notes,"[""3"", ""11"", ""0"", ""Self Medium"", ""lgK:-1.42(3SF)"", ""2"", ""MSL"", ""31869""]","{""bbox_points"": [60.13150684931506, 108.84000000000003, 551.3309589041096, 127.26000000000005], ""doi"": ""10.5281/zenodo.7700024"", ""page"": 19, ""source_file"": ""GER.PDF""}",[],[]
JESS-8.9:Ge:64286:4,64286,4,18,0,0,numeric_as_tabulated,mol dm-3,Instructions default,Self Medium,as_tabulated; consult notes,water unless otherwise specified in source,1 bar / 1 atm unless explicitly specified (source ambiguity retained),lgK,-1.4,log10 equilibrium constant (source concentration/activity convention),=,as_tabulated,,lgK:-1.4(2SF),2,SF,significant figures; not an uncertainty interval,1,MSL,31960,literature_measurement_technique,derived classification from source technique; not proof that the tabulated value was directly measured,not independently remeasured; retain source weight and notes,"[""4"", ""18"", ""0"", ""Self Medium"", ""lgK:-1.4(2SF)"", ""1"", ""MSL"", ""31960""]","{""bbox_points"": [60.13150684931506, 127.26000000000005, 551.3309589041096, 145.62000000000006], ""doi"": ""10.5281/zenodo.7700024"", ""page"": 19, ""source_file"": ""GER.PDF""}",[],[]
JESS-8.9:Ge:64286:5,64286,5,20,0,0,numeric_as_tabulated,mol dm-3,Instructions default,Self Medium,as_tabulated; consult notes,water unless otherwise specified in source,1 bar / 1 atm unless explicitly specified (source ambiguity retained),lgK,-1.39,log10 equilibrium constant (source concentration/activity convention),=,as_tabulated,,lgK:-1.39(3SF),3,SF,significant figures; not an uncertainty interval,2,MSL,31869,literature_measurement_technique,derived classification from source technique; not proof that the tabulated value was directly measured,not independently remeasured; retain source weight and notes,"[""5"", ""20"", ""0"", ""Self Medium"", ""lgK:-1.39(3SF)"", ""2"", ""MSL"", ""31869""]","{""bbox_points"": [60.13150684931506, 145.62000000000006, 551.3309589041096, 164.04000000000002], ""doi"": ""10.5281/zenodo.7700024"", ""page"": 19, ""source_file"": ""GER.PDF""}",[],[]
JESS-8.9:Ge:64286:6,64286,6,20,0,0,numeric_as_tabulated,mol dm-3,Instructions default,Self Medium,as_tabulated; consult notes,water unless otherwise specified in source,1 bar / 1 atm unless explicitly specified (source ambiguity retained),lgK,-1.4,log10 equilibrium constant (source concentration/activity convention),=,as_tabulated,,lgK:-1.4(2SF),2,SF,significant figures; not an uncertainty interval,1,MSL,32019,literature_measurement_technique,derived classification from source technique; not proof that the tabulated value was directly measured,not independently remeasured; retain source weight and notes,"[""6"", ""20"", ""0"", ""Self Medium"", ""lgK:-1.4(2SF)"", ""1"", ""MSL"", ""32019""]","{""bbox_points"": [60.13150684931506, 164.04000000000002, 551.3309589041096, 182.51999999999998], ""doi"": ""10.5281/zenodo.7700024"", ""page"": 19, ""source_file"": ""GER.PDF""}",[],[]
JESS-8.9:Ge:64286:7,64286,7,25,0,0,numeric_as_tabulated,mol dm-3,Instructions default,Self Medium,as_tabulated; consult notes,water unless otherwise specified in source,1 bar / 1 atm unless explicitly specified (source ambiguity retained),lgK,-1.36,log10 equilibrium constant (source concentration/activity convention),=,as_tabulated,,lgK:-1.36(3SF),3,SF,significant figures; not an uncertainty interval,2,MSL,7864,literature_measurement_technique,derived classification from source technique; not proof that the tabulated value was directly measured,not independently remeasured; retain source weight and notes,"[""7"", ""25"", ""0"", ""Self Medium"", ""lgK:-1.36(3SF)"", ""2"", ""MSL"", ""7864""]","{""bbox_points"": [60.13150684931506, 182.51999999999998, 551.3309589041096, 200.88], ""doi"": ""10.5281/zenodo.7700024"", ""page"": 19, ""source_file"": ""GER.PDF""}",[],[]
JESS-8.9:Ge:64286:8,64286,8,25,0,0,numeric_as_tabulated,mol dm-3,Instructions default,Self Medium,as_tabulated; consult notes,water unless otherwise specified in source,1 bar / 1 atm unless explicitly specified (source ambiguity retained),lgK,-1.38,log10 equilibrium constant (source concentration/activity convention),=,as_tabulated,,lgK:-1.38(3SF),3,SF,significant figures; not an uncertainty interval,5,MSL,8740,literature_measurement_technique,derived classification from source technique; not proof that the tabulated value was directly measured,not independently remeasured; retain source weight and notes,"[""8"", ""25"", ""0"", ""Self Medium"", ""lgK:-1.38(3SF)"", ""5"", ""MSL"", ""8740""]","{""bbox_points"": [60.13150684931506, 200.88, 551.3309589041096, 219.3], ""doi"": ""10.5281/zenodo.7700024"", ""page"": 19, ""source_file"": ""GER.PDF""}",[],[]
JESS-8.9:Ge:64286:9,64286,9,25,0,0,numeric_as_tabulated,mol dm-3,Instructions default,Self Medium,as_tabulated; consult notes,water unless otherwise specified in source,1 bar / 1 atm unless explicitly specified (source ambiguity retained),lgK,-1.37,log10 equilibrium constant (source concentration/activity convention),=,as_tabulated,,lgK:-1.37(3SF),3,SF,significant figures; not an uncertainty interval,3,MSL,31868,literature_measurement_technique,derived classification from source technique; not proof that the tabulated value was directly measured,not independently remeasured; retain source weight and notes,"[""9"", ""25"", ""0"", ""Self Medium"", ""lgK:-1.37(3SF)"", ""3"", ""MSL"", ""31868""]","{""bbox_points"": [60.13150684931506, 219.3, 551.3309589041096, 237.66000000000003], ""doi"": ""10.5281/zenodo.7700024"", ""page"": 19, ""source_file"": ""GER.PDF""}",[],[]
JESS-8.9:Ge:64286:10,64286,10,25,0,0,numeric_as_tabulated,mol dm-3,Instructions default,Self Medium,as_tabulated; consult notes,water unless otherwise specified in source,1 bar / 1 atm unless explicitly specified (source ambiguity retained),lgK,-1.370,log10 equilibrium constant (source concentration/activity convention),=,as_tabulated,,lgK:-1.370(4SF),4,SF,significant figures; not an uncertainty interval,4,EOD,31908,calculated_or_compiled,derived classification from source technique; not proof that the tabulated value was directly measured,not independently remeasured; retain source weight and notes,"[""10"", ""25"", ""0"", ""Self Medium"", ""lgK:-1.370(4SF)"", ""4"", ""EOD"", ""31908""]","{""bbox_points"": [60.13150684931506, 237.66000000000003, 551.3309589041096, 256.08000000000004], ""doi"": ""10.5281/zenodo.7700024"", ""page"": 19, ""source_file"": ""GER.PDF""}","[{""page"": 19, ""text"": ""Note (10): Source data: Vehov et al (1964)""}]",[]
JESS-8.9:Ge:64286:11,64286,11,25,0,0,numeric_as_tabulated,mol dm-3,Instructions default,Self Medium,as_tabulated; consult notes,water unless otherwise specified in source,1 bar / 1 atm unless explicitly specified (source ambiguity retained),lgK,-1.37,log10 equilibrium constant (source concentration/activity convention),=,as_tabulated,,lgK:-1.37(3SF),3,SF,significant figures; not an uncertainty interval,0,MSL,31959,literature_measurement_technique,derived classification from source technique; not proof that the tabulated value was directly measured,not independently remeasured; retain source weight and notes,"[""11"", ""25"", ""0"", ""Self Medium"", ""lgK:-1.37(3SF)"", ""0"", ""MSL"", ""31959""]","{""bbox_points"": [60.13150684931506, 274.44000000000005, 551.3309589041096, 292.8], ""doi"": ""10.5281/zenodo.7700024"", ""page"": 19, ""source_file"": ""GER.PDF""}",[],[]
JESS-8.9:Ge:64286:12,64286,12,25,0,0,numeric_as_tabulated,mol dm-3,Instructions default,Self Medium,as_tabulated; consult notes,water unless otherwise specified in source,1 bar / 1 atm unless explicitly specified (source ambiguity retained),lgK,-1.38,log10 equilibrium constant (source concentration/activity convention),=,as_tabulated,,lgK:-1.38(3SF),3,SF,significant figures; not an uncertainty interval,2,MSL,31971,literature_measurement_technique,derived classification from source technique; not proof that the tabulated value was directly measured,not independently remeasured; retain source weight and notes,"[""12"", ""25"", ""0"", ""Self Medium"", ""lgK:-1.38(3SF)"", ""2"", ""MSL"", ""31971""]","{""bbox_points"": [60.13150684931506, 292.8, 551.3309589041096, 311.34000000000003], ""doi"": ""10.5281/zenodo.7700024"", ""page"": 19, ""source_file"": ""GER.PDF""}",[],[]
JESS-8.9:Ge:64286:13,64286,13,26,0,0,numeric_as_tabulated,mol dm-3,Instructions default,Self Medium,as_tabulated; consult notes,water unless otherwise specified in source,1 bar / 1 atm unless explicitly specified (source ambiguity retained),lgK,-1.35,log10 equilibrium constant (source concentration/activity convention),=,as_tabulated,,lgK:-1.35(3SF),3,SF,significant figures; not an uncertainty interval,2,MSL,31869,literature_measurement_technique,derived classification from source technique; not proof that the tabulated value was directly measured,not independently remeasured; retain source weight and notes,"[""13"", ""26"", ""0"", ""Self Medium"", ""lgK:-1.35(3SF)"", ""2"", ""MSL"", ""31869""]","{""bbox_points"": [60.13150684931506, 311.34000000000003, 551.3309589041096, 329.70000000000005], ""doi"": ""10.5281/zenodo.7700024"", ""page"": 19, ""source_file"": ""GER.PDF""}",[],[]
JESS-8.9:Ge:64286:14,64286,14,30,0,0,numeric_as_tabulated,mol dm-3,Instructions default,Self Medium,as_tabulated; consult notes,water unless otherwise specified in source,1 bar / 1 atm unless explicitly specified (source ambiguity retained),lgK,-1.4,log10 equilibrium constant (source concentration/activity convention),=,as_tabulated,,lgK:-1.4(2SF),2,SF,significant figures; not an uncertainty interval,2,MSL,32018,literature_measurement_technique,derived classification from source technique; not proof that the tabulated value was directly measured,not independently remeasured; retain source weight and notes,"[""14"", ""30"", ""0"", ""Self Medium"", ""lgK:-1.4(2SF)"", ""2"", ""MSL"", ""32018""]","{""bbox_points"": [60.13150684931506, 329.70000000000005, 551.3309589041096, 348.12], ""doi"": ""10.5281/zenodo.7700024"", ""page"": 19, ""source_file"": ""GER.PDF""}",[],[]
JESS-8.9:Ge:64286:15,64286,15,35,0,0,numeric_as_tabulated,mol dm-3,Instructions default,Self Medium,as_tabulated; consult notes,water unless otherwise specified in source,1 bar / 1 atm unless explicitly specified (source ambiguity retained),lgK,-1.28,log10 equilibrium constant (source concentration/activity convention),=,as_tabulated,,lgK:-1.28(3SF),3,SF,significant figures; not an uncertainty interval,2,MSL,31869,literature_measurement_technique,derived classification from source technique; not proof that the tabulated value was directly measured,not independently remeasured; retain source weight and notes,"[""15"", ""35"", ""0"", ""Self Medium"", ""lgK:-1.28(3SF)"", ""2"", ""MSL"", ""31869""]","{""bbox_points"": [60.13150684931506, 348.12, 551.3309589041096, 366.48], ""doi"": ""10.5281/zenodo.7700024"", ""page"": 19, ""source_file"": ""GER.PDF""}",[],[]
JESS-8.9:Ge:64286:16,64286,16,41,0,0,numeric_as_tabulated,mol dm-3,Instructions default,Self Medium,as_tabulated; consult notes,water unless otherwise specified in source,1 bar / 1 atm unless explicitly specified (source ambiguity retained),lgK,-1.23,log10 equilibrium constant (source concentration/activity convention),=,as_tabulated,,lgK:-1.23(3SF),3,SF,significant figures; not an uncertainty interval,2,MSL,31869,literature_measurement_technique,derived classification from source technique; not proof that the tabulated value was directly measured,not independently remeasured; retain source weight and notes,"[""16"", ""41"", ""0"", ""Self Medium"", ""lgK:-1.23(3SF)"", ""2"", ""MSL"", ""31869""]","{""bbox_points"": [60.13150684931506, 366.48, 551.3309589041096, 384.84000000000003], ""doi"": ""10.5281/zenodo.7700024"", ""page"": 19, ""source_file"": ""GER.PDF""}",[],[]
JESS-8.9:Ge:64286:17,64286,17,50,0,0,numeric_as_tabulated,mol dm-3,Instructions default,Self Medium,as_tabulated; consult notes,water unless otherwise specified in source,1 bar / 1 atm unless explicitly specified (source ambiguity retained),lgK,-1.168,log10 equilibrium constant (source concentration/activity convention),=,as_tabulated,,lgK:-1.168(4SF),4,SF,significant figures; not an uncertainty interval,4,EOD,31908,calculated_or_compiled,derived classification from source technique; not proof that the tabulated value was directly measured,not independently remeasured; retain source weight and notes,"[""17"", ""50"", ""0"", ""Self Medium"", ""lgK:-1.168(4SF)"", ""4"", ""EOD"", ""31908""]","{""bbox_points"": [60.13150684931506, 384.84000000000003, 551.3309589041096, 403.26], ""doi"": ""10.5281/zenodo.7700024"", ""page"": 19, ""source_file"": ""GER.PDF""}","[{""page"": 19, ""text"": ""Note (17): Source data: Vehov et al (1964)""}]",[]
JESS-8.9:Ge:64286:18,64286,18,75,0,0,numeric_as_tabulated,mol dm-3,Instructions default,Self Medium,as_tabulated; consult notes,water unless otherwise specified in source,1 bar / 1 atm unless explicitly specified (source ambiguity retained),lgK,-0.994,log10 equilibrium constant (source concentration/activity convention),=,as_tabulated,,lgK:-0.994(3SF),3,SF,significant figures; not an uncertainty interval,2,EOD,31908,calculated_or_compiled,derived classification from source technique; not proof that the tabulated value was directly measured,not independently remeasured; retain source weight and notes,"[""18"", ""75"", ""0"", ""Self Medium"", ""lgK:-0.994(3SF)"", ""2"", ""EOD"", ""31908""]","{""bbox_points"": [60.13150684931506, 421.8, 551.3309589041096, 440.16], ""doi"": ""10.5281/zenodo.7700024"", ""page"": 19, ""source_file"": ""GER.PDF""}","[{""page"": 19, ""text"": ""Note (18): Source data: Vehov et al (1964)""}]",[]
JESS-8.9:Ge:64286:19,64286,19,100,0,0,numeric_as_tabulated,mol dm-3,Instructions default,Self Medium,as_tabulated; consult notes,water unless otherwise specified in source,1 bar / 1 atm unless explicitly specified (source ambiguity retained),lgK,-0.848,log10 equilibrium constant (source concentration/activity convention),=,as_tabulated,,lgK:-0.848(3SF),3,SF,significant figures; not an uncertainty interval,2,EOD,31908,calculated_or_compiled,derived classification from source technique; not proof that the tabulated value was directly measured,not independently remeasured; retain source weight and notes,"[""19"", ""100"", ""0"", ""Self Medium"", ""lgK:-0.848(3SF)"", ""2"", ""EOD"", ""31908""]","{""bbox_points"": [60.13150684931506, 458.52, 551.3309589041096, 476.94], ""doi"": ""10.5281/zenodo.7700024"", ""page"": 19, ""source_file"": ""GER.PDF""}","[{""page"": 19, ""text"": ""Note (19): Source data: Vehov et al (1964)""}]",[]
JESS-8.9:Ge:64286:20,64286,20,100,0,0,numeric_as_tabulated,mol dm-3,Instructions default,Self Medium,as_tabulated; consult notes,water unless otherwise specified in source,1 bar / 1 atm unless explicitly specified (source ambiguity retained),lgK,-1.0,log10 equilibrium constant (source concentration/activity convention),=,as_tabulated,,lgK:-1.0(2SF),2,SF,significant figures; not an uncertainty interval,1,MSL,32019,literature_measurement_technique,derived classification from source technique; not proof that the tabulated value was directly measured,not independently remeasured; retain source weight and notes,"[""20"", ""100"", ""0"", ""Self Medium"", ""lgK:-1.0(2SF)"", ""1"", ""MSL"", ""32019""]","{""bbox_points"": [60.13150684931506, 495.3, 551.3309589041096, 513.84], ""doi"": ""10.5281/zenodo.7700024"", ""page"": 19, ""source_file"": ""GER.PDF""}",[],[]
JESS-8.9:Ge:65966:1,65966,1,25,0,0,numeric_as_tabulated,mol dm-3,Instructions default,Inf. Dilution,as_tabulated; consult notes,water unless otherwise specified in source,1 bar / 1 atm unless explicitly specified (source ambiguity retained),lgK,9.9,log10 equilibrium constant (source concentration/activity convention),=,as_tabulated,,lgK:9.9(2SF),2,SF,significant figures; not an uncertainty interval,1,EDH,,calculated_or_compiled,derived classification from source technique; not proof that the tabulated value was directly measured,not independently remeasured; retain source weight and notes,"[""1"", ""25"", ""0"", ""Inf. Dilution"", ""lgK:9.9(2SF)"", ""1"", ""EDH"", """"]","{""bbox_points"": [60.13150684931506, 582.39, 551.3309589041096, 601.02], ""doi"": ""10.5281/zenodo.7700024"", ""page"": 19, ""source_file"": ""GER.PDF""}",[],[]
JESS-8.9:Ge:65966:2,65966,2,25,0.5,0.5,numeric_as_tabulated,mol dm-3,Instructions default,LiClO4,as_tabulated; consult notes,water unless otherwise specified in source,1 bar / 1 atm unless explicitly specified (source ambiguity retained),lgK,10.2,log10 equilibrium constant (source concentration/activity convention),=,as_tabulated,,lgK:10.2(0.1SD),0.1,SD,standard deviation as reported,2,MPT,31881,literature_measurement_technique,derived classification from source technique; not proof that the tabulated value was directly measured,not independently remeasured; retain source weight and notes,"[""2"", ""25"", ""0.5"", ""LiClO4"", ""lgK:10.2(0.1SD)"", ""2"", ""MPT"", ""31881""]","{""bbox_points"": [60.13150684931506, 601.02, 551.3309589041096, 619.3800000000001], ""doi"": ""10.5281/zenodo.7700024"", ""page"": 19, ""source_file"": ""GER.PDF""}","[{""page"": 19, ""text"": ""Note (2): Rec. in [9906], considering ML4 and ML6 instead ML4 and ML5""}]",[]
JESS-8.9:Ge:65966:3,65966,3,25,0.5,0.5,numeric_as_tabulated,mol dm-3,Instructions default,Unknown,as_tabulated; consult notes,water unless otherwise specified in source,1 bar / 1 atm unless explicitly specified (source ambiguity retained),lgK,10.2,log10 equilibrium constant (source concentration/activity convention),=,as_tabulated,,lgK:10.2(3SF),3,SF,significant figures; not an uncertainty interval,2,CRV,552,calculated_or_compiled,derived classification from source technique; not proof that the tabulated value was directly measured,not independently remeasured; retain source weight and notes,"[""3"", ""25"", ""0.5"", ""Unknown"", ""lgK:10.2(3SF)"", ""2"", ""CRV"", ""552""]","{""bbox_points"": [60.13150684931506, 637.8000000000001, 551.3309589041096, 656.2800000000001], ""doi"": ""10.5281/zenodo.7700024"", ""page"": 19, ""source_file"": ""GER.PDF""}",[],[]
JESS-8.9:Ge:65966:4,65966,4,25,2.5,2.5,numeric_as_tabulated,mol dm-3,Instructions default,LiClO4,as_tabulated; consult notes,water unless otherwise specified in source,1 bar / 1 atm unless explicitly specified (source ambiguity retained),lgK,10.8,log10 equilibrium constant (source concentration/activity convention),=,as_tabulated,,lgK:10.8(3SF),3,SF,significant figures; not an uncertainty interval,0,CRV,552,calculated_or_compiled,derived classification from source technique; not proof that the tabulated value was directly measured,not independently remeasured; retain source weight and notes,"[""4"", ""25"", ""2.5"", ""LiClO4"", ""lgK:10.8(3SF)"", ""0"", ""CRV"", ""552""]","{""bbox_points"": [60.13150684931506, 656.2800000000001, 551.3309589041096, 674.64], ""doi"": ""10.5281/zenodo.7700024"", ""page"": 19, ""source_file"": ""GER.PDF""}",[],[]
JESS-8.9:Ge:65966:5,65966,5,25,2.5,2.5,numeric_as_tabulated,mol dm-3,Instructions default,NaClO4,as_tabulated; consult notes,water unless otherwise specified in source,1 bar / 1 atm unless explicitly specified (source ambiguity retained),lgK,9.9,log10 equilibrium constant (source concentration/activity convention),=,as_tabulated,,lgK:9.9(2SF),2,SF,significant figures; not an uncertainty interval,2,CRV,552,calculated_or_compiled,derived classification from source technique; not proof that the tabulated value was directly measured,not independently remeasured; retain source weight and notes,"[""5"", ""25"", ""2.5"", ""NaClO4"", ""lgK:9.9(2SF)"", ""2"", ""CRV"", ""552""]","{""bbox_points"": [60.13150684931506, 674.64, 551.3309589041096, 693.06], ""doi"": ""10.5281/zenodo.7700024"", ""page"": 19, ""source_file"": ""GER.PDF""}",[],[]
JESS-8.9:Ge:65966:6,65966,6,25,3,3,numeric_as_tabulated,mol dm-3,Instructions default,LiClO4,as_tabulated; consult notes,water unless otherwise specified in source,1 bar / 1 atm unless explicitly specified (source ambiguity retained),lgK,10.8,log10 equilibrium constant (source concentration/activity convention),=,as_tabulated,,lgK:10.8(0.1SD),0.1,SD,standard deviation as reported,0,MGL,9906,literature_measurement_technique,derived classification from source technique; not proof that the tabulated value was directly measured,not independently remeasured; retain source weight and notes,"[""6"", ""25"", ""3"", ""LiClO4"", ""lgK:10.8(0.1SD)"", ""0"", ""MGL"", ""9906""]","{""bbox_points"": [60.13150684931506, 693.06, 551.3309589041096, 711.4200000000001], ""doi"": ""10.5281/zenodo.7700024"", ""page"": 19, ""source_file"": ""GER.PDF""}",[],[]
JESS-8.9:Ge:65966:7,65966,7,25,3,3,numeric_as_tabulated,mol dm-3,Instructions default,NaClO4,as_tabulated; consult notes,water unless otherwise specified in source,1 bar / 1 atm unless explicitly specified (source ambiguity retained),lgK,9.94,log10 equilibrium constant (source concentration/activity convention),=,as_tabulated,,lgK:9.94(0.10SD),0.10,SD,standard deviation as reported,4,MGL,9906,literature_measurement_technique,derived classification from source technique; not proof that the tabulated value was directly measured,not independently remeasured; retain source weight and notes,"[""7"", ""25"", ""3"", ""NaClO4"", ""lgK:9.94(0.10SD)"", ""4"", ""MGL"", ""9906""]","{""bbox_points"": [60.15549295774648, 53.579999999999984, 551.3121126760562, 72.12], ""doi"": ""10.5281/zenodo.7700024"", ""page"": 20, ""source_file"": ""GER.PDF""}",[],[]
JESS-8.9:Ge:66135:1,66135,1,20,0,0,numeric_as_tabulated,mol dm-3,Instructions default,Unknown,as_tabulated; consult notes,water unless otherwise specified in source,1 bar / 1 atm unless explicitly specified (source ambiguity retained),lgK,5.17,log10 equilibrium constant (source concentration/activity convention),=,deprecated_species,,lgK:5.17(3SF),3,SF,significant figures; not an uncertainty interval,0,MSE,31904,literature_measurement_technique,derived classification from source technique; not proof that the tabulated value was directly measured,not independently remeasured; retain source weight and notes,"[""1"", ""20"", ""0"", ""Unknown"", ""lgK:5.17(3SF)"", ""0"", ""MSE"", ""31904""]","{""bbox_points"": [60.15549295774648, 162.03, 551.3121126760562, 180.72000000000003], ""doi"": ""10.5281/zenodo.7700024"", ""page"": 20, ""source_file"": ""GER.PDF""}","[{""page"": 20, ""text"": ""Note: Ge+4 is deprecated because does not exist in aqueous solution""}]","[""source_deprecates_species""]"
JESS-8.9:Ge:66136:1,66136,1,20,0,0,numeric_as_tabulated,mol dm-3,Instructions default,Unknown,as_tabulated; consult notes,water unless otherwise specified in source,1 bar / 1 atm unless explicitly specified (source ambiguity retained),lgK,4.18,log10 equilibrium constant (source concentration/activity convention),=,deprecated_species,,lgK:4.18(3SF),3,SF,significant figures; not an uncertainty interval,0,MSE,31904,literature_measurement_technique,derived classification from source technique; not proof that the tabulated value was directly measured,not independently remeasured; retain source weight and notes,"[""1"", ""20"", ""0"", ""Unknown"", ""lgK:4.18(3SF)"", ""0"", ""MSE"", ""31904""]","{""bbox_points"": [60.15549295774648, 270.63, 551.3121126760562, 289.20000000000005], ""doi"": ""10.5281/zenodo.7700024"", ""page"": 20, ""source_file"": ""GER.PDF""}","[{""page"": 20, ""text"": ""Note: Ge+4 is deprecated because does not exist in aqueous solution""}]","[""source_deprecates_species""]"
JESS-8.9:Ge:66760:1,66760,1,25,0,0,numeric_as_tabulated,mol dm-3,Instructions default,Inf. Dilution,as_tabulated; consult notes,water unless otherwise specified in source,1 bar / 1 atm unless explicitly specified (source ambiguity retained),lgK,85.,log10 equilibrium constant (source concentration/activity convention),=,as_tabulated,,lgK:85.(2SF),2,SF,significant figures; not an uncertainty interval,0,ELC,,calculated_or_compiled,derived classification from source technique; not proof that the tabulated value was directly measured,not independently remeasured; retain source weight and notes,"[""1"", ""25"", ""0"", ""Inf. Dilution"", ""lgK:85.(2SF)"", ""0"", ""ELC"", """"]","{""bbox_points"": [60.15549295774648, 357.93, 551.3121126760562, 376.56], ""doi"": ""10.5281/zenodo.7700024"", ""page"": 20, ""source_file"": ""GER.PDF""}",[],[]
JESS-8.9:Ge:66760:2,66760,2,25,0,0,numeric_as_tabulated,mol dm-3,Instructions default,Inf. Dilution,as_tabulated; consult notes,water unless otherwise specified in source,1 bar / 1 atm unless explicitly specified (source ambiguity retained),lgK,91.33,log10 equilibrium constant (source concentration/activity convention),=,as_tabulated,,lgK:91.33(4SF),4,SF,significant figures; not an uncertainty interval,0,ENS,6422,unspecified,derived classification from source technique; not proof that the tabulated value was directly measured,not independently remeasured; retain source weight and notes,"[""2"", ""25"", ""0"", ""Inf. Dilution"", ""lgK:91.33(4SF)"", ""0"", ""ENS"", ""6422""]","{""bbox_points"": [60.15549295774648, 376.56, 551.3121126760562, 394.92], ""doi"": ""10.5281/zenodo.7700024"", ""page"": 20, ""source_file"": ""GER.PDF""}",[],[]
JESS-8.9:Ge:66760:3,66760,3,27,0,0,numeric_as_tabulated,mol dm-3,Instructions default,Inf. Dilution,as_tabulated; consult notes,water unless otherwise specified in source,1 bar / 1 atm unless explicitly specified (source ambiguity retained),lgK,90.70,log10 equilibrium constant (source concentration/activity convention),=,as_tabulated,,lgK:90.70(4SF),4,SF,significant figures; not an uncertainty interval,0,ENS,6422,unspecified,derived classification from source technique; not proof that the tabulated value was directly measured,not independently remeasured; retain source weight and notes,"[""3"", ""27"", ""0"", ""Inf. Dilution"", ""lgK:90.70(4SF)"", ""0"", ""ENS"", ""6422""]","{""bbox_points"": [60.15549295774648, 394.92, 551.3121126760562, 413.28], ""doi"": ""10.5281/zenodo.7700024"", ""page"": 20, ""source_file"": ""GER.PDF""}",[],[]
JESS-8.9:Ge:66760:4,66760,4,127,0,0,numeric_as_tabulated,mol dm-3,Instructions default,Inf. Dilution,as_tabulated; consult notes,water unless otherwise specified in source,1 bar / 1 atm unless explicitly specified (source ambiguity retained),lgK,65.46,log10 equilibrium constant (source concentration/activity convention),=,as_tabulated,,lgK:65.46(4SF),4,SF,significant figures; not an uncertainty interval,4,ENS,6422,unspecified,derived classification from source technique; not proof that the tabulated value was directly measured,not independently remeasured; retain source weight and notes,"[""4"", ""127"", ""0"", ""Inf. Dilution"", ""lgK:65.46(4SF)"", ""4"", ""ENS"", ""6422""]","{""bbox_points"": [60.15549295774648, 413.28, 551.3121126760562, 431.70000000000005], ""doi"": ""10.5281/zenodo.7700024"", ""page"": 20, ""source_file"": ""GER.PDF""}",[],[]
JESS-8.9:Ge:66760:5,66760,5,227,0,0,numeric_as_tabulated,mol dm-3,Instructions default,Inf. Dilution,as_tabulated; consult notes,water unless otherwise specified in source,1 bar / 1 atm unless explicitly specified (source ambiguity retained),lgK,50.33,log10 equilibrium constant (source concentration/activity convention),=,as_tabulated,,lgK:50.33(4SF),4,SF,significant figures; not an uncertainty interval,3,ENS,6422,unspecified,derived classification from source technique; not proof that the tabulated value was directly measured,not independently remeasured; retain source weight and notes,"[""5"", ""227"", ""0"", ""Inf. Dilution"", ""lgK:50.33(4SF)"", ""3"", ""ENS"", ""6422""]","{""bbox_points"": [60.15549295774648, 431.70000000000005, 551.3121126760562, 450.06], ""doi"": ""10.5281/zenodo.7700024"", ""page"": 20, ""source_file"": ""GER.PDF""}",[],[]
JESS-8.9:Ge:66760:6,66760,6,327,0,0,numeric_as_tabulated,mol dm-3,Instructions default,Inf. Dilution,as_tabulated; consult notes,water unless otherwise specified in source,1 bar / 1 atm unless explicitly specified (source ambiguity retained),lgK,40.26,log10 equilibrium constant (source concentration/activity convention),=,as_tabulated,,lgK:40.26(4SF),4,SF,significant figures; not an uncertainty interval,0,ENS,6422,unspecified,derived classification from source technique; not proof that the tabulated value was directly measured,not independently remeasured; retain source weight and notes,"[""6"", ""327"", ""0"", ""Inf. Dilution"", ""lgK:40.26(4SF)"", ""0"", ""ENS"", ""6422""]","{""bbox_points"": [60.15549295774648, 450.06, 551.3121126760562, 468.6], ""doi"": ""10.5281/zenodo.7700024"", ""page"": 20, ""source_file"": ""GER.PDF""}",[],[]
JESS-8.9:Ge:66760:7,66760,7,25,0,0,numeric_as_tabulated,mol dm-3,Instructions default,Inf. Dilution,as_tabulated; consult notes,water unless otherwise specified in source,1 bar / 1 atm unless explicitly specified (source ambiguity retained),dG,-124.6,kcal mol-1,=,as_tabulated,,dG:-124.6(4SF),4,SF,significant figures; not an uncertainty interval,0,EFE,6422,calculated_or_compiled,derived classification from source technique; not proof that the tabulated value was directly measured,not independently remeasured; retain source weight and notes,"[""7"", ""25"", ""0"", ""Inf. Dilution"", ""dG:-124.6(4SF)"", ""0"", ""EFE"", ""6422""]","{""bbox_points"": [60.15549295774648, 468.6, 551.3121126760562, 486.96000000000004], ""doi"": ""10.5281/zenodo.7700024"", ""page"": 20, ""source_file"": ""GER.PDF""}",[],[]
JESS-8.9:Ge:66760:8,66760,8,25,0,0,numeric_as_tabulated,mol dm-3,Instructions default,Inf. Dilution,as_tabulated; consult notes,water unless otherwise specified in source,1 bar / 1 atm unless explicitly specified (source ambiguity retained),dG,-490.,kJ mol-1,=,as_tabulated,,dG:-490.(3SF)kJ,3,SF,significant figures; not an uncertainty interval,0,CRV,8746,calculated_or_compiled,derived classification from source technique; not proof that the tabulated value was directly measured,not independently remeasured; retain source weight and notes,"[""8"", ""25"", ""0"", ""Inf. Dilution"", ""dG:-490.(3SF)kJ"", ""0"", ""CRV"", ""8746""]","{""bbox_points"": [60.15549295774648, 486.96000000000004, 551.3121126760562, 505.32000000000005], ""doi"": ""10.5281/zenodo.7700024"", ""page"": 20, ""source_file"": ""GER.PDF""}",[],[]
JESS-8.9:Ge:66760:9,66760,9,25,0,0,numeric_as_tabulated,mol dm-3,Instructions default,Inf. Dilution,as_tabulated; consult notes,water unless otherwise specified in source,1 bar / 1 atm unless explicitly specified (source ambiguity retained),dG,-521.40,kJ mol-1,=,as_tabulated,,dG:-521.40(1.002SD)kJ,1.002,SD,standard deviation as reported,0,CRV,14923,calculated_or_compiled,derived classification from source technique; not proof that the tabulated value was directly measured,not independently remeasured; retain source weight and notes,"[""9"", ""25"", ""0"", ""Inf. Dilution"", ""dG:-521.40(1.002SD)kJ"", ""0"", ""CRV"", ""14923""]","{""bbox_points"": [60.15549295774648, 505.32000000000005, 551.3121126760562, 523.74], ""doi"": ""10.5281/zenodo.7700024"", ""page"": 20, ""source_file"": ""GER.PDF""}",[],[]
JESS-8.9:Ge:66760:10,66760,10,25,0,0,numeric_as_tabulated,mol dm-3,Instructions default,Inf. Dilution,as_tabulated; consult notes,water unless otherwise specified in source,1 bar / 1 atm unless explicitly specified (source ambiguity retained),dG,-521.36,kJ mol-1,=,as_tabulated,,dG:-521.36(2.93SD)kJ,2.93,SD,standard deviation as reported,0,EOD,30883,calculated_or_compiled,derived classification from source technique; not proof that the tabulated value was directly measured,not independently remeasured; retain source weight and notes,"[""10"", ""25"", ""0"", ""Inf. Dilution"", ""dG:-521.36(2.93SD)kJ"", ""0"", ""EOD"", ""30883""]","{""bbox_points"": [60.15549295774648, 523.74, 551.3121126760562, 542.0999999999999], ""doi"": ""10.5281/zenodo.7700024"", ""page"": 20, ""source_file"": ""GER.PDF""}",[],[]
JESS-8.9:Ge:66760:11,66760,11,25,0,0,numeric_as_tabulated,mol dm-3,Instructions default,Inf. Dilution,as_tabulated; consult notes,water unless otherwise specified in source,1 bar / 1 atm unless explicitly specified (source ambiguity retained),dG,-124.60,kcal mol-1,=,as_tabulated,,dG:-124.60(5SF),5,SF,significant figures; not an uncertainty interval,0,CRV,31291,calculated_or_compiled,derived classification from source technique; not proof that the tabulated value was directly measured,not independently remeasured; retain source weight and notes,"[""11"", ""25"", ""0"", ""Inf. Dilution"", ""dG:-124.60(5SF)"", ""0"", ""CRV"", ""31291""]","{""bbox_points"": [60.15549295774648, 542.0999999999999, 551.3121126760562, 560.52], ""doi"": ""10.5281/zenodo.7700024"", ""page"": 20, ""source_file"": ""GER.PDF""}",[],[]
JESS-8.9:Ge:66760:12,66760,12,25,0,0,numeric_as_tabulated,mol dm-3,Instructions default,Inf. Dilution,as_tabulated; consult notes,water unless otherwise specified in source,1 bar / 1 atm unless explicitly specified (source ambiguity retained),dH,-139.,kcal mol-1,=,as_tabulated,,dH:-139.(0.3SD),0.3,SD,standard deviation as reported,7,CRV,5605,calculated_or_compiled,derived classification from source technique; not proof that the tabulated value was directly measured,not independently remeasured; retain source weight and notes,"[""12"", ""25"", ""0"", ""Inf. Dilution"", ""dH:-139.(0.3SD)"", ""7"", ""CRV"", ""5605""]","{""bbox_points"": [60.15549295774648, 560.52, 551.3121126760562, 578.88], ""doi"": ""10.5281/zenodo.7700024"", ""page"": 20, ""source_file"": ""GER.PDF""}",[],[]
JESS-8.9:Ge:66760:13,66760,13,25,0,0,numeric_as_tabulated,mol dm-3,Instructions default,Inf. Dilution,as_tabulated; consult notes,water unless otherwise specified in source,1 bar / 1 atm unless explicitly specified (source ambiguity retained),dH,-138.6,kcal mol-1,=,as_tabulated,,dH:-138.6(4SF),4,SF,significant figures; not an uncertainty interval,4,MTD,6422,literature_measurement_technique,derived classification from source technique; not proof that the tabulated value was directly measured,not independently remeasured; retain source weight and notes,"[""13"", ""25"", ""0"", ""Inf. Dilution"", ""dH:-138.6(4SF)"", ""4"", ""MTD"", ""6422""]","{""bbox_points"": [60.15549295774648, 578.88, 551.3121126760562, 597.36], ""doi"": ""10.5281/zenodo.7700024"", ""page"": 20, ""source_file"": ""GER.PDF""}",[],[]
JESS-8.9:Ge:66760:14,66760,14,25,0,0,numeric_as_tabulated,mol dm-3,Instructions default,Inf. Dilution,as_tabulated; consult notes,water unless otherwise specified in source,1 bar / 1 atm unless explicitly specified (source ambiguity retained),dH,-580.0,kJ mol-1,=,as_tabulated,,dH:-580.0(1.0MD)kJ,1.0,MD,maximum deviation as reported,6,CRV,8746,calculated_or_compiled,derived classification from source technique; not proof that the tabulated value was directly measured,not independently remeasured; retain source weight and notes,"[""14"", ""25"", ""0"", ""Inf. Dilution"", ""dH:-580.0(1.0MD)kJ"", ""6"", ""CRV"", ""8746""]","{""bbox_points"": [60.15549295774648, 597.36, 551.3121126760562, 615.78], ""doi"": ""10.5281/zenodo.7700024"", ""page"": 20, ""source_file"": ""GER.PDF""}",[],[]
JESS-8.9:Ge:66760:15,66760,15,25,0,0,numeric_as_tabulated,mol dm-3,Instructions default,Inf. Dilution,as_tabulated; consult notes,water unless otherwise specified in source,1 bar / 1 atm unless explicitly specified (source ambiguity retained),dH,-580.00,kJ mol-1,=,as_tabulated,,dH:-580.00(1.000SD)kJ,1.000,SD,standard deviation as reported,6,CRV,14923,calculated_or_compiled,derived classification from source technique; not proof that the tabulated value was directly measured,not independently remeasured; retain source weight and notes,"[""15"", ""25"", ""0"", ""Inf. Dilution"", ""dH:-580.00(1.000SD)kJ"", ""6"", ""CRV"", ""14923""]","{""bbox_points"": [60.15549295774648, 615.78, 551.3121126760562, 634.2], ""doi"": ""10.5281/zenodo.7700024"", ""page"": 20, ""source_file"": ""GER.PDF""}",[],[]
JESS-8.9:Ge:66760:16,66760,16,25,0,0,numeric_as_tabulated,mol dm-3,Instructions default,Inf. Dilution,as_tabulated; consult notes,water unless otherwise specified in source,1 bar / 1 atm unless explicitly specified (source ambiguity retained),dH,-580.32,kJ mol-1,=,as_tabulated,,dH:-580.32(2.93SD)kJ,2.93,SD,standard deviation as reported,3,EOD,30883,calculated_or_compiled,derived classification from source technique; not proof that the tabulated value was directly measured,not independently remeasured; retain source weight and notes,"[""16"", ""25"", ""0"", ""Inf. Dilution"", ""dH:-580.32(2.93SD)kJ"", ""3"", ""EOD"", ""30883""]","{""bbox_points"": [60.15549295774648, 634.2, 551.3121126760562, 652.5600000000001], ""doi"": ""10.5281/zenodo.7700024"", ""page"": 20, ""source_file"": ""GER.PDF""}",[],[]
JESS-8.9:Ge:66760:17,66760,17,25,0,0,numeric_as_tabulated,mol dm-3,Instructions default,Inf. Dilution,as_tabulated; consult notes,water unless otherwise specified in source,1 bar / 1 atm unless explicitly specified (source ambiguity retained),dH,-138.60,kcal mol-1,=,as_tabulated,,dH:-138.60(5SF),5,SF,significant figures; not an uncertainty interval,3,CRV,31291,calculated_or_compiled,derived classification from source technique; not proof that the tabulated value was directly measured,not independently remeasured; retain source weight and notes,"[""17"", ""25"", ""0"", ""Inf. Dilution"", ""dH:-138.60(5SF)"", ""3"", ""CRV"", ""31291""]","{""bbox_points"": [60.15549295774648, 652.5600000000001, 551.3121126760562, 670.92], ""doi"": ""10.5281/zenodo.7700024"", ""page"": 20, ""source_file"": ""GER.PDF""}",[],[]
JESS-8.9:Ge:66760:18,66760,18,127,0,0,numeric_as_tabulated,mol dm-3,Instructions default,Inf. Dilution,as_tabulated; consult notes,water unless otherwise specified in source,1 bar / 1 atm unless explicitly specified (source ambiguity retained),dH,-138.5,kcal mol-1,=,as_tabulated,,dH:-138.5(4SF),4,SF,significant figures; not an uncertainty interval,2,MTD,6422,literature_measurement_technique,derived classification from source technique; not proof that the tabulated value was directly measured,not independently remeasured; retain source weight and notes,"[""18"", ""127"", ""0"", ""Inf. Dilution"", ""dH:-138.5(4SF)"", ""2"", ""MTD"", ""6422""]","{""bbox_points"": [60.15549295774648, 670.92, 551.3121126760562, 689.3399999999999], ""doi"": ""10.5281/zenodo.7700024"", ""page"": 20, ""source_file"": ""GER.PDF""}",[],[]
JESS-8.9:Ge:66760:19,66760,19,227,0,0,numeric_as_tabulated,mol dm-3,Instructions default,Inf. Dilution,as_tabulated; consult notes,water unless otherwise specified in source,1 bar / 1 atm unless explicitly specified (source ambiguity retained),dH,-138.3,kcal mol-1,=,as_tabulated,,dH:-138.3(4SF),4,SF,significant figures; not an uncertainty interval,2,MTD,6422,literature_measurement_technique,derived classification from source technique; not proof that the tabulated value was directly measured,not independently remeasured; retain source weight and notes,"[""19"", ""227"", ""0"", ""Inf. Dilution"", ""dH:-138.3(4SF)"", ""2"", ""MTD"", ""6422""]","{""bbox_points"": [60.15549295774648, 689.3399999999999, 551.3121126760562, 707.8199999999999], ""doi"": ""10.5281/zenodo.7700024"", ""page"": 20, ""source_file"": ""GER.PDF""}",[],[]
JESS-8.9:Ge:66760:20,66760,20,327,0,0,numeric_as_tabulated,mol dm-3,Instructions default,Inf. Dilution,as_tabulated; consult notes,water unless otherwise specified in source,1 bar / 1 atm unless explicitly specified (source ambiguity retained),dH,-138.1,kcal mol-1,=,as_tabulated,,dH:-138.1(4SF),4,SF,significant figures; not an uncertainty interval,0,MTD,6422,literature_measurement_technique,derived classification from source technique; not proof that the tabulated value was directly measured,not independently remeasured; retain source weight and notes,"[""20"", ""327"", ""0"", ""Inf. Dilution"", ""dH:-138.1(4SF)"", ""0"", ""MTD"", ""6422""]","{""bbox_points"": [60.152727272727276, 53.579999999999984, 551.3142857142857, 72.12], ""doi"": ""10.5281/zenodo.7700024"", ""page"": 21, ""source_file"": ""GER.PDF""}",[],[]
JESS-8.9:Ge:66760:21,66760,21,25,0,0,numeric_as_tabulated,mol dm-3,Instructions default,Inf. Dilution,as_tabulated; consult notes,water unless otherwise specified in source,1 bar / 1 atm unless explicitly specified (source ambiguity retained),Cp,50.166,J K-1 mol-1,=,as_tabulated,,Cp:50.166(0.3SD)J/K,0.3,SD,standard deviation as reported,5,CRV,27292,calculated_or_compiled,derived classification from source technique; not proof that the tabulated value was directly measured,not independently remeasured; retain source weight and notes,"[""21"", ""25"", ""0"", ""Inf. Dilution"", ""Cp:50.166(0.3SD)J/K"", ""5"", ""CRV"", ""27292""]","{""bbox_points"": [60.152727272727276, 72.12, 551.3142857142857, 90.48000000000002], ""doi"": ""10.5281/zenodo.7700024"", ""page"": 21, ""source_file"": ""GER.PDF""}",[],[]
JESS-8.9:Ge:66760:22,66760,22,25,0,0,numeric_as_tabulated,mol dm-3,Instructions default,Inf. Dilution,as_tabulated; consult notes,water unless otherwise specified in source,1 bar / 1 atm unless explicitly specified (source ambiguity retained),Cp,68.86,J K-1 mol-1,=,as_tabulated,,Cp:68.86(4SF)J/K,4,SF,significant figures; not an uncertainty interval,3,EOD,30883,calculated_or_compiled,derived classification from source technique; not proof that the tabulated value was directly measured,not independently remeasured; retain source weight and notes,"[""22"", ""25"", ""0"", ""Inf. Dilution"", ""Cp:68.86(4SF)J/K"", ""3"", ""EOD"", ""30883""]","{""bbox_points"": [60.152727272727276, 90.48000000000002, 551.3142857142857, 108.84000000000003], ""doi"": ""10.5281/zenodo.7700024"", ""page"": 21, ""source_file"": ""GER.PDF""}",[],[]
JESS-8.9:Ge:66761:1,66761,1,25,0,0,numeric_as_tabulated,mol dm-3,Instructions default,Inf. Dilution,as_tabulated; consult notes,water unless otherwise specified in source,1 bar / 1 atm unless explicitly specified (source ambiguity retained),lgK,3.201,log10 equilibrium constant (source concentration/activity convention),=,as_tabulated,,lgK:3.201(4SF),4,SF,significant figures; not an uncertainty interval,4,ENS,6422,unspecified,derived classification from source technique; not proof that the tabulated value was directly measured,not independently remeasured; retain source weight and notes,"[""1"", ""25"", ""0"", ""Inf. Dilution"", ""lgK:3.201(4SF)"", ""4"", ""ENS"", ""6422""]","{""bbox_points"": [60.152727272727276, 177.57000000000002, 551.3142857142857, 196.20000000000005], ""doi"": ""10.5281/zenodo.7700024"", ""page"": 21, ""source_file"": ""GER.PDF""}",[],[]
JESS-8.9:Ge:66761:2,66761,2,27,0,0,numeric_as_tabulated,mol dm-3,Instructions default,Inf. Dilution,as_tabulated; consult notes,water unless otherwise specified in source,1 bar / 1 atm unless explicitly specified (source ambiguity retained),lgK,3.179,log10 equilibrium constant (source concentration/activity convention),=,as_tabulated,,lgK:3.179(4SF),4,SF,significant figures; not an uncertainty interval,4,ENS,6422,unspecified,derived classification from source technique; not proof that the tabulated value was directly measured,not independently remeasured; retain source weight and notes,"[""2"", ""27"", ""0"", ""Inf. Dilution"", ""lgK:3.179(4SF)"", ""4"", ""ENS"", ""6422""]","{""bbox_points"": [60.152727272727276, 196.20000000000005, 551.3142857142857, 214.56000000000006], ""doi"": ""10.5281/zenodo.7700024"", ""page"": 21, ""source_file"": ""GER.PDF""}",[],[]
JESS-8.9:Ge:66761:3,66761,3,127,0,0,numeric_as_tabulated,mol dm-3,Instructions default,Inf. Dilution,as_tabulated; consult notes,water unless otherwise specified in source,1 bar / 1 atm unless explicitly specified (source ambiguity retained),lgK,2.228,log10 equilibrium constant (source concentration/activity convention),=,as_tabulated,,lgK:2.228(4SF),4,SF,significant figures; not an uncertainty interval,4,ENS,6422,unspecified,derived classification from source technique; not proof that the tabulated value was directly measured,not independently remeasured; retain source weight and notes,"[""3"", ""127"", ""0"", ""Inf. Dilution"", ""lgK:2.228(4SF)"", ""4"", ""ENS"", ""6422""]","{""bbox_points"": [60.152727272727276, 214.56000000000006, 551.3142857142857, 232.92000000000002], ""doi"": ""10.5281/zenodo.7700024"", ""page"": 21, ""source_file"": ""GER.PDF""}",[],[]
JESS-8.9:Ge:66761:4,66761,4,227,0,0,numeric_as_tabulated,mol dm-3,Instructions default,Inf. Dilution,as_tabulated; consult notes,water unless otherwise specified in source,1 bar / 1 atm unless explicitly specified (source ambiguity retained),lgK,1.636,log10 equilibrium constant (source concentration/activity convention),=,as_tabulated,,lgK:1.636(4SF),4,SF,significant figures; not an uncertainty interval,4,ENS,6422,unspecified,derived classification from source technique; not proof that the tabulated value was directly measured,not independently remeasured; retain source weight and notes,"[""4"", ""227"", ""0"", ""Inf. Dilution"", ""lgK:1.636(4SF)"", ""4"", ""ENS"", ""6422""]","{""bbox_points"": [60.152727272727276, 232.92000000000002, 551.3142857142857, 251.33999999999997], ""doi"": ""10.5281/zenodo.7700024"", ""page"": 21, ""source_file"": ""GER.PDF""}",[],[]
JESS-8.9:Ge:66761:5,66761,5,327,0,0,numeric_as_tabulated,mol dm-3,Instructions default,Inf. Dilution,as_tabulated; consult notes,water unless otherwise specified in source,1 bar / 1 atm unless explicitly specified (source ambiguity retained),lgK,1.235,log10 equilibrium constant (source concentration/activity convention),=,as_tabulated,,lgK:1.235(4SF),4,SF,significant figures; not an uncertainty interval,4,ENS,6422,unspecified,derived classification from source technique; not proof that the tabulated value was directly measured,not independently remeasured; retain source weight and notes,"[""5"", ""327"", ""0"", ""Inf. Dilution"", ""lgK:1.235(4SF)"", ""4"", ""ENS"", ""6422""]","{""bbox_points"": [60.152727272727276, 251.33999999999997, 551.3142857142857, 269.7], ""doi"": ""10.5281/zenodo.7700024"", ""page"": 21, ""source_file"": ""GER.PDF""}",[],[]
JESS-8.9:Ge:66761:6,66761,6,25,0,0,numeric_as_tabulated,mol dm-3,Instructions default,Inf. Dilution,as_tabulated; consult notes,water unless otherwise specified in source,1 bar / 1 atm unless explicitly specified (source ambiguity retained),dG,-4.37,kcal mol-1,=,as_tabulated,,dG:-4.37(3SF),3,SF,significant figures; not an uncertainty interval,4,EFE,6422,calculated_or_compiled,derived classification from source technique; not proof that the tabulated value was directly measured,not independently remeasured; retain source weight and notes,"[""6"", ""25"", ""0"", ""Inf. Dilution"", ""dG:-4.37(3SF)"", ""4"", ""EFE"", ""6422""]","{""bbox_points"": [60.152727272727276, 269.7, 551.3142857142857, 288.24], ""doi"": ""10.5281/zenodo.7700024"", ""page"": 21, ""source_file"": ""GER.PDF""}",[],[]
JESS-8.9:Ge:66761:7,66761,7,25,0,0,numeric_as_tabulated,mol dm-3,Instructions default,Inf. Dilution,as_tabulated; consult notes,water unless otherwise specified in source,1 bar / 1 atm unless explicitly specified (source ambiguity retained),dH,-5.0,kcal mol-1,=,as_tabulated,,dH:-5.0(2SF),2,SF,significant figures; not an uncertainty interval,4,MTD,6422,literature_measurement_technique,derived classification from source technique; not proof that the tabulated value was directly measured,not independently remeasured; retain source weight and notes,"[""7"", ""25"", ""0"", ""Inf. Dilution"", ""dH:-5.0(2SF)"", ""4"", ""MTD"", ""6422""]","{""bbox_points"": [60.152727272727276, 288.24, 551.3142857142857, 306.6], ""doi"": ""10.5281/zenodo.7700024"", ""page"": 21, ""source_file"": ""GER.PDF""}",[],[]
JESS-8.9:Ge:66761:8,66761,8,127,0,0,numeric_as_tabulated,mol dm-3,Instructions default,Inf. Dilution,as_tabulated; consult notes,water unless otherwise specified in source,1 bar / 1 atm unless explicitly specified (source ambiguity retained),dH,-5.3,kcal mol-1,=,as_tabulated,,dH:-5.3(2SF),2,SF,significant figures; not an uncertainty interval,4,MTD,6422,literature_measurement_technique,derived classification from source technique; not proof that the tabulated value was directly measured,not independently remeasured; retain source weight and notes,"[""8"", ""127"", ""0"", ""Inf. Dilution"", ""dH:-5.3(2SF)"", ""4"", ""MTD"", ""6422""]","{""bbox_points"": [60.152727272727276, 306.6, 551.3142857142857, 324.96000000000004], ""doi"": ""10.5281/zenodo.7700024"", ""page"": 21, ""source_file"": ""GER.PDF""}",[],[]
JESS-8.9:Ge:66761:9,66761,9,227,0,0,numeric_as_tabulated,mol dm-3,Instructions default,Inf. Dilution,as_tabulated; consult notes,water unless otherwise specified in source,1 bar / 1 atm unless explicitly specified (source ambiguity retained),dH,-5.5,kcal mol-1,=,as_tabulated,,dH:-5.5(2SF),2,SF,significant figures; not an uncertainty interval,4,MTD,6422,literature_measurement_technique,derived classification from source technique; not proof that the tabulated value was directly measured,not independently remeasured; retain source weight and notes,"[""9"", ""227"", ""0"", ""Inf. Dilution"", ""dH:-5.5(2SF)"", ""4"", ""MTD"", ""6422""]","{""bbox_points"": [60.152727272727276, 324.96000000000004, 551.3142857142857, 343.38], ""doi"": ""10.5281/zenodo.7700024"", ""page"": 21, ""source_file"": ""GER.PDF""}",[],[]
JESS-8.9:Ge:66761:10,66761,10,327,0,0,numeric_as_tabulated,mol dm-3,Instructions default,Inf. Dilution,as_tabulated; consult notes,water unless otherwise specified in source,1 bar / 1 atm unless explicitly specified (source ambiguity retained),dH,-5.6,kcal mol-1,=,as_tabulated,,dH:-5.6(2SF),2,SF,significant figures; not an uncertainty interval,4,MTD,6422,literature_measurement_technique,derived classification from source technique; not proof that the tabulated value was directly measured,not independently remeasured; retain source weight and notes,"[""10"", ""327"", ""0"", ""Inf. Dilution"", ""dH:-5.6(2SF)"", ""4"", ""MTD"", ""6422""]","{""bbox_points"": [60.152727272727276, 343.38, 551.3142857142857, 361.74], ""doi"": ""10.5281/zenodo.7700024"", ""page"": 21, ""source_file"": ""GER.PDF""}",[],[]
JESS-8.9:Ge:66762:1,66762,1,25,0,0,numeric_as_tabulated,mol dm-3,Instructions default,Inf. Dilution,as_tabulated; consult notes,water unless otherwise specified in source,1 bar / 1 atm unless explicitly specified (source ambiguity retained),lgK,13.49,log10 equilibrium constant (source concentration/activity convention),=,as_tabulated,,lgK:13.49(4SF),4,SF,significant figures; not an uncertainty interval,4,ENS,6422,unspecified,derived classification from source technique; not proof that the tabulated value was directly measured,not independently remeasured; retain source weight and notes,"[""1"", ""25"", ""0"", ""Inf. Dilution"", ""lgK:13.49(4SF)"", ""4"", ""ENS"", ""6422""]","{""bbox_points"": [60.152727272727276, 430.47, 551.3142857142857, 449.04], ""doi"": ""10.5281/zenodo.7700024"", ""page"": 21, ""source_file"": ""GER.PDF""}",[],[]
JESS-8.9:Ge:66762:2,66762,2,27,0,0,numeric_as_tabulated,mol dm-3,Instructions default,Inf. Dilution,as_tabulated; consult notes,water unless otherwise specified in source,1 bar / 1 atm unless explicitly specified (source ambiguity retained),lgK,13.41,log10 equilibrium constant (source concentration/activity convention),=,as_tabulated,,lgK:13.41(4SF),4,SF,significant figures; not an uncertainty interval,4,ENS,6422,unspecified,derived classification from source technique; not proof that the tabulated value was directly measured,not independently remeasured; retain source weight and notes,"[""2"", ""27"", ""0"", ""Inf. Dilution"", ""lgK:13.41(4SF)"", ""4"", ""ENS"", ""6422""]","{""bbox_points"": [60.152727272727276, 449.04, 551.3142857142857, 467.46000000000004], ""doi"": ""10.5281/zenodo.7700024"", ""page"": 21, ""source_file"": ""GER.PDF""}",[],[]
JESS-8.9:Ge:66762:3,66762,3,127,0,0,numeric_as_tabulated,mol dm-3,Instructions default,Inf. Dilution,as_tabulated; consult notes,water unless otherwise specified in source,1 bar / 1 atm unless explicitly specified (source ambiguity retained),lgK,10.08,log10 equilibrium constant (source concentration/activity convention),=,as_tabulated,,lgK:10.08(4SF),4,SF,significant figures; not an uncertainty interval,2,ENS,6422,unspecified,derived classification from source technique; not proof that the tabulated value was directly measured,not independently remeasured; retain source weight and notes,"[""3"", ""127"", ""0"", ""Inf. Dilution"", ""lgK:10.08(4SF)"", ""2"", ""ENS"", ""6422""]","{""bbox_points"": [60.152727272727276, 467.46000000000004, 551.3142857142857, 485.82000000000005], ""doi"": ""10.5281/zenodo.7700024"", ""page"": 21, ""source_file"": ""GER.PDF""}",[],[]
JESS-8.9:Ge:66762:4,66762,4,227,0,0,numeric_as_tabulated,mol dm-3,Instructions default,Inf. Dilution,as_tabulated; consult notes,water unless otherwise specified in source,1 bar / 1 atm unless explicitly specified (source ambiguity retained),lgK,8.026,log10 equilibrium constant (source concentration/activity convention),=,as_tabulated,,lgK:8.026(4SF),4,SF,significant figures; not an uncertainty interval,1,ENS,6422,unspecified,derived classification from source technique; not proof that the tabulated value was directly measured,not independently remeasured; retain source weight and notes,"[""4"", ""227"", ""0"", ""Inf. Dilution"", ""lgK:8.026(4SF)"", ""1"", ""ENS"", ""6422""]","{""bbox_points"": [60.152727272727276, 485.82000000000005, 551.3142857142857, 504.24], ""doi"": ""10.5281/zenodo.7700024"", ""page"": 21, ""source_file"": ""GER.PDF""}",[],[]
JESS-8.9:Ge:66762:5,66762,5,327,0,0,numeric_as_tabulated,mol dm-3,Instructions default,Inf. Dilution,as_tabulated; consult notes,water unless otherwise specified in source,1 bar / 1 atm unless explicitly specified (source ambiguity retained),lgK,6.634,log10 equilibrium constant (source concentration/activity convention),=,as_tabulated,,lgK:6.634(4SF),4,SF,significant figures; not an uncertainty interval,0,ENS,6422,unspecified,derived classification from source technique; not proof that the tabulated value was directly measured,not independently remeasured; retain source weight and notes,"[""5"", ""327"", ""0"", ""Inf. Dilution"", ""lgK:6.634(4SF)"", ""0"", ""ENS"", ""6422""]","{""bbox_points"": [60.152727272727276, 504.24, 551.3142857142857, 522.72], ""doi"": ""10.5281/zenodo.7700024"", ""page"": 21, ""source_file"": ""GER.PDF""}",[],[]
JESS-8.9:Ge:66762:6,66762,6,25,0,0,numeric_as_tabulated,mol dm-3,Instructions default,Inf. Dilution,as_tabulated; consult notes,water unless otherwise specified in source,1 bar / 1 atm unless explicitly specified (source ambiguity retained),dG,-18.40,kcal mol-1,=,as_tabulated,,dG:-18.40(4SF),4,SF,significant figures; not an uncertainty interval,4,EFE,6422,calculated_or_compiled,derived classification from source technique; not proof that the tabulated value was directly measured,not independently remeasured; retain source weight and notes,"[""6"", ""25"", ""0"", ""Inf. Dilution"", ""dG:-18.40(4SF)"", ""4"", ""EFE"", ""6422""]","{""bbox_points"": [60.152727272727276, 522.72, 551.3142857142857, 541.08], ""doi"": ""10.5281/zenodo.7700024"", ""page"": 21, ""source_file"": ""GER.PDF""}",[],[]
JESS-8.9:Ge:66762:7,66762,7,25,0,0,numeric_as_tabulated,mol dm-3,Instructions default,Inf. Dilution,as_tabulated; consult notes,water unless otherwise specified in source,1 bar / 1 atm unless explicitly specified (source ambiguity retained),dG,-71.5,kJ mol-1,=,as_tabulated,,dG:-71.5(3SF)kJ,3,SF,significant figures; not an uncertainty interval,3,CRV,9015,calculated_or_compiled,derived classification from source technique; not proof that the tabulated value was directly measured,not independently remeasured; retain source weight and notes,"[""7"", ""25"", ""0"", ""Inf. Dilution"", ""dG:-71.5(3SF)kJ"", ""3"", ""CRV"", ""9015""]","{""bbox_points"": [60.152727272727276, 541.08, 551.3142857142857, 559.5], ""doi"": ""10.5281/zenodo.7700024"", ""page"": 21, ""source_file"": ""GER.PDF""}",[],[]
JESS-8.9:Ge:66762:8,66762,8,25,0,0,numeric_as_tabulated,mol dm-3,Instructions default,Inf. Dilution,as_tabulated; consult notes,water unless otherwise specified in source,1 bar / 1 atm unless explicitly specified (source ambiguity retained),dH,-18.2,kcal mol-1,=,as_tabulated,,dH:-18.2(3SF),3,SF,significant figures; not an uncertainty interval,4,MTD,6422,literature_measurement_technique,derived classification from source technique; not proof that the tabulated value was directly measured,not independently remeasured; retain source weight and notes,"[""8"", ""25"", ""0"", ""Inf. Dilution"", ""dH:-18.2(3SF)"", ""4"", ""MTD"", ""6422""]","{""bbox_points"": [60.152727272727276, 559.5, 551.3142857142857, 577.8599999999999], ""doi"": ""10.5281/zenodo.7700024"", ""page"": 21, ""source_file"": ""GER.PDF""}",[],[]
JESS-8.9:Ge:66762:9,66762,9,25,0,0,numeric_as_tabulated,mol dm-3,Instructions default,Inf. Dilution,as_tabulated; consult notes,water unless otherwise specified in source,1 bar / 1 atm unless explicitly specified (source ambiguity retained),dH,-69.0,kJ mol-1,=,as_tabulated,,dH:-69.0(3SF)kJ,3,SF,significant figures; not an uncertainty interval,4,CRV,9015,calculated_or_compiled,derived classification from source technique; not proof that the tabulated value was directly measured,not independently remeasured; retain source weight and notes,"[""9"", ""25"", ""0"", ""Inf. Dilution"", ""dH:-69.0(3SF)kJ"", ""4"", ""CRV"", ""9015""]","{""bbox_points"": [60.152727272727276, 577.8599999999999, 551.3142857142857, 596.2800000000001], ""doi"": ""10.5281/zenodo.7700024"", ""page"": 21, ""source_file"": ""GER.PDF""}",[],[]
JESS-8.9:Ge:66762:10,66762,10,127,0,0,numeric_as_tabulated,mol dm-3,Instructions default,Inf. Dilution,as_tabulated; consult notes,water unless otherwise specified in source,1 bar / 1 atm unless explicitly specified (source ambiguity retained),dH,-18.7,kcal mol-1,=,as_tabulated,,dH:-18.7(3SF),3,SF,significant figures; not an uncertainty interval,1,MTD,6422,literature_measurement_technique,derived classification from source technique; not proof that the tabulated value was directly measured,not independently remeasured; retain source weight and notes,"[""10"", ""127"", ""0"", ""Inf. Dilution"", ""dH:-18.7(3SF)"", ""1"", ""MTD"", ""6422""]","{""bbox_points"": [60.152727272727276, 596.2800000000001, 551.3142857142857, 614.64], ""doi"": ""10.5281/zenodo.7700024"", ""page"": 21, ""source_file"": ""GER.PDF""}",[],[]
JESS-8.9:Ge:66762:11,66762,11,227,0,0,numeric_as_tabulated,mol dm-3,Instructions default,Inf. Dilution,as_tabulated; consult notes,water unless otherwise specified in source,1 bar / 1 atm unless explicitly specified (source ambiguity retained),dH,-19.0,kcal mol-1,=,as_tabulated,,dH:-19.0(3SF),3,SF,significant figures; not an uncertainty interval,0,MTD,6422,literature_measurement_technique,derived classification from source technique; not proof that the tabulated value was directly measured,not independently remeasured; retain source weight and notes,"[""11"", ""227"", ""0"", ""Inf. Dilution"", ""dH:-19.0(3SF)"", ""0"", ""MTD"", ""6422""]","{""bbox_points"": [60.152727272727276, 614.64, 551.3142857142857, 633.12], ""doi"": ""10.5281/zenodo.7700024"", ""page"": 21, ""source_file"": ""GER.PDF""}",[],[]
JESS-8.9:Ge:66762:12,66762,12,327,0,0,numeric_as_tabulated,mol dm-3,Instructions default,Inf. Dilution,as_tabulated; consult notes,water unless otherwise specified in source,1 bar / 1 atm unless explicitly specified (source ambiguity retained),dH,-19.2,kcal mol-1,=,as_tabulated,,dH:-19.2(3SF),3,SF,significant figures; not an uncertainty interval,0,MTD,6422,literature_measurement_technique,derived classification from source technique; not proof that the tabulated value was directly measured,not independently remeasured; retain source weight and notes,"[""12"", ""327"", ""0"", ""Inf. Dilution"", ""dH:-19.2(3SF)"", ""0"", ""MTD"", ""6422""]","{""bbox_points"": [60.152727272727276, 633.12, 551.3142857142857, 651.54], ""doi"": ""10.5281/zenodo.7700024"", ""page"": 21, ""source_file"": ""GER.PDF""}",[],[]
JESS-8.9:Ge:66763:1,66763,1,25,0,0,numeric_as_tabulated,mol dm-3,Instructions default,Inf. Dilution,as_tabulated; consult notes,water unless otherwise specified in source,1 bar / 1 atm unless explicitly specified (source ambiguity retained),lgK,27.08,log10 equilibrium constant (source concentration/activity convention),=,as_tabulated,,lgK:27.08(4SF),4,SF,significant figures; not an uncertainty interval,4,ENS,6422,unspecified,derived classification from source technique; not proof that the tabulated value was directly measured,not independently remeasured; retain source weight and notes,"[""1"", ""25"", ""0"", ""Inf. Dilution"", ""lgK:27.08(4SF)"", ""4"", ""ENS"", ""6422""]","{""bbox_points"": [60.14270270270269, 53.579999999999984, 551.3221621621622, 72.12], ""doi"": ""10.5281/zenodo.7700024"", ""page"": 22, ""source_file"": ""GER.PDF""}",[],[]
JESS-8.9:Ge:66763:2,66763,2,27,0,0,numeric_as_tabulated,mol dm-3,Instructions default,Inf. Dilution,as_tabulated; consult notes,water unless otherwise specified in source,1 bar / 1 atm unless explicitly specified (source ambiguity retained),lgK,26.91,log10 equilibrium constant (source concentration/activity convention),=,as_tabulated,,lgK:26.91(4SF),4,SF,significant figures; not an uncertainty interval,4,ENS,6422,unspecified,derived classification from source technique; not proof that the tabulated value was directly measured,not independently remeasured; retain source weight and notes,"[""2"", ""27"", ""0"", ""Inf. Dilution"", ""lgK:26.91(4SF)"", ""4"", ""ENS"", ""6422""]","{""bbox_points"": [60.14270270270269, 72.12, 551.3221621621622, 90.48000000000002], ""doi"": ""10.5281/zenodo.7700024"", ""page"": 22, ""source_file"": ""GER.PDF""}",[],[]
JESS-8.9:Ge:66763:3,66763,3,127,0,0,numeric_as_tabulated,mol dm-3,Instructions default,Inf. Dilution,as_tabulated; consult notes,water unless otherwise specified in source,1 bar / 1 atm unless explicitly specified (source ambiguity retained),lgK,20.05,log10 equilibrium constant (source concentration/activity convention),=,as_tabulated,,lgK:20.05(4SF),4,SF,significant figures; not an uncertainty interval,4,ENS,6422,unspecified,derived classification from source technique; not proof that the tabulated value was directly measured,not independently remeasured; retain source weight and notes,"[""3"", ""127"", ""0"", ""Inf. Dilution"", ""lgK:20.05(4SF)"", ""4"", ""ENS"", ""6422""]","{""bbox_points"": [60.14270270270269, 90.48000000000002, 551.3221621621622, 108.84000000000003], ""doi"": ""10.5281/zenodo.7700024"", ""page"": 22, ""source_file"": ""GER.PDF""}",[],[]
JESS-8.9:Ge:66763:4,66763,4,227,0,0,numeric_as_tabulated,mol dm-3,Instructions default,Inf. Dilution,as_tabulated; consult notes,water unless otherwise specified in source,1 bar / 1 atm unless explicitly specified (source ambiguity retained),lgK,15.79,log10 equilibrium constant (source concentration/activity convention),=,as_tabulated,,lgK:15.79(4SF),4,SF,significant figures; not an uncertainty interval,4,ENS,6422,unspecified,derived classification from source technique; not proof that the tabulated value was directly measured,not independently remeasured; retain source weight and notes,"[""4"", ""227"", ""0"", ""Inf. Dilution"", ""lgK:15.79(4SF)"", ""4"", ""ENS"", ""6422""]","{""bbox_points"": [60.14270270270269, 108.84000000000003, 551.3221621621622, 127.26000000000005], ""doi"": ""10.5281/zenodo.7700024"", ""page"": 22, ""source_file"": ""GER.PDF""}",[],[]
JESS-8.9:Ge:66763:5,66763,5,327,0,0,numeric_as_tabulated,mol dm-3,Instructions default,Inf. Dilution,as_tabulated; consult notes,water unless otherwise specified in source,1 bar / 1 atm unless explicitly specified (source ambiguity retained),lgK,12.90,log10 equilibrium constant (source concentration/activity convention),=,as_tabulated,,lgK:12.90(4SF),4,SF,significant figures; not an uncertainty interval,4,ENS,6422,unspecified,derived classification from source technique; not proof that the tabulated value was directly measured,not independently remeasured; retain source weight and notes,"[""5"", ""327"", ""0"", ""Inf. Dilution"", ""lgK:12.90(4SF)"", ""4"", ""ENS"", ""6422""]","{""bbox_points"": [60.14270270270269, 127.26000000000005, 551.3221621621622, 145.62000000000006], ""doi"": ""10.5281/zenodo.7700024"", ""page"": 22, ""source_file"": ""GER.PDF""}",[],[]
JESS-8.9:Ge:66763:6,66763,6,25,0,0,numeric_as_tabulated,mol dm-3,Instructions default,Inf. Dilution,as_tabulated; consult notes,water unless otherwise specified in source,1 bar / 1 atm unless explicitly specified (source ambiguity retained),dG,-36.95,kcal mol-1,=,as_tabulated,,dG:-36.95(4SF),4,SF,significant figures; not an uncertainty interval,4,EFE,6422,calculated_or_compiled,derived classification from source technique; not proof that the tabulated value was directly measured,not independently remeasured; retain source weight and notes,"[""6"", ""25"", ""0"", ""Inf. Dilution"", ""dG:-36.95(4SF)"", ""4"", ""EFE"", ""6422""]","{""bbox_points"": [60.14270270270269, 145.62000000000006, 551.3221621621622, 164.04000000000002], ""doi"": ""10.5281/zenodo.7700024"", ""page"": 22, ""source_file"": ""GER.PDF""}",[],[]
JESS-8.9:Ge:66763:7,66763,7,25,0,0,numeric_as_tabulated,mol dm-3,Instructions default,Inf. Dilution,as_tabulated; consult notes,water unless otherwise specified in source,1 bar / 1 atm unless explicitly specified (source ambiguity retained),dH,-37.5,kcal mol-1,=,as_tabulated,,dH:-37.5(3SF),3,SF,significant figures; not an uncertainty interval,4,MTD,6422,literature_measurement_technique,derived classification from source technique; not proof that the tabulated value was directly measured,not independently remeasured; retain source weight and notes,"[""7"", ""25"", ""0"", ""Inf. Dilution"", ""dH:-37.5(3SF)"", ""4"", ""MTD"", ""6422""]","{""bbox_points"": [60.14270270270269, 164.04000000000002, 551.3221621621622, 182.51999999999998], ""doi"": ""10.5281/zenodo.7700024"", ""page"": 22, ""source_file"": ""GER.PDF""}",[],[]
JESS-8.9:Ge:66763:8,66763,8,127,0,0,numeric_as_tabulated,mol dm-3,Instructions default,Inf. Dilution,as_tabulated; consult notes,water unless otherwise specified in source,1 bar / 1 atm unless explicitly specified (source ambiguity retained),dH,-38.7,kcal mol-1,=,as_tabulated,,dH:-38.7(3SF),3,SF,significant figures; not an uncertainty interval,4,MTD,6422,literature_measurement_technique,derived classification from source technique; not proof that the tabulated value was directly measured,not independently remeasured; retain source weight and notes,"[""8"", ""127"", ""0"", ""Inf. Dilution"", ""dH:-38.7(3SF)"", ""4"", ""MTD"", ""6422""]","{""bbox_points"": [60.14270270270269, 182.51999999999998, 551.3221621621622, 200.88], ""doi"": ""10.5281/zenodo.7700024"", ""page"": 22, ""source_file"": ""GER.PDF""}",[],[]
JESS-8.9:Ge:66763:9,66763,9,227,0,0,numeric_as_tabulated,mol dm-3,Instructions default,Inf. Dilution,as_tabulated; consult notes,water unless otherwise specified in source,1 bar / 1 atm unless explicitly specified (source ambiguity retained),dH,-39.4,kcal mol-1,=,as_tabulated,,dH:-39.4(3SF),3,SF,significant figures; not an uncertainty interval,4,MTD,6422,literature_measurement_technique,derived classification from source technique; not proof that the tabulated value was directly measured,not independently remeasured; retain source weight and notes,"[""9"", ""227"", ""0"", ""Inf. Dilution"", ""dH:-39.4(3SF)"", ""4"", ""MTD"", ""6422""]","{""bbox_points"": [60.14270270270269, 200.88, 551.3221621621622, 219.3], ""doi"": ""10.5281/zenodo.7700024"", ""page"": 22, ""source_file"": ""GER.PDF""}",[],[]
JESS-8.9:Ge:66763:10,66763,10,327,0,0,numeric_as_tabulated,mol dm-3,Instructions default,Inf. Dilution,as_tabulated; consult notes,water unless otherwise specified in source,1 bar / 1 atm unless explicitly specified (source ambiguity retained),dH,-40.0,kcal mol-1,=,as_tabulated,,dH:-40.0(3SF),3,SF,significant figures; not an uncertainty interval,4,MTD,6422,literature_measurement_technique,derived classification from source technique; not proof that the tabulated value was directly measured,not independently remeasured; retain source weight and notes,"[""10"", ""327"", ""0"", ""Inf. Dilution"", ""dH:-40.0(3SF)"", ""4"", ""MTD"", ""6422""]","{""bbox_points"": [60.14270270270269, 219.3, 551.3221621621622, 237.66000000000003], ""doi"": ""10.5281/zenodo.7700024"", ""page"": 22, ""source_file"": ""GER.PDF""}",[],[]
JESS-8.9:Ge:66764:1,66764,1,25,0,0,numeric_as_tabulated,mol dm-3,Instructions default,Inf. Dilution,as_tabulated; consult notes,water unless otherwise specified in source,1 bar / 1 atm unless explicitly specified (source ambiguity retained),lgK,12.35,log10 equilibrium constant (source concentration/activity convention),=,as_tabulated,,lgK:12.35(4SF),4,SF,significant figures; not an uncertainty interval,4,ENS,6422,unspecified,derived classification from source technique; not proof that the tabulated value was directly measured,not independently remeasured; retain source weight and notes,"[""1"", ""25"", ""0"", ""Inf. Dilution"", ""lgK:12.35(4SF)"", ""4"", ""ENS"", ""6422""]","{""bbox_points"": [60.14270270270269, 306.36, 551.3221621621622, 324.96000000000004], ""doi"": ""10.5281/zenodo.7700024"", ""page"": 22, ""source_file"": ""GER.PDF""}",[],[]
JESS-8.9:Ge:66764:2,66764,2,27,0,0,numeric_as_tabulated,mol dm-3,Instructions default,Inf. Dilution,as_tabulated; consult notes,water unless otherwise specified in source,1 bar / 1 atm unless explicitly specified (source ambiguity retained),lgK,12.28,log10 equilibrium constant (source concentration/activity convention),=,as_tabulated,,lgK:12.28(4SF),4,SF,significant figures; not an uncertainty interval,4,ENS,6422,unspecified,derived classification from source technique; not proof that the tabulated value was directly measured,not independently remeasured; retain source weight and notes,"[""2"", ""27"", ""0"", ""Inf. Dilution"", ""lgK:12.28(4SF)"", ""4"", ""ENS"", ""6422""]","{""bbox_points"": [60.14270270270269, 324.96000000000004, 551.3221621621622, 343.38], ""doi"": ""10.5281/zenodo.7700024"", ""page"": 22, ""source_file"": ""GER.PDF""}",[],[]
JESS-8.9:Ge:66764:3,66764,3,127,0,0,numeric_as_tabulated,mol dm-3,Instructions default,Inf. Dilution,as_tabulated; consult notes,water unless otherwise specified in source,1 bar / 1 atm unless explicitly specified (source ambiguity retained),lgK,9.272,log10 equilibrium constant (source concentration/activity convention),=,as_tabulated,,lgK:9.272(4SF),4,SF,significant figures; not an uncertainty interval,4,ENS,6422,unspecified,derived classification from source technique; not proof that the tabulated value was directly measured,not independently remeasured; retain source weight and notes,"[""3"", ""127"", ""0"", ""Inf. Dilution"", ""lgK:9.272(4SF)"", ""4"", ""ENS"", ""6422""]","{""bbox_points"": [60.14270270270269, 343.38, 551.3221621621622, 361.74], ""doi"": ""10.5281/zenodo.7700024"", ""page"": 22, ""source_file"": ""GER.PDF""}",[],[]
JESS-8.9:Ge:66764:4,66764,4,227,0,0,numeric_as_tabulated,mol dm-3,Instructions default,Inf. Dilution,as_tabulated; consult notes,water unless otherwise specified in source,1 bar / 1 atm unless explicitly specified (source ambiguity retained),lgK,7.459,log10 equilibrium constant (source concentration/activity convention),=,as_tabulated,,lgK:7.459(4SF),4,SF,significant figures; not an uncertainty interval,4,ENS,6422,unspecified,derived classification from source technique; not proof that the tabulated value was directly measured,not independently remeasured; retain source weight and notes,"[""4"", ""227"", ""0"", ""Inf. Dilution"", ""lgK:7.459(4SF)"", ""4"", ""ENS"", ""6422""]","{""bbox_points"": [60.14270270270269, 361.74, 551.3221621621622, 380.16], ""doi"": ""10.5281/zenodo.7700024"", ""page"": 22, ""source_file"": ""GER.PDF""}",[],[]
JESS-8.9:Ge:66764:5,66764,5,327,0,0,numeric_as_tabulated,mol dm-3,Instructions default,Inf. Dilution,as_tabulated; consult notes,water unless otherwise specified in source,1 bar / 1 atm unless explicitly specified (source ambiguity retained),lgK,6.147,log10 equilibrium constant (source concentration/activity convention),=,as_tabulated,,lgK:6.147(4SF),4,SF,significant figures; not an uncertainty interval,4,ENS,6422,unspecified,derived classification from source technique; not proof that the tabulated value was directly measured,not independently remeasured; retain source weight and notes,"[""5"", ""327"", ""0"", ""Inf. Dilution"", ""lgK:6.147(4SF)"", ""4"", ""ENS"", ""6422""]","{""bbox_points"": [60.14270270270269, 380.16, 551.3221621621622, 398.52], ""doi"": ""10.5281/zenodo.7700024"", ""page"": 22, ""source_file"": ""GER.PDF""}",[],[]
JESS-8.9:Ge:66764:6,66764,6,25,0,0,numeric_as_tabulated,mol dm-3,Instructions default,Inf. Dilution,as_tabulated; consult notes,water unless otherwise specified in source,1 bar / 1 atm unless explicitly specified (source ambiguity retained),dG,-16.85,kcal mol-1,=,as_tabulated,,dG:-16.85(4SF),4,SF,significant figures; not an uncertainty interval,4,EFE,6422,calculated_or_compiled,derived classification from source technique; not proof that the tabulated value was directly measured,not independently remeasured; retain source weight and notes,"[""6"", ""25"", ""0"", ""Inf. Dilution"", ""dG:-16.85(4SF)"", ""4"", ""EFE"", ""6422""]","{""bbox_points"": [60.14270270270269, 398.52, 551.3221621621622, 417.0], ""doi"": ""10.5281/zenodo.7700024"", ""page"": 22, ""source_file"": ""GER.PDF""}",[],[]
JESS-8.9:Ge:66764:7,66764,7,25,0,0,numeric_as_tabulated,mol dm-3,Instructions default,Inf. Dilution,as_tabulated; consult notes,water unless otherwise specified in source,1 bar / 1 atm unless explicitly specified (source ambiguity retained),dH,-16.5,kcal mol-1,=,as_tabulated,,dH:-16.5(3SF),3,SF,significant figures; not an uncertainty interval,4,MTD,6422,literature_measurement_technique,derived classification from source technique; not proof that the tabulated value was directly measured,not independently remeasured; retain source weight and notes,"[""7"", ""25"", ""0"", ""Inf. Dilution"", ""dH:-16.5(3SF)"", ""4"", ""MTD"", ""6422""]","{""bbox_points"": [60.14270270270269, 417.0, 551.3221621621622, 435.42], ""doi"": ""10.5281/zenodo.7700024"", ""page"": 22, ""source_file"": ""GER.PDF""}",[],[]
JESS-8.9:Ge:66764:8,66764,8,127,0,0,numeric_as_tabulated,mol dm-3,Instructions default,Inf. Dilution,as_tabulated; consult notes,water unless otherwise specified in source,1 bar / 1 atm unless explicitly specified (source ambiguity retained),dH,-16.5,kcal mol-1,=,as_tabulated,,dH:-16.5(3SF),3,SF,significant figures; not an uncertainty interval,4,MTD,6422,literature_measurement_technique,derived classification from source technique; not proof that the tabulated value was directly measured,not independently remeasured; retain source weight and notes,"[""8"", ""127"", ""0"", ""Inf. Dilution"", ""dH:-16.5(3SF)"", ""4"", ""MTD"", ""6422""]","{""bbox_points"": [60.14270270270269, 435.42, 551.3221621621622, 453.78000000000003], ""doi"": ""10.5281/zenodo.7700024"", ""page"": 22, ""source_file"": ""GER.PDF""}",[],[]
JESS-8.9:Ge:66764:9,66764,9,227,0,0,numeric_as_tabulated,mol dm-3,Instructions default,Inf. Dilution,as_tabulated; consult notes,water unless otherwise specified in source,1 bar / 1 atm unless explicitly specified (source ambiguity retained),dH,-17.9,kcal mol-1,=,as_tabulated,,dH:-17.9(3SF),3,SF,significant figures; not an uncertainty interval,4,MTD,6422,literature_measurement_technique,derived classification from source technique; not proof that the tabulated value was directly measured,not independently remeasured; retain source weight and notes,"[""9"", ""227"", ""0"", ""Inf. Dilution"", ""dH:-17.9(3SF)"", ""4"", ""MTD"", ""6422""]","{""bbox_points"": [60.14270270270269, 453.78000000000003, 551.3221621621622, 472.20000000000005], ""doi"": ""10.5281/zenodo.7700024"", ""page"": 22, ""source_file"": ""GER.PDF""}",[],[]
JESS-8.9:Ge:66764:10,66764,10,327,0,0,numeric_as_tabulated,mol dm-3,Instructions default,Inf. Dilution,as_tabulated; consult notes,water unless otherwise specified in source,1 bar / 1 atm unless explicitly specified (source ambiguity retained),dH,-18.1,kcal mol-1,=,as_tabulated,,dH:-18.1(3SF),3,SF,significant figures; not an uncertainty interval,4,MTD,6422,literature_measurement_technique,derived classification from source technique; not proof that the tabulated value was directly measured,not independently remeasured; retain source weight and notes,"[""10"", ""327"", ""0"", ""Inf. Dilution"", ""dH:-18.1(3SF)"", ""4"", ""MTD"", ""6422""]","{""bbox_points"": [60.14270270270269, 472.20000000000005, 551.3221621621622, 490.56], ""doi"": ""10.5281/zenodo.7700024"", ""page"": 22, ""source_file"": ""GER.PDF""}",[],[]
JESS-8.9:Ge:66765:1,66765,1,25,0,0,numeric_as_tabulated,mol dm-3,Instructions default,Inf. Dilution,as_tabulated; consult notes,water unless otherwise specified in source,1 bar / 1 atm unless explicitly specified (source ambiguity retained),lgK,19.63,log10 equilibrium constant (source concentration/activity convention),=,as_tabulated,,lgK:19.63(4SF),4,SF,significant figures; not an uncertainty interval,4,ENS,6422,unspecified,derived classification from source technique; not proof that the tabulated value was directly measured,not independently remeasured; retain source weight and notes,"[""1"", ""25"", ""0"", ""Inf. Dilution"", ""lgK:19.63(4SF)"", ""4"", ""ENS"", ""6422""]","{""bbox_points"": [60.14270270270269, 559.32, 551.3221621621622, 577.8599999999999], ""doi"": ""10.5281/zenodo.7700024"", ""page"": 22, ""source_file"": ""GER.PDF""}",[],[]
JESS-8.9:Ge:66765:2,66765,2,27,0,0,numeric_as_tabulated,mol dm-3,Instructions default,Inf. Dilution,as_tabulated; consult notes,water unless otherwise specified in source,1 bar / 1 atm unless explicitly specified (source ambiguity retained),lgK,19.51,log10 equilibrium constant (source concentration/activity convention),=,as_tabulated,,lgK:19.51(4SF),4,SF,significant figures; not an uncertainty interval,4,ENS,6422,unspecified,derived classification from source technique; not proof that the tabulated value was directly measured,not independently remeasured; retain source weight and notes,"[""2"", ""27"", ""0"", ""Inf. Dilution"", ""lgK:19.51(4SF)"", ""4"", ""ENS"", ""6422""]","{""bbox_points"": [60.14270270270269, 577.8599999999999, 551.3221621621622, 596.2800000000001], ""doi"": ""10.5281/zenodo.7700024"", ""page"": 22, ""source_file"": ""GER.PDF""}",[],[]
JESS-8.9:Ge:66765:3,66765,3,127,0,0,numeric_as_tabulated,mol dm-3,Instructions default,Inf. Dilution,as_tabulated; consult notes,water unless otherwise specified in source,1 bar / 1 atm unless explicitly specified (source ambiguity retained),lgK,14.58,log10 equilibrium constant (source concentration/activity convention),=,as_tabulated,,lgK:14.58(4SF),4,SF,significant figures; not an uncertainty interval,4,ENS,6422,unspecified,derived classification from source technique; not proof that the tabulated value was directly measured,not independently remeasured; retain source weight and notes,"[""3"", ""127"", ""0"", ""Inf. Dilution"", ""lgK:14.58(4SF)"", ""4"", ""ENS"", ""6422""]","{""bbox_points"": [60.14270270270269, 596.2800000000001, 551.3221621621622, 614.64], ""doi"": ""10.5281/zenodo.7700024"", ""page"": 22, ""source_file"": ""GER.PDF""}",[],[]
JESS-8.9:Ge:66765:4,66765,4,227,0,0,numeric_as_tabulated,mol dm-3,Instructions default,Inf. Dilution,as_tabulated; consult notes,water unless otherwise specified in source,1 bar / 1 atm unless explicitly specified (source ambiguity retained),lgK,11.60,log10 equilibrium constant (source concentration/activity convention),=,as_tabulated,,lgK:11.60(4SF),4,SF,significant figures; not an uncertainty interval,4,ENS,6422,unspecified,derived classification from source technique; not proof that the tabulated value was directly measured,not independently remeasured; retain source weight and notes,"[""4"", ""227"", ""0"", ""Inf. Dilution"", ""lgK:11.60(4SF)"", ""4"", ""ENS"", ""6422""]","{""bbox_points"": [60.14270270270269, 614.64, 551.3221621621622, 633.12], ""doi"": ""10.5281/zenodo.7700024"", ""page"": 22, ""source_file"": ""GER.PDF""}",[],[]
JESS-8.9:Ge:66765:5,66765,5,327,0,0,numeric_as_tabulated,mol dm-3,Instructions default,Inf. Dilution,as_tabulated; consult notes,water unless otherwise specified in source,1 bar / 1 atm unless explicitly specified (source ambiguity retained),lgK,9.387,log10 equilibrium constant (source concentration/activity convention),=,as_tabulated,,lgK:9.387(4SF),4,SF,significant figures; not an uncertainty interval,4,ENS,6422,unspecified,derived classification from source technique; not proof that the tabulated value was directly measured,not independently remeasured; retain source weight and notes,"[""5"", ""327"", ""0"", ""Inf. Dilution"", ""lgK:9.387(4SF)"", ""4"", ""ENS"", ""6422""]","{""bbox_points"": [60.14270270270269, 633.12, 551.3221621621622, 651.54], ""doi"": ""10.5281/zenodo.7700024"", ""page"": 22, ""source_file"": ""GER.PDF""}",[],[]
JESS-8.9:Ge:66765:6,66765,6,25,0,0,numeric_as_tabulated,mol dm-3,Instructions default,Inf. Dilution,as_tabulated; consult notes,water unless otherwise specified in source,1 bar / 1 atm unless explicitly specified (source ambiguity retained),dG,-26.78,kcal mol-1,=,as_tabulated,,dG:-26.78(4SF),4,SF,significant figures; not an uncertainty interval,4,EFE,6422,calculated_or_compiled,derived classification from source technique; not proof that the tabulated value was directly measured,not independently remeasured; retain source weight and notes,"[""6"", ""25"", ""0"", ""Inf. Dilution"", ""dG:-26.78(4SF)"", ""4"", ""EFE"", ""6422""]","{""bbox_points"": [60.14270270270269, 651.54, 551.3221621621622, 669.96], ""doi"": ""10.5281/zenodo.7700024"", ""page"": 22, ""source_file"": ""GER.PDF""}",[],[]
JESS-8.9:Ge:66765:7,66765,7,25,0,0,numeric_as_tabulated,mol dm-3,Instructions default,Inf. Dilution,as_tabulated; consult notes,water unless otherwise specified in source,1 bar / 1 atm unless explicitly specified (source ambiguity retained),dH,-27.0,kcal mol-1,=,as_tabulated,,dH:-27.0(3SF),3,SF,significant figures; not an uncertainty interval,4,MTD,6422,literature_measurement_technique,derived classification from source technique; not proof that the tabulated value was directly measured,not independently remeasured; retain source weight and notes,"[""7"", ""25"", ""0"", ""Inf. Dilution"", ""dH:-27.0(3SF)"", ""4"", ""MTD"", ""6422""]","{""bbox_points"": [60.14270270270269, 669.96, 551.3221621621622, 688.32], ""doi"": ""10.5281/zenodo.7700024"", ""page"": 22, ""source_file"": ""GER.PDF""}",[],[]
JESS-8.9:Ge:66765:8,66765,8,127,0,0,numeric_as_tabulated,mol dm-3,Instructions default,Inf. Dilution,as_tabulated; consult notes,water unless otherwise specified in source,1 bar / 1 atm unless explicitly specified (source ambiguity retained),dH,-27.1,kcal mol-1,=,as_tabulated,,dH:-27.1(3SF),3,SF,significant figures; not an uncertainty interval,4,MTD,6422,literature_measurement_technique,derived classification from source technique; not proof that the tabulated value was directly measured,not independently remeasured; retain source weight and notes,"[""8"", ""127"", ""0"", ""Inf. Dilution"", ""dH:-27.1(3SF)"", ""4"", ""MTD"", ""6422""]","{""bbox_points"": [60.14270270270269, 688.32, 551.3221621621622, 706.6800000000001], ""doi"": ""10.5281/zenodo.7700024"", ""page"": 22, ""source_file"": ""GER.PDF""}",[],[]
JESS-8.9:Ge:66765:9,66765,9,227,0,0,numeric_as_tabulated,mol dm-3,Instructions default,Inf. Dilution,as_tabulated; consult notes,water unless otherwise specified in source,1 bar / 1 atm unless explicitly specified (source ambiguity retained),dH,-30.1,kcal mol-1,=,as_tabulated,,dH:-30.1(3SF),3,SF,significant figures; not an uncertainty interval,4,MTD,6422,literature_measurement_technique,derived classification from source technique; not proof that the tabulated value was directly measured,not independently remeasured; retain source weight and notes,"[""9"", ""227"", ""0"", ""Inf. Dilution"", ""dH:-30.1(3SF)"", ""4"", ""MTD"", ""6422""]","{""bbox_points"": [60.164210526315784, 53.579999999999984, 551.3052631578947, 72.12], ""doi"": ""10.5281/zenodo.7700024"", ""page"": 23, ""source_file"": ""GER.PDF""}",[],[]
JESS-8.9:Ge:66765:10,66765,10,327,0,0,numeric_as_tabulated,mol dm-3,Instructions default,Inf. Dilution,as_tabulated; consult notes,water unless otherwise specified in source,1 bar / 1 atm unless explicitly specified (source ambiguity retained),dH,-30.5,kcal mol-1,=,as_tabulated,,dH:-30.5(3SF),3,SF,significant figures; not an uncertainty interval,4,MTD,6422,literature_measurement_technique,derived classification from source technique; not proof that the tabulated value was directly measured,not independently remeasured; retain source weight and notes,"[""10"", ""327"", ""0"", ""Inf. Dilution"", ""dH:-30.5(3SF)"", ""4"", ""MTD"", ""6422""]","{""bbox_points"": [60.164210526315784, 72.12, 551.3052631578947, 90.48000000000002], ""doi"": ""10.5281/zenodo.7700024"", ""page"": 23, ""source_file"": ""GER.PDF""}",[],[]
JESS-8.9:Ge:66766:1,66766,1,25,0,0,numeric_as_tabulated,mol dm-3,Instructions default,Inf. Dilution,as_tabulated; consult notes,water unless otherwise specified in source,1 bar / 1 atm unless explicitly specified (source ambiguity retained),lgK,8.993,log10 equilibrium constant (source concentration/activity convention),=,as_tabulated,,lgK:8.993(4SF),4,SF,significant figures; not an uncertainty interval,4,ENS,6422,unspecified,derived classification from source technique; not proof that the tabulated value was directly measured,not independently remeasured; retain source weight and notes,"[""1"", ""25"", ""0"", ""Inf. Dilution"", ""lgK:8.993(4SF)"", ""4"", ""ENS"", ""6422""]","{""bbox_points"": [60.164210526315784, 159.06, 551.3052631578947, 177.78000000000003], ""doi"": ""10.5281/zenodo.7700024"", ""page"": 23, ""source_file"": ""GER.PDF""}",[],[]
JESS-8.9:Ge:66766:2,66766,2,27,0,0,numeric_as_tabulated,mol dm-3,Instructions default,Inf. Dilution,as_tabulated; consult notes,water unless otherwise specified in source,1 bar / 1 atm unless explicitly specified (source ambiguity retained),lgK,8.940,log10 equilibrium constant (source concentration/activity convention),=,as_tabulated,,lgK:8.940(4SF),4,SF,significant figures; not an uncertainty interval,4,ENS,6422,unspecified,derived classification from source technique; not proof that the tabulated value was directly measured,not independently remeasured; retain source weight and notes,"[""2"", ""27"", ""0"", ""Inf. Dilution"", ""lgK:8.940(4SF)"", ""4"", ""ENS"", ""6422""]","{""bbox_points"": [60.164210526315784, 177.78000000000003, 551.3052631578947, 196.20000000000005], ""doi"": ""10.5281/zenodo.7700024"", ""page"": 23, ""source_file"": ""GER.PDF""}",[],[]
JESS-8.9:Ge:66766:3,66766,3,127,0,0,numeric_as_tabulated,mol dm-3,Instructions default,Inf. Dilution,as_tabulated; consult notes,water unless otherwise specified in source,1 bar / 1 atm unless explicitly specified (source ambiguity retained),lgK,6.832,log10 equilibrium constant (source concentration/activity convention),=,as_tabulated,,lgK:6.832(4SF),4,SF,significant figures; not an uncertainty interval,4,ENS,6422,unspecified,derived classification from source technique; not proof that the tabulated value was directly measured,not independently remeasured; retain source weight and notes,"[""3"", ""127"", ""0"", ""Inf. Dilution"", ""lgK:6.832(4SF)"", ""4"", ""ENS"", ""6422""]","{""bbox_points"": [60.164210526315784, 196.20000000000005, 551.3052631578947, 214.56000000000006], ""doi"": ""10.5281/zenodo.7700024"", ""page"": 23, ""source_file"": ""GER.PDF""}",[],[]
JESS-8.9:Ge:66766:4,66766,4,227,0,0,numeric_as_tabulated,mol dm-3,Instructions default,Inf. Dilution,as_tabulated; consult notes,water unless otherwise specified in source,1 bar / 1 atm unless explicitly specified (source ambiguity retained),lgK,5.569,log10 equilibrium constant (source concentration/activity convention),=,as_tabulated,,lgK:5.569(4SF),4,SF,significant figures; not an uncertainty interval,4,ENS,6422,unspecified,derived classification from source technique; not proof that the tabulated value was directly measured,not independently remeasured; retain source weight and notes,"[""4"", ""227"", ""0"", ""Inf. Dilution"", ""lgK:5.569(4SF)"", ""4"", ""ENS"", ""6422""]","{""bbox_points"": [60.164210526315784, 214.56000000000006, 551.3052631578947, 232.92000000000002], ""doi"": ""10.5281/zenodo.7700024"", ""page"": 23, ""source_file"": ""GER.PDF""}",[],[]
JESS-8.9:Ge:66766:5,66766,5,327,0,0,numeric_as_tabulated,mol dm-3,Instructions default,Inf. Dilution,as_tabulated; consult notes,water unless otherwise specified in source,1 bar / 1 atm unless explicitly specified (source ambiguity retained),lgK,4.726,log10 equilibrium constant (source concentration/activity convention),=,as_tabulated,,lgK:4.726(4SF),4,SF,significant figures; not an uncertainty interval,4,ENS,6422,unspecified,derived classification from source technique; not proof that the tabulated value was directly measured,not independently remeasured; retain source weight and notes,"[""5"", ""327"", ""0"", ""Inf. Dilution"", ""lgK:4.726(4SF)"", ""4"", ""ENS"", ""6422""]","{""bbox_points"": [60.164210526315784, 232.92000000000002, 551.3052631578947, 251.33999999999997], ""doi"": ""10.5281/zenodo.7700024"", ""page"": 23, ""source_file"": ""GER.PDF""}",[],[]
JESS-8.9:Ge:66766:6,66766,6,25,0,0,numeric_as_tabulated,mol dm-3,Instructions default,Inf. Dilution,as_tabulated; consult notes,water unless otherwise specified in source,1 bar / 1 atm unless explicitly specified (source ambiguity retained),dG,-12.27,kcal mol-1,=,as_tabulated,,dG:-12.27(4SF),4,SF,significant figures; not an uncertainty interval,4,EFE,6422,calculated_or_compiled,derived classification from source technique; not proof that the tabulated value was directly measured,not independently remeasured; retain source weight and notes,"[""6"", ""25"", ""0"", ""Inf. Dilution"", ""dG:-12.27(4SF)"", ""4"", ""EFE"", ""6422""]","{""bbox_points"": [60.164210526315784, 251.33999999999997, 551.3052631578947, 269.7], ""doi"": ""10.5281/zenodo.7700024"", ""page"": 23, ""source_file"": ""GER.PDF""}",[],[]
JESS-8.9:Ge:66766:7,66766,7,25,0,0,numeric_as_tabulated,mol dm-3,Instructions default,Inf. Dilution,as_tabulated; consult notes,water unless otherwise specified in source,1 bar / 1 atm unless explicitly specified (source ambiguity retained),dH,-11.6,kcal mol-1,=,as_tabulated,,dH:-11.6(3SF),3,SF,significant figures; not an uncertainty interval,4,MTD,6422,literature_measurement_technique,derived classification from source technique; not proof that the tabulated value was directly measured,not independently remeasured; retain source weight and notes,"[""7"", ""25"", ""0"", ""Inf. Dilution"", ""dH:-11.6(3SF)"", ""4"", ""MTD"", ""6422""]","{""bbox_points"": [60.164210526315784, 269.7, 551.3052631578947, 288.24], ""doi"": ""10.5281/zenodo.7700024"", ""page"": 23, ""source_file"": ""GER.PDF""}",[],[]
JESS-8.9:Ge:66766:8,66766,8,127,0,0,numeric_as_tabulated,mol dm-3,Instructions default,Inf. Dilution,as_tabulated; consult notes,water unless otherwise specified in source,1 bar / 1 atm unless explicitly specified (source ambiguity retained),dH,-11.6,kcal mol-1,=,as_tabulated,,dH:-11.6(3SF),3,SF,significant figures; not an uncertainty interval,4,MTD,6422,literature_measurement_technique,derived classification from source technique; not proof that the tabulated value was directly measured,not independently remeasured; retain source weight and notes,"[""8"", ""127"", ""0"", ""Inf. Dilution"", ""dH:-11.6(3SF)"", ""4"", ""MTD"", ""6422""]","{""bbox_points"": [60.164210526315784, 288.24, 551.3052631578947, 306.6], ""doi"": ""10.5281/zenodo.7700024"", ""page"": 23, ""source_file"": ""GER.PDF""}",[],[]
JESS-8.9:Ge:66766:9,66766,9,227,0,0,numeric_as_tabulated,mol dm-3,Instructions default,Inf. Dilution,as_tabulated; consult notes,water unless otherwise specified in source,1 bar / 1 atm unless explicitly specified (source ambiguity retained),dH,-11.6,kcal mol-1,=,as_tabulated,,dH:-11.6(3SF),3,SF,significant figures; not an uncertainty interval,4,MTD,6422,literature_measurement_technique,derived classification from source technique; not proof that the tabulated value was directly measured,not independently remeasured; retain source weight and notes,"[""9"", ""227"", ""0"", ""Inf. Dilution"", ""dH:-11.6(3SF)"", ""4"", ""MTD"", ""6422""]","{""bbox_points"": [60.164210526315784, 306.6, 551.3052631578947, 324.96000000000004], ""doi"": ""10.5281/zenodo.7700024"", ""page"": 23, ""source_file"": ""GER.PDF""}",[],[]
JESS-8.9:Ge:66766:10,66766,10,327,0,0,numeric_as_tabulated,mol dm-3,Instructions default,Inf. Dilution,as_tabulated; consult notes,water unless otherwise specified in source,1 bar / 1 atm unless explicitly specified (source ambiguity retained),dH,-11.6,kcal mol-1,=,as_tabulated,,dH:-11.6(3SF),3,SF,significant figures; not an uncertainty interval,4,MTD,6422,literature_measurement_technique,derived classification from source technique; not proof that the tabulated value was directly measured,not independently remeasured; retain source weight and notes,"[""10"", ""327"", ""0"", ""Inf. Dilution"", ""dH:-11.6(3SF)"", ""4"", ""MTD"", ""6422""]","{""bbox_points"": [60.164210526315784, 324.96000000000004, 551.3052631578947, 343.38], ""doi"": ""10.5281/zenodo.7700024"", ""page"": 23, ""source_file"": ""GER.PDF""}",[],[]
JESS-8.9:Ge:71062:1,71062,1,25,0,0,numeric_as_tabulated,mol dm-3,Instructions default,Inf. Dilution,as_tabulated; consult notes,water unless otherwise specified in source,1 bar / 1 atm unless explicitly specified (source ambiguity retained),lgK,8.1,log10 equilibrium constant (source concentration/activity convention),=,deprecated_species,,lgK:8.1(2SF),2,SF,significant figures; not an uncertainty interval,0,ELC,,calculated_or_compiled,derived classification from source technique; not proof that the tabulated value was directly measured,not independently remeasured; retain source weight and notes,"[""1"", ""25"", ""0"", ""Inf. Dilution"", ""lgK:8.1(2SF)"", ""0"", ""ELC"", """"]","{""bbox_points"": [60.164210526315784, 433.40999999999997, 551.3052631578947, 451.98], ""doi"": ""10.5281/zenodo.7700024"", ""page"": 23, ""source_file"": ""GER.PDF""}","[{""page"": 23, ""text"": ""Note: Ge+4 is deprecated because does not exist in aqueous solution""}]","[""source_deprecates_species""]"
JESS-8.9:Ge:71062:2,71062,2,25,0,0,numeric_as_tabulated,mol dm-3,Instructions default,Inf. Dilution,as_tabulated; consult notes,water unless otherwise specified in source,1 bar / 1 atm unless explicitly specified (source ambiguity retained),E,0.124,V,=,deprecated_species,,E:0.124(3SF),3,SF,significant figures; not an uncertainty interval,0,CRV,6330,calculated_or_compiled,derived classification from source technique; not proof that the tabulated value was directly measured,not independently remeasured; retain source weight and notes,"[""2"", ""25"", ""0"", ""Inf. Dilution"", ""E:0.124(3SF)"", ""0"", ""CRV"", ""6330""]","{""bbox_points"": [60.164210526315784, 451.98, 551.3052631578947, 470.4], ""doi"": ""10.5281/zenodo.7700024"", ""page"": 23, ""source_file"": ""GER.PDF""}","[{""page"": 23, ""text"": ""Note: Ge+4 is deprecated because does not exist in aqueous solution""}]","[""source_deprecates_species""]"
JESS-8.9:Ge:71062:3,71062,3,25,0,0,numeric_as_tabulated,mol dm-3,Instructions default,Inf. Dilution,as_tabulated; consult notes,water unless otherwise specified in source,1 bar / 1 atm unless explicitly specified (source ambiguity retained),E,0.124,V,=,deprecated_species,,E:0.124(3SF),3,SF,significant figures; not an uncertainty interval,0,CRV,22551,calculated_or_compiled,derived classification from source technique; not proof that the tabulated value was directly measured,not independently remeasured; retain source weight and notes,"[""3"", ""25"", ""0"", ""Inf. Dilution"", ""E:0.124(3SF)"", ""0"", ""CRV"", ""22551""]","{""bbox_points"": [60.164210526315784, 470.4, 551.3052631578947, 488.76], ""doi"": ""10.5281/zenodo.7700024"", ""page"": 23, ""source_file"": ""GER.PDF""}","[{""page"": 23, ""text"": ""Note: Ge+4 is deprecated because does not exist in aqueous solution""}]","[""source_deprecates_species""]"
JESS-8.9:Ge:71063:1,71063,1,25,0,0,numeric_as_tabulated,mol dm-3,Instructions default,Inf. Dilution,as_tabulated; consult notes,water unless otherwise specified in source,1 bar / 1 atm unless explicitly specified (source ambiguity retained),E,-0.182,V,=,as_tabulated,,E:-0.182(3SF),3,SF,significant figures; not an uncertainty interval,5,CRV,6330,calculated_or_compiled,derived classification from source technique; not proof that the tabulated value was directly measured,not independently remeasured; retain source weight and notes,"[""1"", ""25"", ""0"", ""Inf. Dilution"", ""E:-0.182(3SF)"", ""5"", ""CRV"", ""6330""]","{""bbox_points"": [60.164210526315784, 557.49, 551.3052631578947, 576.06], ""doi"": ""10.5281/zenodo.7700024"", ""page"": 23, ""source_file"": ""GER.PDF""}",[],[]
JESS-8.9:Ge:74241:1,74241,1,25,0,0,numeric_as_tabulated,mol dm-3,Instructions default,Inf. Dilution,as_tabulated; consult notes,water unless otherwise specified in source,1 bar / 1 atm unless explicitly specified (source ambiguity retained),lgK,-3.86,log10 equilibrium constant (source concentration/activity convention),=,as_tabulated,,lgK:-3.86(3SF),3,SF,significant figures; not an uncertainty interval,1,ELC,,calculated_or_compiled,derived classification from source technique; not proof that the tabulated value was directly measured,not independently remeasured; retain source weight and notes,"[""1"", ""25"", ""0"", ""Inf. Dilution"", ""lgK:-3.86(3SF)"", ""1"", ""ELC"", """"]","{""bbox_points"": [60.164210526315784, 644.6700000000001, 551.3052631578947, 663.36], ""doi"": ""10.5281/zenodo.7700024"", ""page"": 23, ""source_file"": ""GER.PDF""}",[],[]
JESS-8.9:Ge:74241:2,74241,2,25,0,0,numeric_as_tabulated,mol dm-3,Instructions default,Inf. Dilution,as_tabulated; consult notes,water unless otherwise specified in source,1 bar / 1 atm unless explicitly specified (source ambiguity retained),E,-0.05,V,=,as_tabulated,,E:-0.05(0.01SD),0.01,SD,standard deviation as reported,2,MDG,775,calculated_or_compiled,derived classification from source technique; not proof that the tabulated value was directly measured,not independently remeasured; retain source weight and notes,"[""2"", ""25"", ""0"", ""Inf. Dilution"", ""E:-0.05(0.01SD)"", ""2"", ""MDG"", ""775""]","{""bbox_points"": [60.164210526315784, 663.36, 551.3052631578947, 681.78], ""doi"": ""10.5281/zenodo.7700024"", ""page"": 23, ""source_file"": ""GER.PDF""}",[],[]
JESS-8.9:Ge:74241:3,74241,3,25,0,0,numeric_as_tabulated,mol dm-3,Instructions default,Inf. Dilution,as_tabulated; consult notes,water unless otherwise specified in source,1 bar / 1 atm unless explicitly specified (source ambiguity retained),E,-0.058,V,=,as_tabulated,,E:-0.058(2SF),2,SF,significant figures; not an uncertainty interval,0,CRV,22551,calculated_or_compiled,derived classification from source technique; not proof that the tabulated value was directly measured,not independently remeasured; retain source weight and notes,"[""3"", ""25"", ""0"", ""Inf. Dilution"", ""E:-0.058(2SF)"", ""0"", ""CRV"", ""22551""]","{""bbox_points"": [60.164210526315784, 681.78, 551.3052631578947, 700.1400000000001], ""doi"": ""10.5281/zenodo.7700024"", ""page"": 23, ""source_file"": ""GER.PDF""}",[],[]
JESS-8.9:Ge:74241:4,74241,4,25,0,0,numeric_as_tabulated,mol dm-3,Instructions default,Inf. Dilution,as_tabulated; consult notes,water unless otherwise specified in source,1 bar / 1 atm unless explicitly specified (source ambiguity retained),E,-0.053,V,=,as_tabulated,,E:-0.053(2SF),2,SF,significant figures; not an uncertainty interval,3,EOD,31878,calculated_or_compiled,derived classification from source technique; not proof that the tabulated value was directly measured,not independently remeasured; retain source weight and notes,"[""4"", ""25"", ""0"", ""Inf. Dilution"", ""E:-0.053(2SF)"", ""3"", ""EOD"", ""31878""]","{""bbox_points"": [60.164210526315784, 700.1400000000001, 551.3052631578947, 718.5600000000001], ""doi"": ""10.5281/zenodo.7700024"", ""page"": 23, ""source_file"": ""GER.PDF""}",[],[]
JESS-8.9:Ge:74242:1,74242,1,25,0,0,numeric_as_tabulated,mol dm-3,Instructions default,Inf. Dilution,as_tabulated; consult notes,water unless otherwise specified in source,1 bar / 1 atm unless explicitly specified (source ambiguity retained),lgK,0.71,log10 equilibrium constant (source concentration/activity convention),=,as_tabulated,,lgK:0.71(2SF),2,SF,significant figures; not an uncertainty interval,1,ELC,,calculated_or_compiled,derived classification from source technique; not proof that the tabulated value was directly measured,not independently remeasured; retain source weight and notes,"[""1"", ""25"", ""0"", ""Inf. Dilution"", ""lgK:0.71(2SF)"", ""1"", ""ELC"", """"]","{""bbox_points"": [60.17454545454545, 121.59000000000003, 551.2971428571428, 140.22000000000003], ""doi"": ""10.5281/zenodo.7700024"", ""page"": 24, ""source_file"": ""GER.PDF""}",[],[]
JESS-8.9:Ge:74242:2,74242,2,25,0,0,numeric_as_tabulated,mol dm-3,Instructions default,Inf. Dilution,as_tabulated; consult notes,water unless otherwise specified in source,1 bar / 1 atm unless explicitly specified (source ambiguity retained),E,0.01,V,=,as_tabulated,,E:0.01(1SF),1,SF,significant figures; not an uncertainty interval,3,EOD,775,calculated_or_compiled,derived classification from source technique; not proof that the tabulated value was directly measured,not independently remeasured; retain source weight and notes,"[""2"", ""25"", ""0"", ""Inf. Dilution"", ""E:0.01(1SF)"", ""3"", ""EOD"", ""775""]","{""bbox_points"": [60.17454545454545, 140.22000000000003, 551.2971428571428, 158.57999999999998], ""doi"": ""10.5281/zenodo.7700024"", ""page"": 24, ""source_file"": ""GER.PDF""}",[],[]
JESS-8.9:Ge:74242:3,74242,3,25,0,0,numeric_as_tabulated,mol dm-3,Instructions default,Inf. Dilution,as_tabulated; consult notes,water unless otherwise specified in source,1 bar / 1 atm unless explicitly specified (source ambiguity retained),E,0.012,V,=,as_tabulated,,E:0.012(2SF),2,SF,significant figures; not an uncertainty interval,0,CRV,22551,calculated_or_compiled,derived classification from source technique; not proof that the tabulated value was directly measured,not independently remeasured; retain source weight and notes,"[""3"", ""25"", ""0"", ""Inf. Dilution"", ""E:0.012(2SF)"", ""0"", ""CRV"", ""22551""]","{""bbox_points"": [60.17454545454545, 158.57999999999998, 551.2971428571428, 177.0], ""doi"": ""10.5281/zenodo.7700024"", ""page"": 24, ""source_file"": ""GER.PDF""}",[],[]
JESS-8.9:Ge:74242:4,74242,4,25,0,0,numeric_as_tabulated,mol dm-3,Instructions default,Inf. Dilution,as_tabulated; consult notes,water unless otherwise specified in source,1 bar / 1 atm unless explicitly specified (source ambiguity retained),E,0.011,V,=,as_tabulated,,E:0.011(2SF),2,SF,significant figures; not an uncertainty interval,3,EOD,31878,calculated_or_compiled,derived classification from source technique; not proof that the tabulated value was directly measured,not independently remeasured; retain source weight and notes,"[""4"", ""25"", ""0"", ""Inf. Dilution"", ""E:0.011(2SF)"", ""3"", ""EOD"", ""31878""]","{""bbox_points"": [60.17454545454545, 177.0, 551.2971428571428, 195.48000000000002], ""doi"": ""10.5281/zenodo.7700024"", ""page"": 24, ""source_file"": ""GER.PDF""}",[],[]
JESS-8.9:Ge:74243:1,74243,1,25,0,0,numeric_as_tabulated,mol dm-3,Instructions default,Inf. Dilution,as_tabulated; consult notes,water unless otherwise specified in source,1 bar / 1 atm unless explicitly specified (source ambiguity retained),lgK,-2.8,log10 equilibrium constant (source concentration/activity convention),=,as_tabulated,,lgK:-2.8(2SF),2,SF,significant figures; not an uncertainty interval,1,ELC,,calculated_or_compiled,derived classification from source technique; not proof that the tabulated value was directly measured,not independently remeasured; retain source weight and notes,"[""1"", ""25"", ""0"", ""Inf. Dilution"", ""lgK:-2.8(2SF)"", ""1"", ""ELC"", """"]","{""bbox_points"": [60.17454545454545, 264.12, 551.2971428571428, 282.66], ""doi"": ""10.5281/zenodo.7700024"", ""page"": 24, ""source_file"": ""GER.PDF""}",[],[]
JESS-8.9:Ge:74243:2,74243,2,25,0,0,numeric_as_tabulated,mol dm-3,Instructions default,Inf. Dilution,as_tabulated; consult notes,water unless otherwise specified in source,1 bar / 1 atm unless explicitly specified (source ambiguity retained),E,-0.72,V,=,as_tabulated,,E:-0.72(2SF),2,SF,significant figures; not an uncertainty interval,0,CRV,22551,calculated_or_compiled,derived classification from source technique; not proof that the tabulated value was directly measured,not independently remeasured; retain source weight and notes,"[""2"", ""25"", ""0"", ""Inf. Dilution"", ""E:-0.72(2SF)"", ""0"", ""CRV"", ""22551""]","{""bbox_points"": [60.17454545454545, 282.66, 551.2971428571428, 301.20000000000005], ""doi"": ""10.5281/zenodo.7700024"", ""page"": 24, ""source_file"": ""GER.PDF""}","[{""page"": 24, ""text"": ""Note (2): H+1(2)_GeO3(2) in source""}]",[]
JESS-8.9:Ge:74244:1,74244,1,25,0,0,numeric_as_tabulated,mol dm-3,Instructions default,Inf. Dilution,as_tabulated; consult notes,water unless otherwise specified in source,1 bar / 1 atm unless explicitly specified (source ambiguity retained),lgK,-7.19,log10 equilibrium constant (source concentration/activity convention),=,as_tabulated,,lgK:-7.19(3SF),3,SF,significant figures; not an uncertainty interval,1,ELC,,calculated_or_compiled,derived classification from source technique; not proof that the tabulated value was directly measured,not independently remeasured; retain source weight and notes,"[""1"", ""25"", ""0"", ""Inf. Dilution"", ""lgK:-7.19(3SF)"", ""1"", ""ELC"", """"]","{""bbox_points"": [60.17454545454545, 388.20000000000005, 551.2971428571428, 406.86], ""doi"": ""10.5281/zenodo.7700024"", ""page"": 24, ""source_file"": ""GER.PDF""}",[],[]
JESS-8.9:Ge:74244:2,74244,2,25,0,0,numeric_as_tabulated,mol dm-3,Instructions default,Inf. Dilution,as_tabulated; consult notes,water unless otherwise specified in source,1 bar / 1 atm unless explicitly specified (source ambiguity retained),E,-0.223,V,=,as_tabulated,,E:-0.223(3SF),3,SF,significant figures; not an uncertainty interval,0,CRV,22551,calculated_or_compiled,derived classification from source technique; not proof that the tabulated value was directly measured,not independently remeasured; retain source weight and notes,"[""2"", ""25"", ""0"", ""Inf. Dilution"", ""E:-0.223(3SF)"", ""0"", ""CRV"", ""22551""]","{""bbox_points"": [60.17454545454545, 406.86, 551.2971428571428, 425.28], ""doi"": ""10.5281/zenodo.7700024"", ""page"": 24, ""source_file"": ""GER.PDF""}","[{""page"": 24, ""text"": ""Note (2): H+1(2)_GeO3(2) in source""}]",[]
JESS-8.9:Ge:74245:1,74245,1,25,0,0,numeric_as_tabulated,mol dm-3,Instructions default,Inf. Dilution,as_tabulated; consult notes,water unless otherwise specified in source,1 bar / 1 atm unless explicitly specified (source ambiguity retained),lgK,-2.99,log10 equilibrium constant (source concentration/activity convention),=,as_tabulated,,lgK:-2.99(3SF),3,SF,significant figures; not an uncertainty interval,0,ELC,,calculated_or_compiled,derived classification from source technique; not proof that the tabulated value was directly measured,not independently remeasured; retain source weight and notes,"[""1"", ""25"", ""0"", ""Inf. Dilution"", ""lgK:-2.99(3SF)"", ""0"", ""ELC"", """"]","{""bbox_points"": [60.17454545454545, 512.37, 551.2971428571428, 530.94], ""doi"": ""10.5281/zenodo.7700024"", ""page"": 24, ""source_file"": ""GER.PDF""}",[],[]
JESS-8.9:Ge:74245:2,74245,2,25,0,0,numeric_as_tabulated,mol dm-3,Instructions default,Inf. Dilution,as_tabulated; consult notes,water unless otherwise specified in source,1 bar / 1 atm unless explicitly specified (source ambiguity retained),E,0.095,V,=,as_tabulated,,E:0.095(2SF),2,SF,significant figures; not an uncertainty interval,0,CRV,22551,calculated_or_compiled,derived classification from source technique; not proof that the tabulated value was directly measured,not independently remeasured; retain source weight and notes,"[""2"", ""25"", ""0"", ""Inf. Dilution"", ""E:0.095(2SF)"", ""0"", ""CRV"", ""22551""]","{""bbox_points"": [60.17454545454545, 530.94, 551.2971428571428, 549.36], ""doi"": ""10.5281/zenodo.7700024"", ""page"": 24, ""source_file"": ""GER.PDF""}",[],[]
JESS-8.9:Ge:74245:3,74245,3,25,0,0,numeric_as_tabulated,mol dm-3,Instructions default,Inf. Dilution,as_tabulated; consult notes,water unless otherwise specified in source,1 bar / 1 atm unless explicitly specified (source ambiguity retained),E,0.100,V,=,as_tabulated,,E:0.100(3SF),3,SF,significant figures; not an uncertainty interval,3,EOD,31878,calculated_or_compiled,derived classification from source technique; not proof that the tabulated value was directly measured,not independently remeasured; retain source weight and notes,"[""3"", ""25"", ""0"", ""Inf. Dilution"", ""E:0.100(3SF)"", ""3"", ""EOD"", ""31878""]","{""bbox_points"": [60.17454545454545, 549.36, 551.2971428571428, 567.72], ""doi"": ""10.5281/zenodo.7700024"", ""page"": 24, ""source_file"": ""GER.PDF""}",[],[]
JESS-8.9:Ge:74246:1,74246,1,25,0,0,numeric_as_tabulated,mol dm-3,Instructions default,Inf. Dilution,as_tabulated; consult notes,water unless otherwise specified in source,1 bar / 1 atm unless explicitly specified (source ambiguity retained),lgK,-10.40,log10 equilibrium constant (source concentration/activity convention),=,as_tabulated,,lgK:-10.40(4SF),4,SF,significant figures; not an uncertainty interval,1,ELC,,calculated_or_compiled,derived classification from source technique; not proof that the tabulated value was directly measured,not independently remeasured; retain source weight and notes,"[""1"", ""25"", ""0"", ""Inf. Dilution"", ""lgK:-10.40(4SF)"", ""1"", ""ELC"", """"]","{""bbox_points"": [60.17454545454545, 636.45, 551.2971428571428, 655.02], ""doi"": ""10.5281/zenodo.7700024"", ""page"": 24, ""source_file"": ""GER.PDF""}",[],[]
JESS-8.9:Ge:74246:2,74246,2,25,0,0,numeric_as_tabulated,mol dm-3,Instructions default,Inf. Dilution,as_tabulated; consult notes,water unless otherwise specified in source,1 bar / 1 atm unless explicitly specified (source ambiguity retained),lgK,-9.96,log10 equilibrium constant (source concentration/activity convention),=,as_tabulated,not specified in original source,lgK:-9.96(3SF),3,SF,significant figures; not an uncertainty interval,0,CRV,22551,calculated_or_compiled,derived classification from source technique; not proof that the tabulated value was directly measured,not independently remeasured; retain source weight and notes,"[""2"", ""25"", ""0"", ""Inf. Dilution"", ""lgK:-9.96(3SF)"", ""0"", ""CRV"", ""22551""]","{""bbox_points"": [60.17454545454545, 655.02, 551.2971428571428, 673.44], ""doi"": ""10.5281/zenodo.7700024"", ""page"": 24, ""source_file"": ""GER.PDF""}","[{""page"": 24, ""text"": ""Note (2): Phase not specified in source / H+1_GeO3-2 in source""}]","[""source_reaction_reexpressed_with_unspecified_phase""]"
JESS-8.9:Ge:75138:1,75138,1,20,0,0,numeric_as_tabulated,mol dm-3,Instructions default,Unknown,as_tabulated; consult notes,water unless otherwise specified in source,1 bar / 1 atm unless explicitly specified (source ambiguity retained),lgK,3.03,log10 equilibrium constant (source concentration/activity convention),=,deprecated_species,,lgK:3.03(3SF),3,SF,significant figures; not an uncertainty interval,0,MSE,31904,literature_measurement_technique,derived classification from source technique; not proof that the tabulated value was directly measured,not independently remeasured; retain source weight and notes,"[""1"", ""20"", ""0"", ""Unknown"", ""lgK:3.03(3SF)"", ""0"", ""MSE"", ""31904""]","{""bbox_points"": [60.15359999999999, 129.99000000000004, 551.3136, 148.56000000000006], ""doi"": ""10.5281/zenodo.7700024"", ""page"": 25, ""source_file"": ""GER.PDF""}","[{""page"": 25, ""text"": ""Note: Ge+4 is deprecated because does not exist in aqueous solution""}]","[""source_deprecates_species""]"
JESS-8.9:Ge:75139:1,75139,1,25,0,0,numeric_as_tabulated,mol dm-3,Instructions default,Inf. Dilution,as_tabulated; consult notes,water unless otherwise specified in source,1 bar / 1 atm unless explicitly specified (source ambiguity retained),lgK,4.4,log10 equilibrium constant (source concentration/activity convention),=,as_tabulated,,lgK:4.4(2SF),2,SF,significant figures; not an uncertainty interval,1,ELC,,calculated_or_compiled,derived classification from source technique; not proof that the tabulated value was directly measured,not independently remeasured; retain source weight and notes,"[""1"", ""25"", ""0"", ""Inf. Dilution"", ""lgK:4.4(2SF)"", ""1"", ""ELC"", """"]","{""bbox_points"": [60.15359999999999, 217.29000000000005, 551.3136, 235.86], ""doi"": ""10.5281/zenodo.7700024"", ""page"": 25, ""source_file"": ""GER.PDF""}",[],[]
JESS-8.9:Ge:75139:2,75139,2,25,0,0,numeric_as_tabulated,mol dm-3,Instructions default,Self Medium,as_tabulated; consult notes,water unless otherwise specified in source,1 bar / 1 atm unless explicitly specified (source ambiguity retained),lgK,4.68,log10 equilibrium constant (source concentration/activity convention),=,as_tabulated,,lgK:4.68(3SF),3,SF,significant figures; not an uncertainty interval,4,MSL,31910,calculated_value_reported_in_literature,explicit source row note,not independently remeasured; retain source weight and notes,"[""2"", ""25"", ""0"", ""Self Medium"", ""lgK:4.68(3SF)"", ""4"", ""MSL"", ""31910""]","{""bbox_points"": [60.15359999999999, 235.86, 551.3136, 254.28000000000003], ""doi"": ""10.5281/zenodo.7700024"", ""page"": 25, ""source_file"": ""GER.PDF""}","[{""page"": 25, ""text"": ""Note (2): Calculated from equation 10 in paper""}]",[]
JESS-8.9:Ge:75139:3,75139,3,25,0.1,0.1,numeric_as_tabulated,mol dm-3,Instructions default,NaCl,as_tabulated; consult notes,water unless otherwise specified in source,1 bar / 1 atm unless explicitly specified (source ambiguity retained),lgK,4.68,log10 equilibrium constant (source concentration/activity convention),=,as_tabulated,,lgK:4.68(3SF),3,SF,significant figures; not an uncertainty interval,2,MGL,140,literature_measurement_technique,derived classification from source technique; not proof that the tabulated value was directly measured,not independently remeasured; retain source weight and notes,"[""3"", ""25"", ""0.1"", ""NaCl"", ""lgK:4.68(3SF)"", ""2"", ""MGL"", ""140""]","{""bbox_points"": [60.15359999999999, 272.64, 551.3136, 291.0], ""doi"": ""10.5281/zenodo.7700024"", ""page"": 25, ""source_file"": ""GER.PDF""}",[],[]
JESS-8.9:Ge:75139:4,75139,4,25,0.5,0.5,numeric_as_tabulated,mol dm-3,Instructions default,Na(Cl),as_tabulated; consult notes,water unless otherwise specified in source,1 bar / 1 atm unless explicitly specified (source ambiguity retained),lgK,4.678,log10 equilibrium constant (source concentration/activity convention),=,as_tabulated,,lgK:4.678(0.006MD),0.006,MD,maximum deviation as reported,6,MHY,22981,literature_measurement_technique,derived classification from source technique; not proof that the tabulated value was directly measured,not independently remeasured; retain source weight and notes,"[""4"", ""25"", ""0.5"", ""Na(Cl)"", ""lgK:4.678(0.006MD)"", ""6"", ""MHY"", ""22981""]","{""bbox_points"": [60.15359999999999, 291.0, 551.3136, 309.42], ""doi"": ""10.5281/zenodo.7700024"", ""page"": 25, ""source_file"": ""GER.PDF""}",[],[]
JESS-8.9:Ge:75139:5,75139,5,25,0.5,0.5,numeric_as_tabulated,mol dm-3,Instructions default,NaClO4,as_tabulated; consult notes,water unless otherwise specified in source,1 bar / 1 atm unless explicitly specified (source ambiguity retained),lgK,4.704,log10 equilibrium constant (source concentration/activity convention),=,as_tabulated,,lgK:4.704(0.002SD),0.002,SD,standard deviation as reported,5,MGL,31887,literature_measurement_technique,derived classification from source technique; not proof that the tabulated value was directly measured,not independently remeasured; retain source weight and notes,"[""5"", ""25"", ""0.5"", ""NaClO4"", ""lgK:4.704(0.002SD)"", ""5"", ""MGL"", ""31887""]","{""bbox_points"": [60.15359999999999, 309.42, 551.3136, 327.90000000000003], ""doi"": ""10.5281/zenodo.7700024"", ""page"": 25, ""source_file"": ""GER.PDF""}",[],[]
JESS-8.9:Ge:75139:6,75139,6,25,1,1,numeric_as_tabulated,mol dm-3,Instructions default,NaClO4,as_tabulated; consult notes,water unless otherwise specified in source,1 bar / 1 atm unless explicitly specified (source ambiguity retained),lgK,4.763,log10 equilibrium constant (source concentration/activity convention),=,as_tabulated,,lgK:4.763(0.07SD),0.07,SD,standard deviation as reported,5,MGL,31887,literature_measurement_technique,derived classification from source technique; not proof that the tabulated value was directly measured,not independently remeasured; retain source weight and notes,"[""6"", ""25"", ""1"", ""NaClO4"", ""lgK:4.763(0.07SD)"", ""5"", ""MGL"", ""31887""]","{""bbox_points"": [60.15359999999999, 327.90000000000003, 551.3136, 346.32000000000005], ""doi"": ""10.5281/zenodo.7700024"", ""page"": 25, ""source_file"": ""GER.PDF""}",[],[]
JESS-8.9:Ge:75139:7,75139,7,50,0,0,numeric_as_tabulated,mol dm-3,Instructions default,Self Medium,as_tabulated; consult notes,water unless otherwise specified in source,1 bar / 1 atm unless explicitly specified (source ambiguity retained),lgK,3.93,log10 equilibrium constant (source concentration/activity convention),=,as_tabulated,,lgK:3.93(3SF),3,SF,significant figures; not an uncertainty interval,4,MSL,31910,calculated_value_reported_in_literature,explicit source row note,not independently remeasured; retain source weight and notes,"[""7"", ""50"", ""0"", ""Self Medium"", ""lgK:3.93(3SF)"", ""4"", ""MSL"", ""31910""]","{""bbox_points"": [60.15359999999999, 346.32000000000005, 551.3136, 364.68], ""doi"": ""10.5281/zenodo.7700024"", ""page"": 25, ""source_file"": ""GER.PDF""}","[{""page"": 25, ""text"": ""Note (7): Calculated from equation 10 in paper""}]",[]
JESS-8.9:Ge:75139:8,75139,8,100,0,0,numeric_as_tabulated,mol dm-3,Instructions default,Self Medium,as_tabulated; consult notes,water unless otherwise specified in source,1 bar / 1 atm unless explicitly specified (source ambiguity retained),lgK,2.77,log10 equilibrium constant (source concentration/activity convention),=,as_tabulated,,lgK:2.77(3SF),3,SF,significant figures; not an uncertainty interval,4,MSL,31910,calculated_value_reported_in_literature,explicit source row note,not independently remeasured; retain source weight and notes,"[""8"", ""100"", ""0"", ""Self Medium"", ""lgK:2.77(3SF)"", ""4"", ""MSL"", ""31910""]","{""bbox_points"": [60.15359999999999, 383.04, 551.3136, 401.46000000000004], ""doi"": ""10.5281/zenodo.7700024"", ""page"": 25, ""source_file"": ""GER.PDF""}","[{""page"": 25, ""text"": ""Note (8): Calculated from equation 10 in paper""}]",[]
JESS-8.9:Ge:75139:9,75139,9,150,0,0,numeric_as_tabulated,mol dm-3,Instructions default,Self Medium,as_tabulated; consult notes,water unless otherwise specified in source,1 bar / 1 atm unless explicitly specified (source ambiguity retained),lgK,1.94,log10 equilibrium constant (source concentration/activity convention),=,as_tabulated,,lgK:1.94(3SF),3,SF,significant figures; not an uncertainty interval,4,MSL,31910,calculated_value_reported_in_literature,explicit source row note,not independently remeasured; retain source weight and notes,"[""9"", ""150"", ""0"", ""Self Medium"", ""lgK:1.94(3SF)"", ""4"", ""MSL"", ""31910""]","{""bbox_points"": [60.15359999999999, 419.88, 551.3136, 438.24], ""doi"": ""10.5281/zenodo.7700024"", ""page"": 25, ""source_file"": ""GER.PDF""}","[{""page"": 25, ""text"": ""Note (9): Calculated from equation 10 in paper""}]",[]
JESS-8.9:Ge:75139:10,75139,10,200,0,0,numeric_as_tabulated,mol dm-3,Instructions default,Self Medium,as_tabulated; consult notes,water unless otherwise specified in source,1 bar / 1 atm unless explicitly specified (source ambiguity retained),lgK,1.32,log10 equilibrium constant (source concentration/activity convention),=,as_tabulated,,lgK:1.32(3SF),3,SF,significant figures; not an uncertainty interval,4,MSL,31910,calculated_value_reported_in_literature,explicit source row note,not independently remeasured; retain source weight and notes,"[""10"", ""200"", ""0"", ""Self Medium"", ""lgK:1.32(3SF)"", ""4"", ""MSL"", ""31910""]","{""bbox_points"": [60.15359999999999, 456.72, 551.3136, 475.08000000000004], ""doi"": ""10.5281/zenodo.7700024"", ""page"": 25, ""source_file"": ""GER.PDF""}","[{""page"": 25, ""text"": ""Note (10): Calculated from equation 10 in paper""}]",[]
JESS-8.9:Ge:75139:11,75139,11,250,0,0,numeric_as_tabulated,mol dm-3,Instructions default,Self Medium,as_tabulated; consult notes,water unless otherwise specified in source,1 bar / 1 atm unless explicitly specified (source ambiguity retained),lgK,0.873,log10 equilibrium constant (source concentration/activity convention),=,as_tabulated,,lgK:0.873(3SF),3,SF,significant figures; not an uncertainty interval,4,MSL,31910,calculated_value_reported_in_literature,explicit source row note,not independently remeasured; retain source weight and notes,"[""11"", ""250"", ""0"", ""Self Medium"", ""lgK:0.873(3SF)"", ""4"", ""MSL"", ""31910""]","{""bbox_points"": [60.15359999999999, 493.5, 551.3136, 511.91999999999996], ""doi"": ""10.5281/zenodo.7700024"", ""page"": 25, ""source_file"": ""GER.PDF""}","[{""page"": 25, ""text"": ""Note (11): Calculated from equation 10 in paper""}]",[]
JESS-8.9:Ge:75139:12,75139,12,300,0,0,numeric_as_tabulated,mol dm-3,Instructions default,Self Medium,as_tabulated; consult notes,water unless otherwise specified in source,1 bar / 1 atm unless explicitly specified (source ambiguity retained),lgK,0.536,log10 equilibrium constant (source concentration/activity convention),=,as_tabulated,,lgK:0.536(3SF),3,SF,significant figures; not an uncertainty interval,4,MSL,31910,calculated_value_reported_in_literature,explicit source row note,not independently remeasured; retain source weight and notes,"[""12"", ""300"", ""0"", ""Self Medium"", ""lgK:0.536(3SF)"", ""4"", ""MSL"", ""31910""]","{""bbox_points"": [60.15359999999999, 530.2800000000001, 551.3136, 548.64], ""doi"": ""10.5281/zenodo.7700024"", ""page"": 25, ""source_file"": ""GER.PDF""}","[{""page"": 25, ""text"": ""Note (12): Calculated from equation 10 in paper""}]",[]
JESS-8.9:Ge:75140:1,75140,1,25,0,0,numeric_as_tabulated,mol dm-3,Instructions default,Inf. Dilution,as_tabulated; consult notes,water unless otherwise specified in source,1 bar / 1 atm unless explicitly specified (source ambiguity retained),lgK,4.8,log10 equilibrium constant (source concentration/activity convention),=,as_tabulated,,lgK:4.8(2SF),2,SF,significant figures; not an uncertainty interval,0,EDH,,calculated_or_compiled,derived classification from source technique; not proof that the tabulated value was directly measured,not independently remeasured; retain source weight and notes,"[""1"", ""25"", ""0"", ""Inf. Dilution"", ""lgK:4.8(2SF)"", ""0"", ""EDH"", """"]","{""bbox_points"": [60.15359999999999, 635.79, 551.3136, 654.36], ""doi"": ""10.5281/zenodo.7700024"", ""page"": 25, ""source_file"": ""GER.PDF""}",[],[]
JESS-8.9:Ge:75140:2,75140,2,25,0,0,numeric_as_tabulated,mol dm-3,Instructions default,Inf. Dilution,as_tabulated; consult notes,water unless otherwise specified in source,1 bar / 1 atm unless explicitly specified (source ambiguity retained),lgK,6.15,log10 equilibrium constant (source concentration/activity convention),=,as_tabulated,,lgK:6.15(3SF),3,SF,significant figures; not an uncertainty interval,1,ELC,,calculated_or_compiled,derived classification from source technique; not proof that the tabulated value was directly measured,not independently remeasured; retain source weight and notes,"[""2"", ""25"", ""0"", ""Inf. Dilution"", ""lgK:6.15(3SF)"", ""1"", ""ELC"", """"]","{""bbox_points"": [60.15359999999999, 654.36, 551.3136, 672.72], ""doi"": ""10.5281/zenodo.7700024"", ""page"": 25, ""source_file"": ""GER.PDF""}",[],[]
JESS-8.9:Ge:75140:3,75140,3,25,0.5,0.5,numeric_as_tabulated,mol dm-3,Instructions default,Na(Cl),as_tabulated; consult notes,water unless otherwise specified in source,1 bar / 1 atm unless explicitly specified (source ambiguity retained),lgK,6.14,log10 equilibrium constant (source concentration/activity convention),=,as_tabulated,,lgK:6.14(0.13MD),0.13,MD,maximum deviation as reported,0,MHY,22981,literature_measurement_technique,derived classification from source technique; not proof that the tabulated value was directly measured,not independently remeasured; retain source weight and notes,"[""3"", ""25"", ""0.5"", ""Na(Cl)"", ""lgK:6.14(0.13MD)"", ""0"", ""MHY"", ""22981""]","{""bbox_points"": [60.15359999999999, 672.72, 551.3136, 691.26], ""doi"": ""10.5281/zenodo.7700024"", ""page"": 25, ""source_file"": ""GER.PDF""}",[],[]
JESS-8.9:Ge:75140:4,75140,4,25,0.5,0.5,numeric_as_tabulated,mol dm-3,Instructions default,NaClO4,as_tabulated; consult notes,water unless otherwise specified in source,1 bar / 1 atm unless explicitly specified (source ambiguity retained),lgK,5.60,log10 equilibrium constant (source concentration/activity convention),=,as_tabulated,,lgK:5.60(0.48SD),0.48,SD,standard deviation as reported,0,MGL,31887,literature_measurement_technique,derived classification from source technique; not proof that the tabulated value was directly measured,not independently remeasured; retain source weight and notes,"[""4"", ""25"", ""0.5"", ""NaClO4"", ""lgK:5.60(0.48SD)"", ""0"", ""MGL"", ""31887""]","{""bbox_points"": [60.15359999999999, 691.26, 551.3136, 709.6200000000001], ""doi"": ""10.5281/zenodo.7700024"", ""page"": 25, ""source_file"": ""GER.PDF""}",[],[]
JESS-8.9:Ge:75140:5,75140,5,25,1,1,numeric_as_tabulated,mol dm-3,Instructions default,NaClO4,as_tabulated; consult notes,water unless otherwise specified in source,1 bar / 1 atm unless explicitly specified (source ambiguity retained),lgK,6.80,log10 equilibrium constant (source concentration/activity convention),=,as_tabulated,,lgK:6.80(0.07SD),0.07,SD,standard deviation as reported,3,MGL,31887,literature_measurement_technique,derived classification from source technique; not proof that the tabulated value was directly measured,not independently remeasured; retain source weight and notes,"[""5"", ""25"", ""1"", ""NaClO4"", ""lgK:6.80(0.07SD)"", ""3"", ""MGL"", ""31887""]","{""bbox_points"": [60.18299999999999, 53.579999999999984, 551.2905, 72.12], ""doi"": ""10.5281/zenodo.7700024"", ""page"": 26, ""source_file"": ""GER.PDF""}",[],[]
JESS-8.9:Ge:75141:1,75141,1,25,0,0,numeric_as_tabulated,mol dm-3,Instructions default,Inf. Dilution,as_tabulated; consult notes,water unless otherwise specified in source,1 bar / 1 atm unless explicitly specified (source ambiguity retained),lgK,28.4,log10 equilibrium constant (source concentration/activity convention),=,as_tabulated,,lgK:28.4(3SF),3,SF,significant figures; not an uncertainty interval,1,EDH,,calculated_or_compiled,derived classification from source technique; not proof that the tabulated value was directly measured,not independently remeasured; retain source weight and notes,"[""1"", ""25"", ""0"", ""Inf. Dilution"", ""lgK:28.4(3SF)"", ""1"", ""EDH"", """"]","{""bbox_points"": [60.18299999999999, 140.67, 551.2905, 159.24], ""doi"": ""10.5281/zenodo.7700024"", ""page"": 26, ""source_file"": ""GER.PDF""}",[],[]
JESS-8.9:Ge:75141:2,75141,2,25,0.5,0.5,numeric_as_tabulated,mol dm-3,Instructions default,Na(Cl),as_tabulated; consult notes,water unless otherwise specified in source,1 bar / 1 atm unless explicitly specified (source ambiguity retained),lgK,29.14,log10 equilibrium constant (source concentration/activity convention),=,as_tabulated,,lgK:29.14(0.05MD),0.05,MD,maximum deviation as reported,4,MHY,22981,literature_measurement_technique,derived classification from source technique; not proof that the tabulated value was directly measured,not independently remeasured; retain source weight and notes,"[""2"", ""25"", ""0.5"", ""Na(Cl)"", ""lgK:29.14(0.05MD)"", ""4"", ""MHY"", ""22981""]","{""bbox_points"": [60.18299999999999, 159.24, 551.2905, 177.78000000000003], ""doi"": ""10.5281/zenodo.7700024"", ""page"": 26, ""source_file"": ""GER.PDF""}",[],[]
JESS-8.9:Ge:75141:3,75141,3,25,0.5,0.5,numeric_as_tabulated,mol dm-3,Instructions default,NaClO4,as_tabulated; consult notes,water unless otherwise specified in source,1 bar / 1 atm unless explicitly specified (source ambiguity retained),lgK,29.55,log10 equilibrium constant (source concentration/activity convention),=,as_tabulated,,lgK:29.55(0.01SD),0.01,SD,standard deviation as reported,2,MGL,31887,literature_measurement_technique,derived classification from source technique; not proof that the tabulated value was directly measured,not independently remeasured; retain source weight and notes,"[""3"", ""25"", ""0.5"", ""NaClO4"", ""lgK:29.55(0.01SD)"", ""2"", ""MGL"", ""31887""]","{""bbox_points"": [60.18299999999999, 177.78000000000003, 551.2905, 196.20000000000005], ""doi"": ""10.5281/zenodo.7700024"", ""page"": 26, ""source_file"": ""GER.PDF""}",[],[]
JESS-8.9:Ge:75141:4,75141,4,25,1,1,numeric_as_tabulated,mol dm-3,Instructions default,NaClO4,as_tabulated; consult notes,water unless otherwise specified in source,1 bar / 1 atm unless explicitly specified (source ambiguity retained),lgK,30.37,log10 equilibrium constant (source concentration/activity convention),=,as_tabulated,,lgK:30.37(0.02SD),0.02,SD,standard deviation as reported,0,MGL,31887,literature_measurement_technique,derived classification from source technique; not proof that the tabulated value was directly measured,not independently remeasured; retain source weight and notes,"[""4"", ""25"", ""1"", ""NaClO4"", ""lgK:30.37(0.02SD)"", ""0"", ""MGL"", ""31887""]","{""bbox_points"": [60.18299999999999, 196.20000000000005, 551.2905, 214.56000000000006], ""doi"": ""10.5281/zenodo.7700024"", ""page"": 26, ""source_file"": ""GER.PDF""}",[],[]
JESS-8.9:Ge:75593:1,75593,1,25,0,0,numeric_as_tabulated,mol dm-3,Instructions default,Inf. Dilution,as_tabulated; consult notes,water unless otherwise specified in source,1 bar / 1 atm unless explicitly specified (source ambiguity retained),dG,-331.4,kJ mol-1,=,as_tabulated,,dG:-331.4(4SF)kJ,4,SF,significant figures; not an uncertainty interval,3,CRV,6330,calculated_or_compiled,derived classification from source technique; not proof that the tabulated value was directly measured,not independently remeasured; retain source weight and notes,"[""1"", ""25"", ""0"", ""Inf. Dilution"", ""dG:-331.4(4SF)kJ"", ""3"", ""CRV"", ""6330""]","{""bbox_points"": [60.18299999999999, 283.20000000000005, 551.2905, 301.86], ""doi"": ""10.5281/zenodo.7700024"", ""page"": 26, ""source_file"": ""GER.PDF""}",[],[]
JESS-8.9:Ge:75593:2,75593,2,25,0,0,numeric_as_tabulated,mol dm-3,Instructions default,Inf. Dilution,as_tabulated; consult notes,water unless otherwise specified in source,1 bar / 1 atm unless explicitly specified (source ambiguity retained),dH,-347.7,kJ mol-1,=,as_tabulated,,dH:-347.7(4SF)kJ,4,SF,significant figures; not an uncertainty interval,3,CRV,6330,calculated_or_compiled,derived classification from source technique; not proof that the tabulated value was directly measured,not independently remeasured; retain source weight and notes,"[""2"", ""25"", ""0"", ""Inf. Dilution"", ""dH:-347.7(4SF)kJ"", ""3"", ""CRV"", ""6330""]","{""bbox_points"": [60.18299999999999, 301.86, 551.2905, 320.28000000000003], ""doi"": ""10.5281/zenodo.7700024"", ""page"": 26, ""source_file"": ""GER.PDF""}",[],[]
JESS-8.9:Ge:75594:1,75594,1,25,0,0,numeric_as_tabulated,mol dm-3,Instructions default,Inf. Dilution,as_tabulated; consult notes,water unless otherwise specified in source,1 bar / 1 atm unless explicitly specified (source ambiguity retained),dG,-318.0,kJ mol-1,=,as_tabulated,,dG:-318.0(4SF)kJ,4,SF,significant figures; not an uncertainty interval,3,CRV,6330,calculated_or_compiled,derived classification from source technique; not proof that the tabulated value was directly measured,not independently remeasured; retain source weight and notes,"[""1"", ""25"", ""0"", ""Inf. Dilution"", ""dG:-318.0(4SF)kJ"", ""3"", ""CRV"", ""6330""]","{""bbox_points"": [60.18299999999999, 388.92, 551.2905, 407.52], ""doi"": ""10.5281/zenodo.7700024"", ""page"": 26, ""source_file"": ""GER.PDF""}",[],[]
JESS-8.9:Ge:75594:2,75594,2,25,0,0,numeric_as_tabulated,mol dm-3,Instructions default,Inf. Dilution,as_tabulated; consult notes,water unless otherwise specified in source,1 bar / 1 atm unless explicitly specified (source ambiguity retained),dH,-300.0,kJ mol-1,=,as_tabulated,,dH:-300.0(4SF)kJ,4,SF,significant figures; not an uncertainty interval,3,CRV,6330,calculated_or_compiled,derived classification from source technique; not proof that the tabulated value was directly measured,not independently remeasured; retain source weight and notes,"[""2"", ""25"", ""0"", ""Inf. Dilution"", ""dH:-300.0(4SF)kJ"", ""3"", ""CRV"", ""6330""]","{""bbox_points"": [60.18299999999999, 407.52, 551.2905, 425.94], ""doi"": ""10.5281/zenodo.7700024"", ""page"": 26, ""source_file"": ""GER.PDF""}",[],[]
JESS-8.9:Ge:75600:1,75600,1,25,0,0,numeric_as_tabulated,mol dm-3,Instructions default,Inf. Dilution,as_tabulated; consult notes,water unless otherwise specified in source,1 bar / 1 atm unless explicitly specified (source ambiguity retained),dG,124.2,kJ mol-1,=,as_tabulated,,dG:124.2(4SF)kJ,4,SF,significant figures; not an uncertainty interval,3,CRV,6330,calculated_or_compiled,derived classification from source technique; not proof that the tabulated value was directly measured,not independently remeasured; retain source weight and notes,"[""1"", ""25"", ""0"", ""Inf. Dilution"", ""dG:124.2(4SF)kJ"", ""3"", ""CRV"", ""6330""]","{""bbox_points"": [60.18299999999999, 494.64000000000004, 551.2905, 513.24], ""doi"": ""10.5281/zenodo.7700024"", ""page"": 26, ""source_file"": ""GER.PDF""}",[],[]
JESS-8.9:Ge:75600:2,75600,2,25,0,0,numeric_as_tabulated,mol dm-3,Instructions default,Inf. Dilution,as_tabulated; consult notes,water unless otherwise specified in source,1 bar / 1 atm unless explicitly specified (source ambiguity retained),dH,155.2,kJ mol-1,=,as_tabulated,,dH:155.2(4SF)kJ,4,SF,significant figures; not an uncertainty interval,3,CRV,6330,calculated_or_compiled,derived classification from source technique; not proof that the tabulated value was directly measured,not independently remeasured; retain source weight and notes,"[""2"", ""25"", ""0"", ""Inf. Dilution"", ""dH:155.2(4SF)kJ"", ""3"", ""CRV"", ""6330""]","{""bbox_points"": [60.18299999999999, 513.24, 551.2905, 531.6], ""doi"": ""10.5281/zenodo.7700024"", ""page"": 26, ""source_file"": ""GER.PDF""}",[],[]
JESS-8.9:Ge:75622:1,75622,1,25,0,0,numeric_as_tabulated,mol dm-3,Instructions default,Inf. Dilution,as_tabulated; consult notes,water unless otherwise specified in source,1 bar / 1 atm unless explicitly specified (source ambiguity retained),dG,-462.7,kJ mol-1,=,as_tabulated,,dG:-462.7(4SF)kJ,4,SF,significant figures; not an uncertainty interval,3,CRV,6330,calculated_or_compiled,derived classification from source technique; not proof that the tabulated value was directly measured,not independently remeasured; retain source weight and notes,"[""1"", ""25"", ""0"", ""Inf. Dilution"", ""dG:-462.7(4SF)kJ"", ""3"", ""CRV"", ""6330""]","{""bbox_points"": [60.18299999999999, 600.33, 551.2905, 618.96], ""doi"": ""10.5281/zenodo.7700024"", ""page"": 26, ""source_file"": ""GER.PDF""}",[],[]
JESS-8.9:Ge:75622:2,75622,2,25,0,0,numeric_as_tabulated,mol dm-3,Instructions default,Inf. Dilution,as_tabulated; consult notes,water unless otherwise specified in source,1 bar / 1 atm unless explicitly specified (source ambiguity retained),dH,-531.8,kJ mol-1,=,as_tabulated,,dH:-531.8(4SF)kJ,4,SF,significant figures; not an uncertainty interval,3,CRV,6330,calculated_or_compiled,derived classification from source technique; not proof that the tabulated value was directly measured,not independently remeasured; retain source weight and notes,"[""2"", ""25"", ""0"", ""Inf. Dilution"", ""dH:-531.8(4SF)kJ"", ""3"", ""CRV"", ""6330""]","{""bbox_points"": [60.18299999999999, 618.96, 551.2905, 637.32], ""doi"": ""10.5281/zenodo.7700024"", ""page"": 26, ""source_file"": ""GER.PDF""}",[],[]
JESS-8.9:Ge:75623:1,75623,1,25,0,0,numeric_as_tabulated,mol dm-3,Instructions default,Inf. Dilution,as_tabulated; consult notes,water unless otherwise specified in source,1 bar / 1 atm unless explicitly specified (source ambiguity retained),dG,-457.3,kJ mol-1,=,as_tabulated,,dG:-457.3(4SF)kJ,4,SF,significant figures; not an uncertainty interval,3,CRV,6330,calculated_or_compiled,derived classification from source technique; not proof that the tabulated value was directly measured,not independently remeasured; retain source weight and notes,"[""1"", ""25"", ""0"", ""Inf. Dilution"", ""dG:-457.3(4SF)kJ"", ""3"", ""CRV"", ""6330""]","{""bbox_points"": [60.18744525547446, 53.579999999999984, 551.28700729927, 72.12], ""doi"": ""10.5281/zenodo.7700024"", ""page"": 27, ""source_file"": ""GER.PDF""}",[],[]
JESS-8.9:Ge:75623:2,75623,2,25,0,0,numeric_as_tabulated,mol dm-3,Instructions default,Inf. Dilution,as_tabulated; consult notes,water unless otherwise specified in source,1 bar / 1 atm unless explicitly specified (source ambiguity retained),dH,-495.8,kJ mol-1,=,as_tabulated,,dH:-495.8(4SF)kJ,4,SF,significant figures; not an uncertainty interval,3,CRV,6330,calculated_or_compiled,derived classification from source technique; not proof that the tabulated value was directly measured,not independently remeasured; retain source weight and notes,"[""2"", ""25"", ""0"", ""Inf. Dilution"", ""dH:-495.8(4SF)kJ"", ""3"", ""CRV"", ""6330""]","{""bbox_points"": [60.18744525547446, 72.12, 551.28700729927, 90.48000000000002], ""doi"": ""10.5281/zenodo.7700024"", ""page"": 27, ""source_file"": ""GER.PDF""}",[],[]
JESS-8.9:Ge:76751:1,76751,1,25,0,0,numeric_as_tabulated,mol dm-3,Instructions default,Inf. Dilution,as_tabulated; consult notes,water unless otherwise specified in source,1 bar / 1 atm unless explicitly specified (source ambiguity retained),dG,-76.485,kJ mol-1,=,as_tabulated,,dG:-76.485(4.SD)kJ,4.,SD,standard deviation as reported,5,CRV,27323,calculated_or_compiled,derived classification from source technique; not proof that the tabulated value was directly measured,not independently remeasured; retain source weight and notes,"[""1"", ""25"", ""0"", ""Inf. Dilution"", ""dG:-76.485(4.SD)kJ"", ""5"", ""CRV"", ""27323""]","{""bbox_points"": [60.18744525547446, 159.06, 551.28700729927, 177.78000000000003], ""doi"": ""10.5281/zenodo.7700024"", ""page"": 27, ""source_file"": ""GER.PDF""}",[],[]
JESS-8.9:Ge:76751:2,76751,2,25,0,0,numeric_as_tabulated,mol dm-3,Instructions default,Inf. Dilution,as_tabulated; consult notes,water unless otherwise specified in source,1 bar / 1 atm unless explicitly specified (source ambiguity retained),dH,-147.000,kJ mol-1,=,as_tabulated,,dH:-147.000(3.5SD)kJ,3.5,SD,standard deviation as reported,5,CRV,27323,calculated_or_compiled,derived classification from source technique; not proof that the tabulated value was directly measured,not independently remeasured; retain source weight and notes,"[""2"", ""25"", ""0"", ""Inf. Dilution"", ""dH:-147.000(3.5SD)kJ"", ""5"", ""CRV"", ""27323""]","{""bbox_points"": [60.18744525547446, 177.78000000000003, 551.28700729927, 196.20000000000005], ""doi"": ""10.5281/zenodo.7700024"", ""page"": 27, ""source_file"": ""GER.PDF""}",[],[]
JESS-8.9:Ge:76751:3,76751,3,25,0,0,numeric_as_tabulated,mol dm-3,Instructions default,Inf. Dilution,as_tabulated; consult notes,water unless otherwise specified in source,1 bar / 1 atm unless explicitly specified (source ambiguity retained),Cp,628.820,J K-1 mol-1,=,as_tabulated,,Cp:628.820(4.7SD)J/K,4.7,SD,standard deviation as reported,5,CRV,27323,calculated_or_compiled,derived classification from source technique; not proof that the tabulated value was directly measured,not independently remeasured; retain source weight and notes,"[""3"", ""25"", ""0"", ""Inf. Dilution"", ""Cp:628.820(4.7SD)J/K"", ""5"", ""CRV"", ""27323""]","{""bbox_points"": [60.18744525547446, 196.20000000000005, 551.28700729927, 214.56000000000006], ""doi"": ""10.5281/zenodo.7700024"", ""page"": 27, ""source_file"": ""GER.PDF""}",[],[]
JESS-8.9:Ge:78252:1,78252,1,25,0,0,numeric_as_tabulated,mol dm-3,Instructions default,Inf. Dilution,as_tabulated; consult notes,water unless otherwise specified in source,1 bar / 1 atm unless explicitly specified (source ambiguity retained),lgK,42.47,log10 equilibrium constant (source concentration/activity convention),=,deprecated_species,,lgK:42.47(4SF),4,SF,significant figures; not an uncertainty interval,0,ELC,,calculated_or_compiled,derived classification from source technique; not proof that the tabulated value was directly measured,not independently remeasured; retain source weight and notes,"[""1"", ""25"", ""0"", ""Inf. Dilution"", ""lgK:42.47(4SF)"", ""0"", ""ELC"", """"]","{""bbox_points"": [60.18744525547446, 304.47, 551.28700729927, 323.16], ""doi"": ""10.5281/zenodo.7700024"", ""page"": 27, ""source_file"": ""GER.PDF""}","[{""page"": 27, ""text"": ""Note: Ge+4 is deprecated because it does not exist in aqueous solution""}]","[""source_deprecates_species""]"
JESS-8.9:Ge:78639:1,78639,1,25,0,0,numeric_as_tabulated,mol dm-3,Instructions default,Inf. Dilution,as_tabulated; consult notes,water unless otherwise specified in source,1 bar / 1 atm unless explicitly specified (source ambiguity retained),lgK,44.88,log10 equilibrium constant (source concentration/activity convention),=,deprecated_species,,lgK:44.88(4SF),4,SF,significant figures; not an uncertainty interval,0,ELC,,calculated_or_compiled,derived classification from source technique; not proof that the tabulated value was directly measured,not independently remeasured; retain source weight and notes,"[""1"", ""25"", ""0"", ""Inf. Dilution"", ""lgK:44.88(4SF)"", ""0"", ""ELC"", """"]","{""bbox_points"": [60.18744525547446, 413.07, 551.28700729927, 431.70000000000005], ""doi"": ""10.5281/zenodo.7700024"", ""page"": 27, ""source_file"": ""GER.PDF""}","[{""page"": 27, ""text"": ""Note: Ge+4 is deprecated because does not exist in aqueous solution""}]","[""source_deprecates_species""]"
JESS-8.9:Ge:78896:1,78896,1,25,0,0,numeric_as_tabulated,mol dm-3,Instructions default,Inf. Dilution,as_tabulated; consult notes,water unless otherwise specified in source,1 bar / 1 atm unless explicitly specified (source ambiguity retained),lgK,31.79,log10 equilibrium constant (source concentration/activity convention),=,deprecated_species,,lgK:31.79(4SF),4,SF,significant figures; not an uncertainty interval,0,ELC,,calculated_or_compiled,derived classification from source technique; not proof that the tabulated value was directly measured,not independently remeasured; retain source weight and notes,"[""1"", ""25"", ""0"", ""Inf. Dilution"", ""lgK:31.79(4SF)"", ""0"", ""ELC"", """"]","{""bbox_points"": [60.18744525547446, 521.73, 551.28700729927, 540.3], ""doi"": ""10.5281/zenodo.7700024"", ""page"": 27, ""source_file"": ""GER.PDF""}","[{""page"": 27, ""text"": ""Note: Ge+4 is deprecated because it does not exist in aqueous solution""}]","[""source_deprecates_species""]"
JESS-8.9:Ge:78971:1,78971,1,25,0,0,numeric_as_tabulated,mol dm-3,Instructions default,Inf. Dilution,as_tabulated; consult notes,water unless otherwise specified in source,1 bar / 1 atm unless explicitly specified (source ambiguity retained),lgK,36.59,log10 equilibrium constant (source concentration/activity convention),=,as_tabulated,,lgK:36.59(4SF),4,SF,significant figures; not an uncertainty interval,0,ELC,,calculated_or_compiled,derived classification from source technique; not proof that the tabulated value was directly measured,not independently remeasured; retain source weight and notes,"[""1"", ""25"", ""0"", ""Inf. Dilution"", ""lgK:36.59(4SF)"", ""0"", ""ELC"", """"]","{""bbox_points"": [60.18744525547446, 640.95, 551.28700729927, 659.52], ""doi"": ""10.5281/zenodo.7700024"", ""page"": 27, ""source_file"": ""GER.PDF""}","[{""page"": 27, ""text"": ""Note: The species S-2 does not exist in aqueous solution See reaction: H+1 + S-2 =\nH+1_S-2""}]",[]
JESS-8.9:Ge:78972:1,78972,1,25,0,0,numeric_as_tabulated,mol dm-3,Instructions default,Inf. Dilution,as_tabulated; consult notes,water unless otherwise specified in source,1 bar / 1 atm unless explicitly specified (source ambiguity retained),lgK,65.51,log10 equilibrium constant (source concentration/activity convention),=,as_tabulated,,lgK:65.51(4SF),4,SF,significant figures; not an uncertainty interval,0,ELC,,calculated_or_compiled,derived classification from source technique; not proof that the tabulated value was directly measured,not independently remeasured; retain source weight and notes,"[""1"", ""25"", ""0"", ""Inf. Dilution"", ""lgK:65.51(4SF)"", ""0"", ""ELC"", """"]","{""bbox_points"": [60.18372413793103, 100.86000000000004, 551.2899310344827, 119.57999999999998], ""doi"": ""10.5281/zenodo.7700024"", ""page"": 28, ""source_file"": ""GER.PDF""}","[{""page"": 28, ""text"": ""Note: The species S-2 does not exist in aqueous solution See reaction: H+1 + S-2 =\nH+1_S-2""}]",[]
JESS-8.9:Ge:79197:1,79197,1,25,0,0,numeric_as_tabulated,mol dm-3,Instructions default,Inf. Dilution,as_tabulated; consult notes,water unless otherwise specified in source,1 bar / 1 atm unless explicitly specified (source ambiguity retained),lgK,39.6,log10 equilibrium constant (source concentration/activity convention),=,deprecated_species,,lgK:39.6(3SF),3,SF,significant figures; not an uncertainty interval,0,ELC,,calculated_or_compiled,derived classification from source technique; not proof that the tabulated value was directly measured,not independently remeasured; retain source weight and notes,"[""1"", ""25"", ""0"", ""Inf. Dilution"", ""lgK:39.6(3SF)"", ""0"", ""ELC"", """"]","{""bbox_points"": [60.18372413793103, 209.51999999999998, 551.2899310344827, 228.12], ""doi"": ""10.5281/zenodo.7700024"", ""page"": 28, ""source_file"": ""GER.PDF""}","[{""page"": 28, ""text"": ""Note: Ge+4 is deprecated because does not exist in aqueous solution""}]","[""source_deprecates_species""]"
JESS-8.9:Ge:79198:1,79198,1,25,0,0,numeric_as_tabulated,mol dm-3,Instructions default,Inf. Dilution,as_tabulated; consult notes,water unless otherwise specified in source,1 bar / 1 atm unless explicitly specified (source ambiguity retained),lgK,62.0,log10 equilibrium constant (source concentration/activity convention),=,deprecated_species,,lgK:62.0(3SF),3,SF,significant figures; not an uncertainty interval,0,ELC,,calculated_or_compiled,derived classification from source technique; not proof that the tabulated value was directly measured,not independently remeasured; retain source weight and notes,"[""1"", ""25"", ""0"", ""Inf. Dilution"", ""lgK:62.0(3SF)"", ""0"", ""ELC"", """"]","{""bbox_points"": [60.18372413793103, 318.03, 551.2899310344827, 336.72], ""doi"": ""10.5281/zenodo.7700024"", ""page"": 28, ""source_file"": ""GER.PDF""}","[{""page"": 28, ""text"": ""Note: Ge+4 is deprecated because does not exist in aqueous solution""}]","[""source_deprecates_species""]"
JESS-8.9:Ge:79385:1,79385,1,25,0,0,numeric_as_tabulated,mol dm-3,Instructions default,Inf. Dilution,as_tabulated; consult notes,water unless otherwise specified in source,1 bar / 1 atm unless explicitly specified (source ambiguity retained),lgK,501.2,log10 equilibrium constant (source concentration/activity convention),=,deprecated_species,,lgK:501.2(4SF),4,SF,significant figures; not an uncertainty interval,0,ELC,,calculated_or_compiled,derived classification from source technique; not proof that the tabulated value was directly measured,not independently remeasured; retain source weight and notes,"[""1"", ""25"", ""0"", ""Inf. Dilution"", ""lgK:501.2(4SF)"", ""0"", ""ELC"", """"]","{""bbox_points"": [60.18372413793103, 426.63, 551.2899310344827, 445.32000000000005], ""doi"": ""10.5281/zenodo.7700024"", ""page"": 28, ""source_file"": ""GER.PDF""}","[{""page"": 28, ""text"": ""Note: Ge+4 is deprecated because does not exist in aqueous solution""}]","[""source_deprecates_species""]"
JESS-8.9:Ge:80407:1,80407,1,25,0,0,numeric_as_tabulated,mol dm-3,Instructions default,Inf. Dilution,as_tabulated; consult notes,water unless otherwise specified in source,1 bar / 1 atm unless explicitly specified (source ambiguity retained),lgK,165.5,log10 equilibrium constant (source concentration/activity convention),=,as_tabulated,,lgK:165.5(4SF),4,SF,significant figures; not an uncertainty interval,1,ELC,,calculated_or_compiled,derived classification from source technique; not proof that the tabulated value was directly measured,not independently remeasured; retain source weight and notes,"[""1"", ""25"", ""0"", ""Inf. Dilution"", ""lgK:165.5(4SF)"", ""1"", ""ELC"", """"]","{""bbox_points"": [60.18372413793103, 513.96, 551.2899310344827, 532.5600000000001], ""doi"": ""10.5281/zenodo.7700024"", ""page"": 28, ""source_file"": ""GER.PDF""}",[],[]
JESS-8.9:Ge:80407:2,80407,2,25,0,0,numeric_as_tabulated,mol dm-3,Instructions default,Inf. Dilution,as_tabulated; consult notes,water unless otherwise specified in source,1 bar / 1 atm unless explicitly specified (source ambiguity retained),dG,-896.6,kJ mol-1,=,as_tabulated,,dG:-896.6(1.5SD)kJ,1.5,SD,standard deviation as reported,0,CRV,30883,calculated_or_compiled,derived classification from source technique; not proof that the tabulated value was directly measured,not independently remeasured; retain source weight and notes,"[""2"", ""25"", ""0"", ""Inf. Dilution"", ""dG:-896.6(1.5SD)kJ"", ""0"", ""CRV"", ""30883""]","{""bbox_points"": [60.18372413793103, 532.5600000000001, 551.2899310344827, 550.92], ""doi"": ""10.5281/zenodo.7700024"", ""page"": 28, ""source_file"": ""GER.PDF""}","[{""page"": 28, ""text"": ""Note (2): Corresponding value for Si(OH)4 is problematic""}]",[]
JESS-8.9:Ge:80407:3,80407,3,25,0,0,numeric_as_tabulated,mol dm-3,Instructions default,Inf. Dilution,as_tabulated; consult notes,water unless otherwise specified in source,1 bar / 1 atm unless explicitly specified (source ambiguity retained),dG,-231.1,kcal mol-1,=,as_tabulated,,dG:-231.1(1.0SD),1.0,SD,standard deviation as reported,0,MSL,30959,literature_measurement_technique,derived classification from source technique; not proof that the tabulated value was directly measured,not independently remeasured; retain source weight and notes,"[""3"", ""25"", ""0"", ""Inf. Dilution"", ""dG:-231.1(1.0SD)"", ""0"", ""MSL"", ""30959""]","{""bbox_points"": [60.18372413793103, 569.2800000000001, 551.2899310344827, 587.8199999999999], ""doi"": ""10.5281/zenodo.7700024"", ""page"": 28, ""source_file"": ""GER.PDF""}",[],[]
JESS-8.9:Ge:80407:4,80407,4,25,0,0,numeric_as_tabulated,mol dm-3,Instructions default,Inf. Dilution,as_tabulated; consult notes,water unless otherwise specified in source,1 bar / 1 atm unless explicitly specified (source ambiguity retained),dH,-265.7,kcal mol-1,=,as_tabulated,,dH:-265.7(1.5SD),1.5,SD,standard deviation as reported,2,MSL,30959,literature_measurement_technique,derived classification from source technique; not proof that the tabulated value was directly measured,not independently remeasured; retain source weight and notes,"[""4"", ""25"", ""0"", ""Inf. Dilution"", ""dH:-265.7(1.5SD)"", ""2"", ""MSL"", ""30959""]","{""bbox_points"": [60.18372413793103, 587.8199999999999, 551.2899310344827, 606.1800000000001], ""doi"": ""10.5281/zenodo.7700024"", ""page"": 28, ""source_file"": ""GER.PDF""}",[],[]
JESS-8.9:Ge:80407:5,80407,5,25,0,0,numeric_as_tabulated,mol dm-3,Instructions default,Inf. Dilution,as_tabulated; consult notes,water unless otherwise specified in source,1 bar / 1 atm unless explicitly specified (source ambiguity retained),Cp,45.4,cal K-1 mol-1,=,as_tabulated,,Cp:45.4(2.0SD),2.0,SD,standard deviation as reported,2,MSL,30959,literature_measurement_technique,derived classification from source technique; not proof that the tabulated value was directly measured,not independently remeasured; retain source weight and notes,"[""5"", ""25"", ""0"", ""Inf. Dilution"", ""Cp:45.4(2.0SD)"", ""2"", ""MSL"", ""30959""]","{""bbox_points"": [60.18372413793103, 606.1800000000001, 551.2899310344827, 624.6], ""doi"": ""10.5281/zenodo.7700024"", ""page"": 28, ""source_file"": ""GER.PDF""}",[],[]
JESS-8.9:Ge:80419:1,80419,1,25,0,0,numeric_as_tabulated,mol dm-3,Instructions default,Inf. Dilution,as_tabulated; consult notes,water unless otherwise specified in source,1 bar / 1 atm unless explicitly specified (source ambiguity retained),lgK,83.75,log10 equilibrium constant (source concentration/activity convention),=,as_tabulated,,lgK:83.75(4SF),4,SF,significant figures; not an uncertainty interval,1,ELC,,calculated_or_compiled,derived classification from source technique; not proof that the tabulated value was directly measured,not independently remeasured; retain source weight and notes,"[""1"", ""25"", ""0"", ""Inf. Dilution"", ""lgK:83.75(4SF)"", ""1"", ""ELC"", """"]","{""bbox_points"": [60.18372413793103, 693.24, 551.2899310344827, 711.9000000000001], ""doi"": ""10.5281/zenodo.7700024"", ""page"": 28, ""source_file"": ""GER.PDF""}",[],[]
JESS-8.9:Ge:80419:2,80419,2,25,0,0,numeric_as_tabulated,mol dm-3,Instructions default,Inf. Dilution,as_tabulated; consult notes,water unless otherwise specified in source,1 bar / 1 atm unless explicitly specified (source ambiguity retained),dG,-500.82,kJ mol-1,=,as_tabulated,,dG:-500.82(1.25SD)kJ,1.25,SD,standard deviation as reported,0,EOD,30883,calculated_or_compiled,derived classification from source technique; not proof that the tabulated value was directly measured,not independently remeasured; retain source weight and notes,"[""2"", ""25"", ""0"", ""Inf. Dilution"", ""dG:-500.82(1.25SD)kJ"", ""0"", ""EOD"", ""30883""]","{""bbox_points"": [60.18699386503067, 53.579999999999984, 551.2873619631902, 72.12], ""doi"": ""10.5281/zenodo.7700024"", ""page"": 29, ""source_file"": ""GER.PDF""}",[],[]
JESS-8.9:Ge:80419:3,80419,3,25,0,0,numeric_as_tabulated,mol dm-3,Instructions default,Inf. Dilution,as_tabulated; consult notes,water unless otherwise specified in source,1 bar / 1 atm unless explicitly specified (source ambiguity retained),dG,-119.69,kcal mol-1,=,as_tabulated,,dG:-119.69(5SF),5,SF,significant figures; not an uncertainty interval,0,CRV,31291,calculated_or_compiled,derived classification from source technique; not proof that the tabulated value was directly measured,not independently remeasured; retain source weight and notes,"[""3"", ""25"", ""0"", ""Inf. Dilution"", ""dG:-119.69(5SF)"", ""0"", ""CRV"", ""31291""]","{""bbox_points"": [60.18699386503067, 72.12, 551.2873619631902, 90.48000000000002], ""doi"": ""10.5281/zenodo.7700024"", ""page"": 29, ""source_file"": ""GER.PDF""}",[],[]
JESS-8.9:Ge:80419:4,80419,4,25,0,0,numeric_as_tabulated,mol dm-3,Instructions default,Inf. Dilution,as_tabulated; consult notes,water unless otherwise specified in source,1 bar / 1 atm unless explicitly specified (source ambiguity retained),dH,-554.80,kJ mol-1,=,as_tabulated,,dH:-554.80(1.25SD)kJ,1.25,SD,standard deviation as reported,0,EOD,30883,calculated_or_compiled,derived classification from source technique; not proof that the tabulated value was directly measured,not independently remeasured; retain source weight and notes,"[""4"", ""25"", ""0"", ""Inf. Dilution"", ""dH:-554.80(1.25SD)kJ"", ""0"", ""EOD"", ""30883""]","{""bbox_points"": [60.18699386503067, 90.48000000000002, 551.2873619631902, 108.84000000000003], ""doi"": ""10.5281/zenodo.7700024"", ""page"": 29, ""source_file"": ""GER.PDF""}",[],[]
JESS-8.9:Ge:80419:5,80419,5,25,0,0,numeric_as_tabulated,mol dm-3,Instructions default,Inf. Dilution,as_tabulated; consult notes,water unless otherwise specified in source,1 bar / 1 atm unless explicitly specified (source ambiguity retained),dH,-132.58,kcal mol-1,=,as_tabulated,,dH:-132.58(5SF),5,SF,significant figures; not an uncertainty interval,0,CRV,31291,calculated_or_compiled,derived classification from source technique; not proof that the tabulated value was directly measured,not independently remeasured; retain source weight and notes,"[""5"", ""25"", ""0"", ""Inf. Dilution"", ""dH:-132.58(5SF)"", ""0"", ""CRV"", ""31291""]","{""bbox_points"": [60.18699386503067, 108.84000000000003, 551.2873619631902, 127.26000000000005], ""doi"": ""10.5281/zenodo.7700024"", ""page"": 29, ""source_file"": ""GER.PDF""}",[],[]
JESS-8.9:Ge:80419:6,80419,6,25,0,0,numeric_as_tabulated,mol dm-3,Instructions default,Inf. Dilution,as_tabulated; consult notes,water unless otherwise specified in source,1 bar / 1 atm unless explicitly specified (source ambiguity retained),Cp,61.18,J K-1 mol-1,=,as_tabulated,,Cp:61.18(4SF)J/K,4,SF,significant figures; not an uncertainty interval,0,EOD,30883,calculated_or_compiled,derived classification from source technique; not proof that the tabulated value was directly measured,not independently remeasured; retain source weight and notes,"[""6"", ""25"", ""0"", ""Inf. Dilution"", ""Cp:61.18(4SF)J/K"", ""0"", ""EOD"", ""30883""]","{""bbox_points"": [60.18699386503067, 127.26000000000005, 551.2873619631902, 145.74000000000007], ""doi"": ""10.5281/zenodo.7700024"", ""page"": 29, ""source_file"": ""GER.PDF""}",[],[]
JESS-8.9:Ge:80892:1,80892,1,25,3,3,numeric_as_tabulated,mol dm-3,Instructions default,LiClO4,as_tabulated; consult notes,water unless otherwise specified in source,1 bar / 1 atm unless explicitly specified (source ambiguity retained),lgK,3.2,log10 equilibrium constant (source concentration/activity convention),=,as_tabulated,,lgK:3.2(0.2SD),0.2,SD,standard deviation as reported,4,MGL,9906,literature_measurement_technique,derived classification from source technique; not proof that the tabulated value was directly measured,not independently remeasured; retain source weight and notes,"[""1"", ""25"", ""3"", ""LiClO4"", ""lgK:3.2(0.2SD)"", ""4"", ""MGL"", ""9906""]","{""bbox_points"": [60.18699386503067, 214.35000000000005, 551.2873619631902, 232.92000000000002], ""doi"": ""10.5281/zenodo.7700024"", ""page"": 29, ""source_file"": ""GER.PDF""}",[],[]
JESS-8.9:Ge:80892:2,80892,2,25,3,3,numeric_as_tabulated,mol dm-3,Instructions default,NaClO4,as_tabulated; consult notes,water unless otherwise specified in source,1 bar / 1 atm unless explicitly specified (source ambiguity retained),lgK,2.9,log10 equilibrium constant (source concentration/activity convention),=,as_tabulated,,lgK:2.9(0.1SD),0.1,SD,standard deviation as reported,4,MGL,9906,literature_measurement_technique,derived classification from source technique; not proof that the tabulated value was directly measured,not independently remeasured; retain source weight and notes,"[""2"", ""25"", ""3"", ""NaClO4"", ""lgK:2.9(0.1SD)"", ""4"", ""MGL"", ""9906""]","{""bbox_points"": [60.18699386503067, 232.92000000000002, 551.2873619631902, 251.39999999999998], ""doi"": ""10.5281/zenodo.7700024"", ""page"": 29, ""source_file"": ""GER.PDF""}",[],[]
JESS-8.9:Ge:80893:1,80893,1,25,3,3,numeric_as_tabulated,mol dm-3,Instructions default,NaClO4,as_tabulated; consult notes,water unless otherwise specified in source,1 bar / 1 atm unless explicitly specified (source ambiguity retained),lgK,6.65,log10 equilibrium constant (source concentration/activity convention),=,as_tabulated,,lgK:6.65(0.05SD),0.05,SD,standard deviation as reported,5,MGL,9906,literature_measurement_technique,derived classification from source technique; not proof that the tabulated value was directly measured,not independently remeasured; retain source weight and notes,"[""1"", ""25"", ""3"", ""NaClO4"", ""lgK:6.65(0.05SD)"", ""5"", ""MGL"", ""9906""]","{""bbox_points"": [60.18699386503067, 320.07000000000005, 551.2873619631902, 338.64], ""doi"": ""10.5281/zenodo.7700024"", ""page"": 29, ""source_file"": ""GER.PDF""}",[],[]
JESS-8.9:Ge:80894:1,80894,1,25,3,3,numeric_as_tabulated,mol dm-3,Instructions default,NaClO4,as_tabulated; consult notes,water unless otherwise specified in source,1 bar / 1 atm unless explicitly specified (source ambiguity retained),lgK,9.59,log10 equilibrium constant (source concentration/activity convention),=,as_tabulated,,lgK:9.59(0.05SD),0.05,SD,standard deviation as reported,5,MGL,9906,literature_measurement_technique,derived classification from source technique; not proof that the tabulated value was directly measured,not independently remeasured; retain source weight and notes,"[""1"", ""25"", ""3"", ""NaClO4"", ""lgK:9.59(0.05SD)"", ""5"", ""MGL"", ""9906""]","{""bbox_points"": [60.18699386503067, 407.31, 551.2873619631902, 425.94], ""doi"": ""10.5281/zenodo.7700024"", ""page"": 29, ""source_file"": ""GER.PDF""}",[],[]
JESS-8.9:Ge:80895:1,80895,1,25,0,0,numeric_as_tabulated,mol dm-3,Instructions default,Self Medium,as_tabulated; consult notes,water unless otherwise specified in source,1 bar / 1 atm unless explicitly specified (source ambiguity retained),lgK,-3.02,log10 equilibrium constant (source concentration/activity convention),=,as_tabulated,,lgK:-3.02(0.29SD),0.29,SD,standard deviation as reported,4,MSE,31912,literature_measurement_technique,derived classification from source technique; not proof that the tabulated value was directly measured,not independently remeasured; retain source weight and notes,"[""1"", ""25"", ""0"", ""Self Medium"", ""lgK:-3.02(0.29SD)"", ""4"", ""MSE"", ""31912""]","{""bbox_points"": [60.18699386503067, 494.64000000000004, 551.2873619631902, 513.24], ""doi"": ""10.5281/zenodo.7700024"", ""page"": 29, ""source_file"": ""GER.PDF""}",[],[]
JESS-8.9:Ge:80896:1,80896,1,25,0,0,numeric_as_tabulated,mol dm-3,Instructions default,Unknown,as_tabulated; consult notes,water unless otherwise specified in source,1 bar / 1 atm unless explicitly specified (source ambiguity retained),lgK,-3.84,log10 equilibrium constant (source concentration/activity convention),=,as_tabulated,,lgK:-3.84(0.31SD),0.31,SD,standard deviation as reported,4,MSE,31912,literature_measurement_technique,derived classification from source technique; not proof that the tabulated value was directly measured,not independently remeasured; retain source weight and notes,"[""1"", ""25"", ""0"", ""Unknown"", ""lgK:-3.84(0.31SD)"", ""4"", ""MSE"", ""31912""]","{""bbox_points"": [60.18699386503067, 581.88, 551.2873619631902, 600.54], ""doi"": ""10.5281/zenodo.7700024"", ""page"": 29, ""source_file"": ""GER.PDF""}",[],[]
JESS-8.9:Ge:80897:1,80897,1,25,0,0,numeric_as_tabulated,mol dm-3,Instructions default,Unknown,as_tabulated; consult notes,water unless otherwise specified in source,1 bar / 1 atm unless explicitly specified (source ambiguity retained),lgK,-4.82,log10 equilibrium constant (source concentration/activity convention),=,as_tabulated,,lgK:-4.82(0.51SD),0.51,SD,standard deviation as reported,4,MSE,31912,literature_measurement_technique,derived classification from source technique; not proof that the tabulated value was directly measured,not independently remeasured; retain source weight and notes,"[""1"", ""25"", ""0"", ""Unknown"", ""lgK:-4.82(0.51SD)"", ""4"", ""MSE"", ""31912""]","{""bbox_points"": [60.18699386503067, 669.15, 551.2873619631902, 687.84], ""doi"": ""10.5281/zenodo.7700024"", ""page"": 29, ""source_file"": ""GER.PDF""}",[],[]
JESS-8.9:Ge:80898:1,80898,1,25,0,0,numeric_as_tabulated,mol dm-3,Instructions default,Unknown,as_tabulated; consult notes,water unless otherwise specified in source,1 bar / 1 atm unless explicitly specified (source ambiguity retained),lgK,-5.09,log10 equilibrium constant (source concentration/activity convention),=,as_tabulated,,lgK:-5.09(0.56SD),0.56,SD,standard deviation as reported,4,MSE,31912,literature_measurement_technique,derived classification from source technique; not proof that the tabulated value was directly measured,not independently remeasured; retain source weight and notes,"[""1"", ""25"", ""0"", ""Unknown"", ""lgK:-5.09(0.56SD)"", ""4"", ""MSE"", ""31912""]","{""bbox_points"": [60.15745222929936, 90.27000000000001, 551.3105732484076, 108.84000000000003], ""doi"": ""10.5281/zenodo.7700024"", ""page"": 30, ""source_file"": ""GER.PDF""}",[],[]
JESS-8.9:Ge:80899:1,80899,1,25,0.5,0.5,numeric_as_tabulated,mol dm-3,Instructions default,NaCl,as_tabulated; consult notes,water unless otherwise specified in source,1 bar / 1 atm unless explicitly specified (source ambiguity retained),lgK,-6.428,log10 equilibrium constant (source concentration/activity convention),=,as_tabulated,,lgK:-6.428(0.037SD),0.037,SD,standard deviation as reported,5,MGL,7778,literature_measurement_technique,derived classification from source technique; not proof that the tabulated value was directly measured,not independently remeasured; retain source weight and notes,"[""1"", ""25"", ""0.5"", ""NaCl"", ""lgK:-6.428(0.037SD)"", ""5"", ""MGL"", ""7778""]","{""bbox_points"": [60.15745222929936, 177.57000000000002, 551.3105732484076, 196.20000000000005], ""doi"": ""10.5281/zenodo.7700024"", ""page"": 30, ""source_file"": ""GER.PDF""}",[],[]
JESS-8.9:Ge:80900:1,80900,1,25,0.5,0.5,numeric_as_tabulated,mol dm-3,Instructions default,NaCl,as_tabulated; consult notes,water unless otherwise specified in source,1 bar / 1 atm unless explicitly specified (source ambiguity retained),lgK,-10.62,log10 equilibrium constant (source concentration/activity convention),=,as_tabulated,,lgK:-10.62(0.08SD),0.08,SD,standard deviation as reported,5,MGL,7778,literature_measurement_technique,derived classification from source technique; not proof that the tabulated value was directly measured,not independently remeasured; retain source weight and notes,"[""1"", ""25"", ""0.5"", ""NaCl"", ""lgK:-10.62(0.08SD)"", ""5"", ""MGL"", ""7778""]","{""bbox_points"": [60.15745222929936, 264.75, 551.3105732484076, 283.44000000000005], ""doi"": ""10.5281/zenodo.7700024"", ""page"": 30, ""source_file"": ""GER.PDF""}",[],[]
JESS-8.9:Ge:80901:1,80901,1,25,0,0,numeric_as_tabulated,mol dm-3,Instructions default,Inf. Dilution,as_tabulated; consult notes,water unless otherwise specified in source,1 bar / 1 atm unless explicitly specified (source ambiguity retained),lgK,-4.37,log10 equilibrium constant (source concentration/activity convention),=,as_tabulated,,lgK:-4.37(3SF),3,SF,significant figures; not an uncertainty interval,3,CRV,403,calculated_or_compiled,derived classification from source technique; not proof that the tabulated value was directly measured,not independently remeasured; retain source weight and notes,"[""1"", ""25"", ""0"", ""Inf. Dilution"", ""lgK:-4.37(3SF)"", ""3"", ""CRV"", ""403""]","{""bbox_points"": [60.15745222929936, 352.08000000000004, 551.3105732484076, 370.68], ""doi"": ""10.5281/zenodo.7700024"", ""page"": 30, ""source_file"": ""GER.PDF""}",[],[]
JESS-8.9:Ge:80901:2,80901,2,25,0,0,numeric_as_tabulated,mol dm-3,Instructions default,Self Medium,as_tabulated; consult notes,water unless otherwise specified in source,1 bar / 1 atm unless explicitly specified (source ambiguity retained),lgK,-5.02,log10 equilibrium constant (source concentration/activity convention),=,as_tabulated,,lgK:-5.02(0.13SD),0.13,SD,standard deviation as reported,5,MSL,8763,literature_measurement_technique,derived classification from source technique; not proof that the tabulated value was directly measured,not independently remeasured; retain source weight and notes,"[""2"", ""25"", ""0"", ""Self Medium"", ""lgK:-5.02(0.13SD)"", ""5"", ""MSL"", ""8763""]","{""bbox_points"": [60.15745222929936, 370.68, 551.3105732484076, 389.16], ""doi"": ""10.5281/zenodo.7700024"", ""page"": 30, ""source_file"": ""GER.PDF""}",[],[]
JESS-8.9:Ge:80901:3,80901,3,25,0,0,numeric_as_tabulated,mol dm-3,Instructions default,Self Medium,as_tabulated; consult notes,water unless otherwise specified in source,1 bar / 1 atm unless explicitly specified (source ambiguity retained),lgK,-5.34,log10 equilibrium constant (source concentration/activity convention),=,as_tabulated,,lgK:-5.34(0.3SD),0.3,SD,standard deviation as reported,5,MSL,31908,literature_measurement_technique,derived classification from source technique; not proof that the tabulated value was directly measured,not independently remeasured; retain source weight and notes,"[""3"", ""25"", ""0"", ""Self Medium"", ""lgK:-5.34(0.3SD)"", ""5"", ""MSL"", ""31908""]","{""bbox_points"": [60.15745222929936, 389.16, 551.3105732484076, 407.52], ""doi"": ""10.5281/zenodo.7700024"", ""page"": 30, ""source_file"": ""GER.PDF""}",[],[]
JESS-8.9:Ge:80901:4,80901,4,25,0,0,numeric_as_tabulated,mol dm-3,Instructions default,Self Medium,as_tabulated; consult notes,water unless otherwise specified in source,1 bar / 1 atm unless explicitly specified (source ambiguity retained),lgK,-4.23,log10 equilibrium constant (source concentration/activity convention),=,as_tabulated,,lgK:-4.23(0.13SD),0.13,SD,standard deviation as reported,2,EFE,31910,calculated_or_compiled,derived classification from source technique; not proof that the tabulated value was directly measured,not independently remeasured; retain source weight and notes,"[""4"", ""25"", ""0"", ""Self Medium"", ""lgK:-4.23(0.13SD)"", ""2"", ""EFE"", ""31910""]","{""bbox_points"": [60.15745222929936, 407.52, 551.3105732484076, 425.94], ""doi"": ""10.5281/zenodo.7700024"", ""page"": 30, ""source_file"": ""GER.PDF""}",[],[]
JESS-8.9:Ge:80901:5,80901,5,25,0,0,numeric_as_tabulated,mol dm-3,Instructions default,Self Medium,as_tabulated; consult notes,water unless otherwise specified in source,1 bar / 1 atm unless explicitly specified (source ambiguity retained),lgK,-4.37,log10 equilibrium constant (source concentration/activity convention),=,as_tabulated,,lgK:-4.37(3SF),3,SF,significant figures; not an uncertainty interval,2,MSL,31959,literature_measurement_technique,derived classification from source technique; not proof that the tabulated value was directly measured,not independently remeasured; retain source weight and notes,"[""5"", ""25"", ""0"", ""Self Medium"", ""lgK:-4.37(3SF)"", ""2"", ""MSL"", ""31959""]","{""bbox_points"": [60.15745222929936, 425.94, 551.3105732484076, 444.36], ""doi"": ""10.5281/zenodo.7700024"", ""page"": 30, ""source_file"": ""GER.PDF""}",[],[]
JESS-8.9:Ge:80901:6,80901,6,50,0,0,numeric_as_tabulated,mol dm-3,Instructions default,Self Medium,as_tabulated; consult notes,water unless otherwise specified in source,1 bar / 1 atm unless explicitly specified (source ambiguity retained),lgK,-4.57,log10 equilibrium constant (source concentration/activity convention),=,as_tabulated,,lgK:-4.57(0.20SD),0.20,SD,standard deviation as reported,5,MSL,8763,literature_measurement_technique,derived classification from source technique; not proof that the tabulated value was directly measured,not independently remeasured; retain source weight and notes,"[""6"", ""50"", ""0"", ""Self Medium"", ""lgK:-4.57(0.20SD)"", ""5"", ""MSL"", ""8763""]","{""bbox_points"": [60.15745222929936, 444.36, 551.3105732484076, 462.72], ""doi"": ""10.5281/zenodo.7700024"", ""page"": 30, ""source_file"": ""GER.PDF""}",[],[]
JESS-8.9:Ge:80901:7,80901,7,50,0,0,numeric_as_tabulated,mol dm-3,Instructions default,Self Medium,as_tabulated; consult notes,water unless otherwise specified in source,1 bar / 1 atm unless explicitly specified (source ambiguity retained),lgK,-4.54,log10 equilibrium constant (source concentration/activity convention),=,as_tabulated,,lgK:-4.54(0.2SD),0.2,SD,standard deviation as reported,4,MSL,31908,literature_measurement_technique,derived classification from source technique; not proof that the tabulated value was directly measured,not independently remeasured; retain source weight and notes,"[""7"", ""50"", ""0"", ""Self Medium"", ""lgK:-4.54(0.2SD)"", ""4"", ""MSL"", ""31908""]","{""bbox_points"": [60.15745222929936, 462.72, 551.3105732484076, 481.08000000000004], ""doi"": ""10.5281/zenodo.7700024"", ""page"": 30, ""source_file"": ""GER.PDF""}",[],[]
JESS-8.9:Ge:80901:8,80901,8,90,0,0,numeric_as_tabulated,mol dm-3,Instructions default,Self Medium,as_tabulated; consult notes,water unless otherwise specified in source,1 bar / 1 atm unless explicitly specified (source ambiguity retained),lgK,-3.96,log10 equilibrium constant (source concentration/activity convention),=,as_tabulated,,lgK:-3.96(0.15SD),0.15,SD,standard deviation as reported,5,MSL,8763,literature_measurement_technique,derived classification from source technique; not proof that the tabulated value was directly measured,not independently remeasured; retain source weight and notes,"[""8"", ""90"", ""0"", ""Self Medium"", ""lgK:-3.96(0.15SD)"", ""5"", ""MSL"", ""8763""]","{""bbox_points"": [60.15745222929936, 481.08000000000004, 551.3105732484076, 499.56], ""doi"": ""10.5281/zenodo.7700024"", ""page"": 30, ""source_file"": ""GER.PDF""}",[],[]
JESS-8.9:Ge:80901:9,80901,9,100,0,0,numeric_as_tabulated,mol dm-3,Instructions default,Self Medium,as_tabulated; consult notes,water unless otherwise specified in source,1 bar / 1 atm unless explicitly specified (source ambiguity retained),lgK,-3.42,log10 equilibrium constant (source concentration/activity convention),=,as_tabulated,,lgK:-3.42(0.15SD),0.15,SD,standard deviation as reported,4,MSL,31908,literature_measurement_technique,derived classification from source technique; not proof that the tabulated value was directly measured,not independently remeasured; retain source weight and notes,"[""9"", ""100"", ""0"", ""Self Medium"", ""lgK:-3.42(0.15SD)"", ""4"", ""MSL"", ""31908""]","{""bbox_points"": [60.15745222929936, 499.56, 551.3105732484076, 517.98], ""doi"": ""10.5281/zenodo.7700024"", ""page"": 30, ""source_file"": ""GER.PDF""}",[],[]
JESS-8.9:Ge:80901:10,80901,10,100,0,0,numeric_as_tabulated,mol dm-3,Instructions default,Self Medium,as_tabulated; consult notes,water unless otherwise specified in source,1 bar / 1 atm unless explicitly specified (source ambiguity retained),lgK,-3.35,log10 equilibrium constant (source concentration/activity convention),=,as_tabulated,,lgK:-3.35(3SF),3,SF,significant figures; not an uncertainty interval,2,EFE,31910,calculated_or_compiled,derived classification from source technique; not proof that the tabulated value was directly measured,not independently remeasured; retain source weight and notes,"[""10"", ""100"", ""0"", ""Self Medium"", ""lgK:-3.35(3SF)"", ""2"", ""EFE"", ""31910""]","{""bbox_points"": [60.15745222929936, 517.98, 551.3105732484076, 536.4], ""doi"": ""10.5281/zenodo.7700024"", ""page"": 30, ""source_file"": ""GER.PDF""}",[],[]
JESS-8.9:Ge:80901:11,80901,11,150,0,0,numeric_as_tabulated,mol dm-3,Instructions default,Self Medium,as_tabulated; consult notes,water unless otherwise specified in source,1 bar / 1 atm unless explicitly specified (source ambiguity retained),lgK,-3.26,log10 equilibrium constant (source concentration/activity convention),=,as_tabulated,,lgK:-3.26(0.12SD),0.12,SD,standard deviation as reported,5,MSL,8763,literature_measurement_technique,derived classification from source technique; not proof that the tabulated value was directly measured,not independently remeasured; retain source weight and notes,"[""11"", ""150"", ""0"", ""Self Medium"", ""lgK:-3.26(0.12SD)"", ""5"", ""MSL"", ""8763""]","{""bbox_points"": [60.15745222929936, 536.4, 551.3105732484076, 554.76], ""doi"": ""10.5281/zenodo.7700024"", ""page"": 30, ""source_file"": ""GER.PDF""}",[],[]
JESS-8.9:Ge:80901:12,80901,12,150,0,0,numeric_as_tabulated,mol dm-3,Instructions default,Self Medium,as_tabulated; consult notes,water unless otherwise specified in source,1 bar / 1 atm unless explicitly specified (source ambiguity retained),lgK,-2.69,log10 equilibrium constant (source concentration/activity convention),=,as_tabulated,,lgK:-2.69(3SF),3,SF,significant figures; not an uncertainty interval,2,EFE,31910,calculated_or_compiled,derived classification from source technique; not proof that the tabulated value was directly measured,not independently remeasured; retain source weight and notes,"[""12"", ""150"", ""0"", ""Self Medium"", ""lgK:-2.69(3SF)"", ""2"", ""EFE"", ""31910""]","{""bbox_points"": [60.15745222929936, 554.76, 551.3105732484076, 573.12], ""doi"": ""10.5281/zenodo.7700024"", ""page"": 30, ""source_file"": ""GER.PDF""}",[],[]
JESS-8.9:Ge:80901:13,80901,13,160,0,0,numeric_as_tabulated,mol dm-3,Instructions default,Self Medium,as_tabulated; consult notes,water unless otherwise specified in source,1 bar / 1 atm unless explicitly specified (source ambiguity retained),lgK,-2.60,log10 equilibrium constant (source concentration/activity convention),=,as_tabulated,,lgK:-2.60(3SF),3,SF,significant figures; not an uncertainty interval,4,MSL,31908,literature_measurement_technique,derived classification from source technique; not proof that the tabulated value was directly measured,not independently remeasured; retain source weight and notes,"[""13"", ""160"", ""0"", ""Self Medium"", ""lgK:-2.60(3SF)"", ""4"", ""MSL"", ""31908""]","{""bbox_points"": [60.15745222929936, 573.12, 551.3105732484076, 591.54], ""doi"": ""10.5281/zenodo.7700024"", ""page"": 30, ""source_file"": ""GER.PDF""}",[],[]
JESS-8.9:Ge:80901:14,80901,14,190,0,0,numeric_as_tabulated,mol dm-3,Instructions default,Self Medium,as_tabulated; consult notes,water unless otherwise specified in source,1 bar / 1 atm unless explicitly specified (source ambiguity retained),lgK,-2.35,log10 equilibrium constant (source concentration/activity convention),=,as_tabulated,,lgK:-2.35(0.2SD),0.2,SD,standard deviation as reported,4,MSL,31908,literature_measurement_technique,derived classification from source technique; not proof that the tabulated value was directly measured,not independently remeasured; retain source weight and notes,"[""14"", ""190"", ""0"", ""Self Medium"", ""lgK:-2.35(0.2SD)"", ""4"", ""MSL"", ""31908""]","{""bbox_points"": [60.15745222929936, 591.54, 551.3105732484076, 609.9000000000001], ""doi"": ""10.5281/zenodo.7700024"", ""page"": 30, ""source_file"": ""GER.PDF""}",[],[]
JESS-8.9:Ge:80901:15,80901,15,200,0,0,numeric_as_tabulated,mol dm-3,Instructions default,Self Medium,as_tabulated; consult notes,water unless otherwise specified in source,1 bar / 1 atm unless explicitly specified (source ambiguity retained),lgK,-2.76,log10 equilibrium constant (source concentration/activity convention),=,as_tabulated,,lgK:-2.76(0.10SD),0.10,SD,standard deviation as reported,5,MSL,8763,literature_measurement_technique,derived classification from source technique; not proof that the tabulated value was directly measured,not independently remeasured; retain source weight and notes,"[""15"", ""200"", ""0"", ""Self Medium"", ""lgK:-2.76(0.10SD)"", ""5"", ""MSL"", ""8763""]","{""bbox_points"": [60.15745222929936, 609.9000000000001, 551.3105732484076, 628.44], ""doi"": ""10.5281/zenodo.7700024"", ""page"": 30, ""source_file"": ""GER.PDF""}",[],[]
JESS-8.9:Ge:80901:16,80901,16,200,0,0,numeric_as_tabulated,mol dm-3,Instructions default,Self Medium,as_tabulated; consult notes,water unless otherwise specified in source,1 bar / 1 atm unless explicitly specified (source ambiguity retained),lgK,-2.43,log10 equilibrium constant (source concentration/activity convention),=,as_tabulated,,lgK:-2.43(3SF),3,SF,significant figures; not an uncertainty interval,2,EFE,31910,calculated_or_compiled,derived classification from source technique; not proof that the tabulated value was directly measured,not independently remeasured; retain source weight and notes,"[""16"", ""200"", ""0"", ""Self Medium"", ""lgK:-2.43(3SF)"", ""2"", ""EFE"", ""31910""]","{""bbox_points"": [60.15745222929936, 628.44, 551.3105732484076, 646.8000000000001], ""doi"": ""10.5281/zenodo.7700024"", ""page"": 30, ""source_file"": ""GER.PDF""}",[],[]
JESS-8.9:Ge:80901:17,80901,17,250,0,0,numeric_as_tabulated,mol dm-3,Instructions default,Self Medium,as_tabulated; consult notes,water unless otherwise specified in source,1 bar / 1 atm unless explicitly specified (source ambiguity retained),lgK,-2.16,log10 equilibrium constant (source concentration/activity convention),=,as_tabulated,,lgK:-2.16(0.10SD),0.10,SD,standard deviation as reported,5,MSL,8763,literature_measurement_technique,derived classification from source technique; not proof that the tabulated value was directly measured,not independently remeasured; retain source weight and notes,"[""17"", ""250"", ""0"", ""Self Medium"", ""lgK:-2.16(0.10SD)"", ""5"", ""MSL"", ""8763""]","{""bbox_points"": [60.15745222929936, 646.8000000000001, 551.3105732484076, 665.16], ""doi"": ""10.5281/zenodo.7700024"", ""page"": 30, ""source_file"": ""GER.PDF""}",[],[]
JESS-8.9:Ge:80901:18,80901,18,250,0,0,numeric_as_tabulated,mol dm-3,Instructions default,Self Medium,as_tabulated; consult notes,water unless otherwise specified in source,1 bar / 1 atm unless explicitly specified (source ambiguity retained),lgK,-1.96,log10 equilibrium constant (source concentration/activity convention),=,as_tabulated,,lgK:-1.96(0.1SD),0.1,SD,standard deviation as reported,4,MSL,31908,literature_measurement_technique,derived classification from source technique; not proof that the tabulated value was directly measured,not independently remeasured; retain source weight and notes,"[""18"", ""250"", ""0"", ""Self Medium"", ""lgK:-1.96(0.1SD)"", ""4"", ""MSL"", ""31908""]","{""bbox_points"": [60.15745222929936, 665.16, 551.3105732484076, 683.5799999999999], ""doi"": ""10.5281/zenodo.7700024"", ""page"": 30, ""source_file"": ""GER.PDF""}",[],[]
JESS-8.9:Ge:80901:19,80901,19,250,0,0,numeric_as_tabulated,mol dm-3,Instructions default,Self Medium,as_tabulated; consult notes,water unless otherwise specified in source,1 bar / 1 atm unless explicitly specified (source ambiguity retained),lgK,-1.99,log10 equilibrium constant (source concentration/activity convention),=,as_tabulated,,lgK:-1.99(3SF),3,SF,significant figures; not an uncertainty interval,2,EFE,31910,calculated_or_compiled,derived classification from source technique; not proof that the tabulated value was directly measured,not independently remeasured; retain source weight and notes,"[""19"", ""250"", ""0"", ""Self Medium"", ""lgK:-1.99(3SF)"", ""2"", ""EFE"", ""31910""]","{""bbox_points"": [60.15745222929936, 683.5799999999999, 551.3105732484076, 701.94], ""doi"": ""10.5281/zenodo.7700024"", ""page"": 30, ""source_file"": ""GER.PDF""}",[],[]
JESS-8.9:Ge:80901:20,80901,20,300,0,0,numeric_as_tabulated,mol dm-3,Instructions default,Self Medium,as_tabulated; consult notes,water unless otherwise specified in source,1 bar / 1 atm unless explicitly specified (source ambiguity retained),lgK,-1.78,log10 equilibrium constant (source concentration/activity convention),=,as_tabulated,,lgK:-1.78(0.07SD),0.07,SD,standard deviation as reported,5,MSL,8763,literature_measurement_technique,derived classification from source technique; not proof that the tabulated value was directly measured,not independently remeasured; retain source weight and notes,"[""20"", ""300"", ""0"", ""Self Medium"", ""lgK:-1.78(0.07SD)"", ""5"", ""MSL"", ""8763""]","{""bbox_points"": [60.15745222929936, 701.94, 551.3105732484076, 720.48], ""doi"": ""10.5281/zenodo.7700024"", ""page"": 30, ""source_file"": ""GER.PDF""}",[],[]
JESS-8.9:Ge:80901:21,80901,21,300,0,0,numeric_as_tabulated,mol dm-3,Instructions default,Self Medium,as_tabulated; consult notes,water unless otherwise specified in source,1 bar / 1 atm unless explicitly specified (source ambiguity retained),lgK,-1.77,log10 equilibrium constant (source concentration/activity convention),=,as_tabulated,,lgK:-1.77(0.07SD),0.07,SD,standard deviation as reported,4,MSL,31908,literature_measurement_technique,derived classification from source technique; not proof that the tabulated value was directly measured,not independently remeasured; retain source weight and notes,"[""21"", ""300"", ""0"", ""Self Medium"", ""lgK:-1.77(0.07SD)"", ""4"", ""MSL"", ""31908""]","{""bbox_points"": [60.18631578947368, 53.579999999999984, 551.2878947368421, 72.12], ""doi"": ""10.5281/zenodo.7700024"", ""page"": 31, ""source_file"": ""GER.PDF""}",[],[]
JESS-8.9:Ge:80901:22,80901,22,300,0,0,numeric_as_tabulated,mol dm-3,Instructions default,Self Medium,as_tabulated; consult notes,water unless otherwise specified in source,1 bar / 1 atm unless explicitly specified (source ambiguity retained),lgK,-1.69,log10 equilibrium constant (source concentration/activity convention),=,as_tabulated,,lgK:-1.69(3SF),3,SF,significant figures; not an uncertainty interval,2,EFE,31910,calculated_or_compiled,derived classification from source technique; not proof that the tabulated value was directly measured,not independently remeasured; retain source weight and notes,"[""22"", ""300"", ""0"", ""Self Medium"", ""lgK:-1.69(3SF)"", ""2"", ""EFE"", ""31910""]","{""bbox_points"": [60.18631578947368, 72.12, 551.2878947368421, 90.48000000000002], ""doi"": ""10.5281/zenodo.7700024"", ""page"": 31, ""source_file"": ""GER.PDF""}",[],[]
JESS-8.9:Ge:80901:23,80901,23,350,0,0,numeric_as_tabulated,mol dm-3,Instructions default,Self Medium,as_tabulated; consult notes,water unless otherwise specified in source,1 bar / 1 atm unless explicitly specified (source ambiguity retained),lgK,-1.68,log10 equilibrium constant (source concentration/activity convention),=,as_tabulated,,lgK:-1.68(0.05SD),0.05,SD,standard deviation as reported,5,MSL,8763,literature_measurement_technique,derived classification from source technique; not proof that the tabulated value was directly measured,not independently remeasured; retain source weight and notes,"[""23"", ""350"", ""0"", ""Self Medium"", ""lgK:-1.68(0.05SD)"", ""5"", ""MSL"", ""8763""]","{""bbox_points"": [60.18631578947368, 90.48000000000002, 551.2878947368421, 108.84000000000003], ""doi"": ""10.5281/zenodo.7700024"", ""page"": 31, ""source_file"": ""GER.PDF""}",[],[]
JESS-8.9:Ge:80902:1,80902,1,20,0,0,numeric_as_tabulated,mol dm-3,Instructions default,Unknown,as_tabulated; consult notes,water unless otherwise specified in source,1 bar / 1 atm unless explicitly specified (source ambiguity retained),lgK,7.24,log10 equilibrium constant (source concentration/activity convention),=,deprecated_species,,lgK:7.24(3SF),3,SF,significant figures; not an uncertainty interval,0,MSE,31904,literature_measurement_technique,derived classification from source technique; not proof that the tabulated value was directly measured,not independently remeasured; retain source weight and notes,"[""1"", ""20"", ""0"", ""Unknown"", ""lgK:7.24(3SF)"", ""0"", ""MSE"", ""31904""]","{""bbox_points"": [60.18631578947368, 198.75000000000003, 551.2878947368421, 217.50000000000006], ""doi"": ""10.5281/zenodo.7700024"", ""page"": 31, ""source_file"": ""GER.PDF""}","[{""page"": 31, ""text"": ""Note: Ge+4 is deprecated because does not exist in aqueous solution""}]","[""source_deprecates_species""]"
JESS-8.9:Ge:80903:1,80903,1,0,0,0,numeric_as_tabulated,mol dm-3,Instructions default,Self Medium,as_tabulated; consult notes,water unless otherwise specified in source,1 bar / 1 atm unless explicitly specified (source ambiguity retained),lgK,-5.92,log10 equilibrium constant (source concentration/activity convention),=,as_tabulated,,lgK:-5.92(3SF),3,SF,significant figures; not an uncertainty interval,2,MAN,31889,literature_measurement_technique,derived classification from source technique; not proof that the tabulated value was directly measured,not independently remeasured; retain source weight and notes,"[""1"", ""0"", ""0"", ""Self Medium"", ""lgK:-5.92(3SF)"", ""2"", ""MAN"", ""31889""]","{""bbox_points"": [60.18631578947368, 286.11, 551.2878947368421, 304.68], ""doi"": ""10.5281/zenodo.7700024"", ""page"": 31, ""source_file"": ""GER.PDF""}",[],[]
JESS-8.9:Ge:80903:2,80903,2,25,0,0,numeric_as_tabulated,mol dm-3,Instructions default,Self Medium,as_tabulated; consult notes,water unless otherwise specified in source,1 bar / 1 atm unless explicitly specified (source ambiguity retained),lgK,-5.28,log10 equilibrium constant (source concentration/activity convention),=,as_tabulated,,lgK:-5.28(3SF),3,SF,significant figures; not an uncertainty interval,2,MAN,31889,literature_measurement_technique,derived classification from source technique; not proof that the tabulated value was directly measured,not independently remeasured; retain source weight and notes,"[""2"", ""25"", ""0"", ""Self Medium"", ""lgK:-5.28(3SF)"", ""2"", ""MAN"", ""31889""]","{""bbox_points"": [60.18631578947368, 304.68, 551.2878947368421, 323.16], ""doi"": ""10.5281/zenodo.7700024"", ""page"": 31, ""source_file"": ""GER.PDF""}",[],[]
JESS-8.9:Ge:80903:3,80903,3,25,0,0,numeric_as_tabulated,mol dm-3,Instructions default,Self Medium,as_tabulated; consult notes,water unless otherwise specified in source,1 bar / 1 atm unless explicitly specified (source ambiguity retained),dH,9.5,kcal mol-1,=,as_tabulated,,dH:9.5(2SF),2,SF,significant figures; not an uncertainty interval,2,MTD,31889,literature_measurement_technique,derived classification from source technique; not proof that the tabulated value was directly measured,not independently remeasured; retain source weight and notes,"[""3"", ""25"", ""0"", ""Self Medium"", ""dH:9.5(2SF)"", ""2"", ""MTD"", ""31889""]","{""bbox_points"": [60.18631578947368, 323.16, 551.2878947368421, 341.58000000000004], ""doi"": ""10.5281/zenodo.7700024"", ""page"": 31, ""source_file"": ""GER.PDF""}",[],[]
JESS-8.9:Ge:80904:1,80904,1,20,0.1,0.1,numeric_as_tabulated,mol dm-3,Instructions default,KNO3,as_tabulated; consult notes,water unless otherwise specified in source,1 bar / 1 atm unless explicitly specified (source ambiguity retained),lgK,6.0,log10 equilibrium constant (source concentration/activity convention),=,as_tabulated,,lgK:6.0(2SF),2,SF,significant figures; not an uncertainty interval,3,MGL,31905,literature_measurement_technique,derived classification from source technique; not proof that the tabulated value was directly measured,not independently remeasured; retain source weight and notes,"[""1"", ""20"", ""0.1"", ""KNO3"", ""lgK:6.0(2SF)"", ""3"", ""MGL"", ""31905""]","{""bbox_points"": [60.18631578947368, 410.19, 551.2878947368421, 428.88], ""doi"": ""10.5281/zenodo.7700024"", ""page"": 31, ""source_file"": ""GER.PDF""}",[],[]
JESS-8.9:Ge:80905:1,80905,1,20,0.1,0.1,numeric_as_tabulated,mol dm-3,Instructions default,KNO3,as_tabulated; consult notes,water unless otherwise specified in source,1 bar / 1 atm unless explicitly specified (source ambiguity retained),lgK,4.8,log10 equilibrium constant (source concentration/activity convention),=,as_tabulated,,lgK:4.8(2SF),2,SF,significant figures; not an uncertainty interval,3,MGL,31905,literature_measurement_technique,derived classification from source technique; not proof that the tabulated value was directly measured,not independently remeasured; retain source weight and notes,"[""1"", ""20"", ""0.1"", ""KNO3"", ""lgK:4.8(2SF)"", ""3"", ""MGL"", ""31905""]","{""bbox_points"": [60.18631578947368, 497.46000000000004, 551.2878947368421, 516.1800000000001], ""doi"": ""10.5281/zenodo.7700024"", ""page"": 31, ""source_file"": ""GER.PDF""}",[],[]
JESS-8.9:Ge:80906:1,80906,1,25,0,0,numeric_as_tabulated,mol dm-3,Instructions default,Unknown,as_tabulated; consult notes,water unless otherwise specified in source,1 bar / 1 atm unless explicitly specified (source ambiguity retained),lgK,3.5,log10 equilibrium constant (source concentration/activity convention),=,as_tabulated,,lgK:3.5(2SF),2,SF,significant figures; not an uncertainty interval,1,MIX,32196,literature_measurement_technique,derived classification from source technique; not proof that the tabulated value was directly measured,not independently remeasured; retain source weight and notes,"[""1"", ""25"", ""0"", ""Unknown"", ""lgK:3.5(2SF)"", ""1"", ""MIX"", ""32196""]","{""bbox_points"": [60.18631578947368, 584.79, 551.2878947368421, 603.48], ""doi"": ""10.5281/zenodo.7700024"", ""page"": 31, ""source_file"": ""GER.PDF""}",[],[]
JESS-8.9:Ge:80907:1,80907,1,25,0.1,0.1,numeric_as_tabulated,mol dm-3,Instructions default,KNO3,as_tabulated; consult notes,water unless otherwise specified in source,1 bar / 1 atm unless explicitly specified (source ambiguity retained),lgK,0.25,log10 equilibrium constant (source concentration/activity convention),=,deprecated_species,,lgK:0.25(2SF),2,SF,significant figures; not an uncertainty interval,0,MGL,7760,literature_measurement_technique,derived classification from source technique; not proof that the tabulated value was directly measured,not independently remeasured; retain source weight and notes,"[""1"", ""25"", ""0.1"", ""KNO3"", ""lgK:0.25(2SF)"", ""0"", ""MGL"", ""7760""]","{""bbox_points"": [60.18631578947368, 704.04, 551.2878947368421, 722.7], ""doi"": ""10.5281/zenodo.7700024"", ""page"": 31, ""source_file"": ""GER.PDF""}","[{""page"": 31, ""text"": ""Note: Ge(OH)2 deprecated, existence very much doubtful, even more in these\nexperiments""}, {""page"": 32, ""text"": ""Note (1): Complex in article: H2[Ge(OH)2L2H(-2)]; simplified here: Ge(OH)2L2""}]","[""source_deprecates_species""]"
JESS-8.9:Ge:80908:1,80908,1,25,0.1,0.1,numeric_as_tabulated,mol dm-3,Instructions default,KNO3,as_tabulated; consult notes,water unless otherwise specified in source,1 bar / 1 atm unless explicitly specified (source ambiguity retained),lgK,0.46,log10 equilibrium constant (source concentration/activity convention),=,deprecated_species,,lgK:0.46(2SF),2,SF,significant figures; not an uncertainty interval,0,MGL,7760,literature_measurement_technique,derived classification from source technique; not proof that the tabulated value was directly measured,not independently remeasured; retain source weight and notes,"[""1"", ""25"", ""0.1"", ""KNO3"", ""lgK:0.46(2SF)"", ""0"", ""MGL"", ""7760""]","{""bbox_points"": [60.18372413793103, 172.68000000000004, 551.2899310344827, 191.28000000000003], ""doi"": ""10.5281/zenodo.7700024"", ""page"": 32, ""source_file"": ""GER.PDF""}","[{""page"": 32, ""text"": ""Note: Ge(OH)2 deprecated, existence very much doubtful, even more in these\nexperiments""}, {""page"": 32, ""text"": ""Note (1): Complex in article: H2[Ge(OH)2L2H(-2)]; simplified here: Ge(OH)2L2""}]","[""source_deprecates_species""]"
JESS-8.9:Ge:80909:1,80909,1,25,0.1,0.1,numeric_as_tabulated,mol dm-3,Instructions default,NaNO3,as_tabulated; consult notes,water unless otherwise specified in source,1 bar / 1 atm unless explicitly specified (source ambiguity retained),lgK,2.01,log10 equilibrium constant (source concentration/activity convention),=,deprecated_species,,lgK:2.01(3SF),3,SF,significant figures; not an uncertainty interval,0,MSP,31901,literature_measurement_technique,derived classification from source technique; not proof that the tabulated value was directly measured,not independently remeasured; retain source weight and notes,"[""1"", ""25"", ""0.1"", ""NaNO3"", ""lgK:2.01(3SF)"", ""0"", ""MSP"", ""31901""]","{""bbox_points"": [60.18372413793103, 310.32000000000005, 551.2899310344827, 328.92], ""doi"": ""10.5281/zenodo.7700024"", ""page"": 32, ""source_file"": ""GER.PDF""}","[{""page"": 32, ""text"": ""Note: Ge(OH)2 is deprecated, existence very much doubtful, even more in these\nexperiments""}, {""page"": 32, ""text"": ""Note (1): Complex as H2[Ge(OH)2(CitricH2H-1)2] in publication""}]","[""source_deprecates_species""]"
JESS-8.9:Ge:80910:1,80910,1,25,0.1,0.1,numeric_as_tabulated,mol dm-3,Instructions default,KCl,as_tabulated; consult notes,water unless otherwise specified in source,1 bar / 1 atm unless explicitly specified (source ambiguity retained),lgK,0.65,log10 equilibrium constant (source concentration/activity convention),=,as_tabulated,,lgK:0.65(2SF),2,SF,significant figures; not an uncertainty interval,4,MSP,31872,literature_measurement_technique,derived classification from source technique; not proof that the tabulated value was directly measured,not independently remeasured; retain source weight and notes,"[""1"", ""25"", ""0.1"", ""KCl"", ""lgK:0.65(2SF)"", ""4"", ""MSP"", ""31872""]","{""bbox_points"": [60.18372413793103, 416.01, 551.2899310344827, 434.64], ""doi"": ""10.5281/zenodo.7700024"", ""page"": 32, ""source_file"": ""GER.PDF""}",[],[]
JESS-8.9:Ge:80911:1,80911,1,25,0.11,0.11,numeric_as_tabulated,mol dm-3,Instructions default,NaCl,as_tabulated; consult notes,water unless otherwise specified in source,1 bar / 1 atm unless explicitly specified (source ambiguity retained),lgK,2.30,log10 equilibrium constant (source concentration/activity convention),=,as_tabulated,,lgK:2.30(3SF),3,SF,significant figures; not an uncertainty interval,0,MSP,31872,literature_measurement_technique,derived classification from source technique; not proof that the tabulated value was directly measured,not independently remeasured; retain source weight and notes,"[""1"", ""25"", ""0.11"", ""NaCl"", ""lgK:2.30(3SF)"", ""0"", ""MSP"", ""31872""]","{""bbox_points"": [60.18372413793103, 503.28000000000003, 551.2899310344827, 521.94], ""doi"": ""10.5281/zenodo.7700024"", ""page"": 32, ""source_file"": ""GER.PDF""}",[],[]
JESS-8.9:Ge:80911:2,80911,2,25,0.26,0.26,numeric_as_tabulated,mol dm-3,Instructions default,NaCl,as_tabulated; consult notes,water unless otherwise specified in source,1 bar / 1 atm unless explicitly specified (source ambiguity retained),lgK,3.10,log10 equilibrium constant (source concentration/activity convention),=,as_tabulated,,lgK:3.10(3SF),3,SF,significant figures; not an uncertainty interval,0,MSP,31872,literature_measurement_technique,derived classification from source technique; not proof that the tabulated value was directly measured,not independently remeasured; retain source weight and notes,"[""2"", ""25"", ""0.26"", ""NaCl"", ""lgK:3.10(3SF)"", ""0"", ""MSP"", ""31872""]","{""bbox_points"": [60.18372413793103, 521.94, 551.2899310344827, 540.3], ""doi"": ""10.5281/zenodo.7700024"", ""page"": 32, ""source_file"": ""GER.PDF""}",[],[]
JESS-8.9:Ge:80911:3,80911,3,25,0.5,0.5,numeric_as_tabulated,mol dm-3,Instructions default,NaCl,as_tabulated; consult notes,water unless otherwise specified in source,1 bar / 1 atm unless explicitly specified (source ambiguity retained),lgK,3.50,log10 equilibrium constant (source concentration/activity convention),=,as_tabulated,,lgK:3.50(3SF),3,SF,significant figures; not an uncertainty interval,3,MSP,31872,literature_measurement_technique,derived classification from source technique; not proof that the tabulated value was directly measured,not independently remeasured; retain source weight and notes,"[""3"", ""25"", ""0.5"", ""NaCl"", ""lgK:3.50(3SF)"", ""3"", ""MSP"", ""31872""]","{""bbox_points"": [60.18372413793103, 540.3, 551.2899310344827, 558.72], ""doi"": ""10.5281/zenodo.7700024"", ""page"": 32, ""source_file"": ""GER.PDF""}",[],[]
JESS-8.9:Ge:80911:4,80911,4,25,1,1,numeric_as_tabulated,mol dm-3,Instructions default,NaCl,as_tabulated; consult notes,water unless otherwise specified in source,1 bar / 1 atm unless explicitly specified (source ambiguity retained),lgK,3.70,log10 equilibrium constant (source concentration/activity convention),=,as_tabulated,,lgK:3.70(3SF),3,SF,significant figures; not an uncertainty interval,3,MSP,31872,literature_measurement_technique,derived classification from source technique; not proof that the tabulated value was directly measured,not independently remeasured; retain source weight and notes,"[""4"", ""25"", ""1"", ""NaCl"", ""lgK:3.70(3SF)"", ""3"", ""MSP"", ""31872""]","{""bbox_points"": [60.18372413793103, 558.72, 551.2899310344827, 577.08], ""doi"": ""10.5281/zenodo.7700024"", ""page"": 32, ""source_file"": ""GER.PDF""}",[],[]
JESS-8.9:Ge:80912:1,80912,1,25,0.5,0.5,numeric_as_tabulated,mol dm-3,Instructions default,NaCl,as_tabulated; consult notes,water unless otherwise specified in source,1 bar / 1 atm unless explicitly specified (source ambiguity retained),lgK,3.88,log10 equilibrium constant (source concentration/activity convention),=,as_tabulated,,lgK:3.88(3SF),3,SF,significant figures; not an uncertainty interval,3,MSP,31872,literature_measurement_technique,derived classification from source technique; not proof that the tabulated value was directly measured,not independently remeasured; retain source weight and notes,"[""1"", ""25"", ""0.5"", ""NaCl"", ""lgK:3.88(3SF)"", ""3"", ""MSP"", ""31872""]","{""bbox_points"": [60.18372413793103, 645.84, 551.2899310344827, 664.3800000000001], ""doi"": ""10.5281/zenodo.7700024"", ""page"": 32, ""source_file"": ""GER.PDF""}",[],[]
JESS-8.9:Ge:80912:2,80912,2,25,1,1,numeric_as_tabulated,mol dm-3,Instructions default,NaCl,as_tabulated; consult notes,water unless otherwise specified in source,1 bar / 1 atm unless explicitly specified (source ambiguity retained),lgK,3.90,log10 equilibrium constant (source concentration/activity convention),=,as_tabulated,,lgK:3.90(3SF),3,SF,significant figures; not an uncertainty interval,3,MSP,31872,literature_measurement_technique,derived classification from source technique; not proof that the tabulated value was directly measured,not independently remeasured; retain source weight and notes,"[""2"", ""25"", ""1"", ""NaCl"", ""lgK:3.90(3SF)"", ""3"", ""MSP"", ""31872""]","{""bbox_points"": [60.18372413793103, 664.3800000000001, 551.2899310344827, 682.8000000000001], ""doi"": ""10.5281/zenodo.7700024"", ""page"": 32, ""source_file"": ""GER.PDF""}",[],[]
JESS-8.9:Ge:80913:1,80913,1,25,0.5,0.5,numeric_as_tabulated,mol dm-3,Instructions default,NaCl,as_tabulated; consult notes,water unless otherwise specified in source,1 bar / 1 atm unless explicitly specified (source ambiguity retained),lgK,2.49,log10 equilibrium constant (source concentration/activity convention),=,as_tabulated,,lgK:2.49(3SF),3,SF,significant figures; not an uncertainty interval,4,MSP,31976,literature_measurement_technique,derived classification from source technique; not proof that the tabulated value was directly measured,not independently remeasured; retain source weight and notes,"[""1"", ""25"", ""0.5"", ""NaCl"", ""lgK:2.49(3SF)"", ""4"", ""MSP"", ""31976""]","{""bbox_points"": [60.18461538461538, 90.27000000000001, 551.2892307692307, 108.84000000000003], ""doi"": ""10.5281/zenodo.7700024"", ""page"": 33, ""source_file"": ""GER.PDF""}",[],[]
JESS-8.9:Ge:80914:1,80914,1,25,0.5,0.5,numeric_as_tabulated,mol dm-3,Instructions default,NaCl,as_tabulated; consult notes,water unless otherwise specified in source,1 bar / 1 atm unless explicitly specified (source ambiguity retained),lgK,2.25,log10 equilibrium constant (source concentration/activity convention),=,as_tabulated,,lgK:2.25(3SF),3,SF,significant figures; not an uncertainty interval,4,MSP,31976,literature_measurement_technique,derived classification from source technique; not proof that the tabulated value was directly measured,not independently remeasured; retain source weight and notes,"[""1"", ""25"", ""0.5"", ""NaCl"", ""lgK:2.25(3SF)"", ""4"", ""MSP"", ""31976""]","{""bbox_points"": [60.18461538461538, 177.57000000000002, 551.2892307692307, 196.20000000000005], ""doi"": ""10.5281/zenodo.7700024"", ""page"": 33, ""source_file"": ""GER.PDF""}",[],[]
JESS-8.9:Ge:80915:1,80915,1,25,0.5,0.5,numeric_as_tabulated,mol dm-3,Instructions default,NaCl,as_tabulated; consult notes,water unless otherwise specified in source,1 bar / 1 atm unless explicitly specified (source ambiguity retained),lgK,3.4,log10 equilibrium constant (source concentration/activity convention),=,as_tabulated,,lgK:3.4(2SF),2,SF,significant figures; not an uncertainty interval,4,MSP,31977,literature_measurement_technique,derived classification from source technique; not proof that the tabulated value was directly measured,not independently remeasured; retain source weight and notes,"[""1"", ""25"", ""0.5"", ""NaCl"", ""lgK:3.4(2SF)"", ""4"", ""MSP"", ""31977""]","{""bbox_points"": [60.18461538461538, 264.75, 551.2892307692307, 283.44000000000005], ""doi"": ""10.5281/zenodo.7700024"", ""page"": 33, ""source_file"": ""GER.PDF""}",[],[]
JESS-8.9:Ge:80916:1,80916,1,25,0.1,0.1,numeric_as_tabulated,mol dm-3,Instructions default,KCl,as_tabulated; consult notes,water unless otherwise specified in source,1 bar / 1 atm unless explicitly specified (source ambiguity retained),lgK,-7.320,log10 equilibrium constant (source concentration/activity convention),=,as_tabulated,,lgK:-7.320(4SF),4,SF,significant figures; not an uncertainty interval,3,MQH,31949,literature_measurement_technique,derived classification from source technique; not proof that the tabulated value was directly measured,not independently remeasured; retain source weight and notes,"[""1"", ""25"", ""0.1"", ""KCl"", ""lgK:-7.320(4SF)"", ""3"", ""MQH"", ""31949""]","{""bbox_points"": [60.18461538461538, 352.08000000000004, 551.2892307692307, 370.68], ""doi"": ""10.5281/zenodo.7700024"", ""page"": 33, ""source_file"": ""GER.PDF""}","[{""page"": 33, ""text"": ""Note (1): Values for react. with Ge(OH)4 and GeO(OH)3 given (K 2.69E-09); first\npreferred""}]",[]
JESS-8.9:Ge:80917:1,80917,1,25,0.1,0.1,numeric_as_tabulated,mol dm-3,Instructions default,KCl,as_tabulated; consult notes,water unless otherwise specified in source,1 bar / 1 atm unless explicitly specified (source ambiguity retained),lgK,-6.636,log10 equilibrium constant (source concentration/activity convention),=,as_tabulated,,lgK:-6.636(4SF),4,SF,significant figures; not an uncertainty interval,3,MQH,31949,literature_measurement_technique,derived classification from source technique; not proof that the tabulated value was directly measured,not independently remeasured; retain source weight and notes,"[""1"", ""25"", ""0.1"", ""KCl"", ""lgK:-6.636(4SF)"", ""3"", ""MQH"", ""31949""]","{""bbox_points"": [60.18461538461538, 468.48, 551.2892307692307, 487.08000000000004], ""doi"": ""10.5281/zenodo.7700024"", ""page"": 33, ""source_file"": ""GER.PDF""}","[{""page"": 33, ""text"": ""Note (1): Values for react. with Ge(OH)4 and GeO(OH)3 given (K 2.63E-9); first\npreferred""}]",[]
JESS-8.9:Ge:80917:2,80917,2,25,0.1,0.1,numeric_as_tabulated,mol dm-3,Instructions default,KNO3,as_tabulated; consult notes,water unless otherwise specified in source,1 bar / 1 atm unless explicitly specified (source ambiguity retained),lgK,-7.15,log10 equilibrium constant (source concentration/activity convention),=,as_tabulated,,lgK:-7.15(3SF),3,SF,significant figures; not an uncertainty interval,3,MSP,31906,literature_measurement_technique,derived classification from source technique; not proof that the tabulated value was directly measured,not independently remeasured; retain source weight and notes,"[""2"", ""25"", ""0.1"", ""KNO3"", ""lgK:-7.15(3SF)"", ""3"", ""MSP"", ""31906""]","{""bbox_points"": [60.18461538461538, 516.06, 551.2892307692307, 534.6], ""doi"": ""10.5281/zenodo.7700024"", ""page"": 33, ""source_file"": ""GER.PDF""}","[{""page"": 33, ""text"": ""Note (2): NDP = 2 for these authors; reaction adapted""}]",[]
JESS-8.9:Ge:80918:1,80918,1,25,0.1,0.1,numeric_as_tabulated,mol dm-3,Instructions default,KCl,as_tabulated; consult notes,water unless otherwise specified in source,1 bar / 1 atm unless explicitly specified (source ambiguity retained),lgK,-8.954,log10 equilibrium constant (source concentration/activity convention),=,as_tabulated,,lgK:-8.954(4SF),4,SF,significant figures; not an uncertainty interval,3,MQH,31873,literature_measurement_technique,derived classification from source technique; not proof that the tabulated value was directly measured,not independently remeasured; retain source weight and notes,"[""1"", ""25"", ""0.1"", ""KCl"", ""lgK:-8.954(4SF)"", ""3"", ""MQH"", ""31873""]","{""bbox_points"": [60.18461538461538, 621.54, 551.2892307692307, 640.26], ""doi"": ""10.5281/zenodo.7700024"", ""page"": 33, ""source_file"": ""GER.PDF""}","[{""page"": 33, ""text"": ""Note (1): Values for react. with Ge(OH)4 and GeO(OH)3 given (K 2.63E-9); first\npreferred""}]",[]
JESS-8.9:Ge:80919:1,80919,1,25,0.1,0.1,numeric_as_tabulated,mol dm-3,Instructions default,KCl,as_tabulated; consult notes,water unless otherwise specified in source,1 bar / 1 atm unless explicitly specified (source ambiguity retained),lgK,-8.140,log10 equilibrium constant (source concentration/activity convention),=,as_tabulated,,lgK:-8.140(4SF),4,SF,significant figures; not an uncertainty interval,3,MQH,31873,literature_measurement_technique,derived classification from source technique; not proof that the tabulated value was directly measured,not independently remeasured; retain source weight and notes,"[""1"", ""25"", ""0.1"", ""KCl"", ""lgK:-8.140(4SF)"", ""3"", ""MQH"", ""31873""]","{""bbox_points"": [60.17753424657534, 71.88, 551.294794520548, 90.48000000000002], ""doi"": ""10.5281/zenodo.7700024"", ""page"": 34, ""source_file"": ""GER.PDF""}","[{""page"": 34, ""text"": ""Note (1): Values for react. with Ge(OH)4 and GeO(OH)3 given (K 2.63E-9); first\npreferred""}]",[]
JESS-8.9:Ge:80920:1,80920,1,25,0.1,0.1,numeric_as_tabulated,mol dm-3,Instructions default,KCl,as_tabulated; consult notes,water unless otherwise specified in source,1 bar / 1 atm unless explicitly specified (source ambiguity retained),lgK,-8.298,log10 equilibrium constant (source concentration/activity convention),=,as_tabulated,,lgK:-8.298(4SF),4,SF,significant figures; not an uncertainty interval,3,MQH,31873,literature_measurement_technique,derived classification from source technique; not proof that the tabulated value was directly measured,not independently remeasured; retain source weight and notes,"[""1"", ""25"", ""0.1"", ""KCl"", ""lgK:-8.298(4SF)"", ""3"", ""MQH"", ""31873""]","{""bbox_points"": [60.17753424657534, 188.19000000000005, 551.294794520548, 206.76], ""doi"": ""10.5281/zenodo.7700024"", ""page"": 34, ""source_file"": ""GER.PDF""}","[{""page"": 34, ""text"": ""Note (1): Values for react. with Ge(OH)4 and GeO(OH)3 given (K 2.63E-9); first\npreferred""}]",[]
JESS-8.9:Ge:80921:1,80921,1,25,0.1,0.1,numeric_as_tabulated,mol dm-3,Instructions default,KCl,as_tabulated; consult notes,water unless otherwise specified in source,1 bar / 1 atm unless explicitly specified (source ambiguity retained),lgK,-8.521,log10 equilibrium constant (source concentration/activity convention),=,as_tabulated,,lgK:-8.521(4SF),4,SF,significant figures; not an uncertainty interval,3,MQH,31873,literature_measurement_technique,derived classification from source technique; not proof that the tabulated value was directly measured,not independently remeasured; retain source weight and notes,"[""1"", ""25"", ""0.1"", ""KCl"", ""lgK:-8.521(4SF)"", ""3"", ""MQH"", ""31873""]","{""bbox_points"": [60.17753424657534, 304.47, 551.294794520548, 323.16], ""doi"": ""10.5281/zenodo.7700024"", ""page"": 34, ""source_file"": ""GER.PDF""}","[{""page"": 34, ""text"": ""Note (1): Values for react. with Ge(OH)4 and GeO(OH)3 given (Ksp 2.63E-9); first\npreferred""}]",[]
JESS-8.9:Ge:80922:1,80922,1,18,0,0,numeric_as_tabulated,mol dm-3,Instructions default,Inf. Dilution,as_tabulated; consult notes,water unless otherwise specified in source,1 bar / 1 atm unless explicitly specified (source ambiguity retained),lgK,2.0,log10 equilibrium constant (source concentration/activity convention),=,as_tabulated,,lgK:2.0(2SF),2,SF,significant figures; not an uncertainty interval,2,MGL,31980,literature_measurement_technique,derived classification from source technique; not proof that the tabulated value was directly measured,not independently remeasured; retain source weight and notes,"[""1"", ""18"", ""0"", ""Inf. Dilution"", ""lgK:2.0(2SF)"", ""2 MGL"", ""31980""]","{""bbox_points"": [60.17753424657534, 420.87, 551.294794520548, 439.44000000000005], ""doi"": ""10.5281/zenodo.7700024"", ""page"": 34, ""source_file"": ""GER.PDF""}","[{""page"": 34, ""text"": ""Note (1): Complex in publication GeOL2HH-2, simplified here""}]",[]
JESS-8.9:Ge:80922:2,80922,2,18,1,1,numeric_as_tabulated,mol dm-3,Instructions default,NaCl,as_tabulated; consult notes,water unless otherwise specified in source,1 bar / 1 atm unless explicitly specified (source ambiguity retained),lgK,0.37,log10 equilibrium constant (source concentration/activity convention),=,as_tabulated,,lgK:0.37(2SF),2,SF,significant figures; not an uncertainty interval,2,MCN,31980,literature_measurement_technique,derived classification from source technique; not proof that the tabulated value was directly measured,not independently remeasured; retain source weight and notes,"[""2"", ""18"", ""1"", ""NaCl"", ""lgK:0.37(2SF)"", ""2 MCN"", ""31980""]","{""bbox_points"": [60.17753424657534, 457.86, 551.294794520548, 476.28], ""doi"": ""10.5281/zenodo.7700024"", ""page"": 34, ""source_file"": ""GER.PDF""}","[{""page"": 34, ""text"": ""Note (2): Complex in publication: GeOL2HH-2, simplified here""}]",[]
JESS-8.9:Ge:80923:1,80923,1,18,0,0,numeric_as_tabulated,mol dm-3,Instructions default,Inf. Dilution,as_tabulated; consult notes,water unless otherwise specified in source,1 bar / 1 atm unless explicitly specified (source ambiguity retained),lgK,2.9,log10 equilibrium constant (source concentration/activity convention),=,as_tabulated,,lgK:2.9(2SF),2,SF,significant figures; not an uncertainty interval,2,MGL,31980,literature_measurement_technique,derived classification from source technique; not proof that the tabulated value was directly measured,not independently remeasured; retain source weight and notes,"[""1"", ""18"", ""0"", ""Inf. Dilution"", ""lgK:2.9(2SF) 2"", ""MGL"", ""31980""]","{""bbox_points"": [60.17753424657534, 563.3399999999999, 551.294794520548, 581.94], ""doi"": ""10.5281/zenodo.7700024"", ""page"": 34, ""source_file"": ""GER.PDF""}","[{""page"": 34, ""text"": ""Note (1): Complex in publication: GeOL2HH-2,with NDP of ligand 1; with NDP 2\nGeOL2H3H-2, simplified here""}]",[]
JESS-8.9:Ge:80923:2,80923,2,18,1,1,numeric_as_tabulated,mol dm-3,Instructions default,NaCl,as_tabulated; consult notes,water unless otherwise specified in source,1 bar / 1 atm unless explicitly specified (source ambiguity retained),lgK,0.68,log10 equilibrium constant (source concentration/activity convention),=,as_tabulated,,lgK:0.68(2SF),2,SF,significant figures; not an uncertainty interval,2,MCN,31980,literature_measurement_technique,derived classification from source technique; not proof that the tabulated value was directly measured,not independently remeasured; retain source weight and notes,"[""2"", ""18"", ""1"", ""NaCl"", ""lgK:0.68(2SF) 2"", ""MCN"", ""31980""]","{""bbox_points"": [60.17753424657534, 611.0400000000001, 551.294794520548, 629.4], ""doi"": ""10.5281/zenodo.7700024"", ""page"": 34, ""source_file"": ""GER.PDF""}","[{""page"": 34, ""text"": ""Note (2): Complex in publication: GeOL2HH-2,with NDP of ligand 1; with NDP 2\nGeOL2H3H-2, simplified here""}]",[]
JESS-8.9:Ge:80924:1,80924,1,18,1,1,numeric_as_tabulated,mol dm-3,Instructions default,NaCl,as_tabulated; consult notes,water unless otherwise specified in source,1 bar / 1 atm unless explicitly specified (source ambiguity retained),lgK,5.1,log10 equilibrium constant (source concentration/activity convention),=,as_tabulated,,lgK:5.1(2SF),2,SF,significant figures; not an uncertainty interval,2,MCN,31980,literature_measurement_technique,derived classification from source technique; not proof that the tabulated value was directly measured,not independently remeasured; retain source weight and notes,"[""1"", ""18"", ""1"", ""NaCl"", ""lgK:5.1(2SF)"", ""2"", ""MCN"", ""31980""]","{""bbox_points"": [60.173164556962014, 71.88, 551.2982278481012, 90.48000000000002], ""doi"": ""10.5281/zenodo.7700024"", ""page"": 35, ""source_file"": ""GER.PDF""}","[{""page"": 35, ""text"": ""Note (1): Complex as GeOLHH-2 in publication""}]",[]
JESS-8.9:Ge:80925:1,80925,1,20,0.1,0.1,numeric_as_tabulated,mol dm-3,Instructions default,KNO3,as_tabulated; consult notes,water unless otherwise specified in source,1 bar / 1 atm unless explicitly specified (source ambiguity retained),lgK,-4.0,log10 equilibrium constant (source concentration/activity convention),=,as_tabulated,,lgK:-4.0(2SF),2,SF,significant figures; not an uncertainty interval,4,MGL,31905,literature_measurement_technique,derived classification from source technique; not proof that the tabulated value was directly measured,not independently remeasured; retain source weight and notes,"[""1"", ""20"", ""0.1"", ""KNO3"", ""lgK:-4.0(2SF)"", ""4"", ""MGL"", ""31905""]","{""bbox_points"": [60.173164556962014, 177.57000000000002, 551.2982278481012, 196.20000000000005], ""doi"": ""10.5281/zenodo.7700024"", ""page"": 35, ""source_file"": ""GER.PDF""}",[],[]
JESS-8.9:Ge:80925:2,80925,2,25,0.1,0.1,numeric_as_tabulated,mol dm-3,Instructions default,KCl,as_tabulated; consult notes,water unless otherwise specified in source,1 bar / 1 atm unless explicitly specified (source ambiguity retained),lgK,-4.05,log10 equilibrium constant (source concentration/activity convention),=,as_tabulated,,lgK:-4.05(3SF),3,SF,significant figures; not an uncertainty interval,4,MGL,31949,literature_measurement_technique,derived classification from source technique; not proof that the tabulated value was directly measured,not independently remeasured; retain source weight and notes,"[""2"", ""25"", ""0.1"", ""KCl"", ""lgK:-4.05(3SF)"", ""4"", ""MGL"", ""31949""]","{""bbox_points"": [60.173164556962014, 196.20000000000005, 551.2982278481012, 214.56000000000006], ""doi"": ""10.5281/zenodo.7700024"", ""page"": 35, ""source_file"": ""GER.PDF""}",[],[]
JESS-8.9:Ge:80926:1,80926,1,20,0.1,0.1,numeric_as_tabulated,mol dm-3,Instructions default,KNO3,as_tabulated; consult notes,water unless otherwise specified in source,1 bar / 1 atm unless explicitly specified (source ambiguity retained),lgK,-3.7,log10 equilibrium constant (source concentration/activity convention),=,as_tabulated,,lgK:-3.7(2SF),2,SF,significant figures; not an uncertainty interval,4,MGL,31905,literature_measurement_technique,derived classification from source technique; not proof that the tabulated value was directly measured,not independently remeasured; retain source weight and notes,"[""1"", ""20"", ""0.1"", ""KNO3"", ""lgK:-3.7(2SF)"", ""4"", ""MGL"", ""31905""]","{""bbox_points"": [60.173164556962014, 283.20000000000005, 551.2982278481012, 301.86], ""doi"": ""10.5281/zenodo.7700024"", ""page"": 35, ""source_file"": ""GER.PDF""}",[],[]
JESS-8.9:Ge:80926:2,80926,2,25,0.1,0.1,numeric_as_tabulated,mol dm-3,Instructions default,KCl,as_tabulated; consult notes,water unless otherwise specified in source,1 bar / 1 atm unless explicitly specified (source ambiguity retained),lgK,-3.49,log10 equilibrium constant (source concentration/activity convention),=,as_tabulated,,lgK:-3.49(3SF),3,SF,significant figures; not an uncertainty interval,4,MGL,31876,literature_measurement_technique,derived classification from source technique; not proof that the tabulated value was directly measured,not independently remeasured; retain source weight and notes,"[""2"", ""25"", ""0.1"", ""KCl"", ""lgK:-3.49(3SF)"", ""4"", ""MGL"", ""31876""]","{""bbox_points"": [60.173164556962014, 301.86, 551.2982278481012, 320.28000000000003], ""doi"": ""10.5281/zenodo.7700024"", ""page"": 35, ""source_file"": ""GER.PDF""}",[],[]
JESS-8.9:Ge:80927:1,80927,1,20,0.1,0.1,numeric_as_tabulated,mol dm-3,Instructions default,KNO3,as_tabulated; consult notes,water unless otherwise specified in source,1 bar / 1 atm unless explicitly specified (source ambiguity retained),lgK,-6.33,log10 equilibrium constant (source concentration/activity convention),=,as_tabulated,,lgK:-6.33(3SF),3,SF,significant figures; not an uncertainty interval,0,MGL,31906,literature_measurement_technique,derived classification from source technique; not proof that the tabulated value was directly measured,not independently remeasured; retain source weight and notes,"[""1"", ""20"", ""0.1"", ""KNO3"", ""lgK:-6.33(3SF)"", ""0"", ""MGL"", ""31906""]","{""bbox_points"": [60.173164556962014, 388.92, 551.2982278481012, 407.52], ""doi"": ""10.5281/zenodo.7700024"", ""page"": 35, ""source_file"": ""GER.PDF""}",[],[]
JESS-8.9:Ge:80927:2,80927,2,25,0.1,0.1,numeric_as_tabulated,mol dm-3,Instructions default,KCl,as_tabulated; consult notes,water unless otherwise specified in source,1 bar / 1 atm unless explicitly specified (source ambiguity retained),lgK,-5.120,log10 equilibrium constant (source concentration/activity convention),=,as_tabulated,,lgK:-5.120(4SF),4,SF,significant figures; not an uncertainty interval,2,MGL,31873,literature_measurement_technique,derived classification from source technique; not proof that the tabulated value was directly measured,not independently remeasured; retain source weight and notes,"[""2"", ""25"", ""0.1"", ""KCl"", ""lgK:-5.120(4SF)"", ""2"", ""MGL"", ""31873""]","{""bbox_points"": [60.173164556962014, 407.52, 551.2982278481012, 425.94], ""doi"": ""10.5281/zenodo.7700024"", ""page"": 35, ""source_file"": ""GER.PDF""}",[],[]
JESS-8.9:Ge:80928:1,80928,1,25,0,0,numeric_as_tabulated,mol dm-3,Instructions default,Inf. Dilution,as_tabulated; consult notes,water unless otherwise specified in source,1 bar / 1 atm unless explicitly specified (source ambiguity retained),lgK,-2.307,log10 equilibrium constant (source concentration/activity convention),=,as_tabulated,,lgK:-2.307(4SF),4,SF,significant figures; not an uncertainty interval,0,MGL,31891,literature_measurement_technique,derived classification from source technique; not proof that the tabulated value was directly measured,not independently remeasured; retain source weight and notes,"[""1"", ""25"", ""0"", ""Inf. Dilution"", ""lgK:-2.307(4SF)"", ""0"", ""MGL"", ""31891""]","{""bbox_points"": [60.173164556962014, 494.64000000000004, 551.2982278481012, 513.24], ""doi"": ""10.5281/zenodo.7700024"", ""page"": 35, ""source_file"": ""GER.PDF""}",[],[]
JESS-8.9:Ge:80928:2,80928,2,25,0.294,0.294,numeric_as_tabulated,mol dm-3,Instructions default,KCl,as_tabulated; consult notes,water unless otherwise specified in source,1 bar / 1 atm unless explicitly specified (source ambiguity retained),lgK,1.829,log10 equilibrium constant (source concentration/activity convention),=,as_tabulated,,lgK:1.829(4SF),4,SF,significant figures; not an uncertainty interval,0,MGL,31891,literature_measurement_technique,derived classification from source technique; not proof that the tabulated value was directly measured,not independently remeasured; retain source weight and notes,"[""2"", ""25"", ""0.294"", ""KCl"", ""lgK:1.829(4SF)"", ""0"", ""MGL"", ""31891""]","{""bbox_points"": [60.173164556962014, 513.24, 551.2982278481012, 531.6], ""doi"": ""10.5281/zenodo.7700024"", ""page"": 35, ""source_file"": ""GER.PDF""}",[],[]
JESS-8.9:Ge:80928:3,80928,3,25,0.368,0.368,numeric_as_tabulated,mol dm-3,Instructions default,KCl,as_tabulated; consult notes,water unless otherwise specified in source,1 bar / 1 atm unless explicitly specified (source ambiguity retained),lgK,2.521,log10 equilibrium constant (source concentration/activity convention),=,as_tabulated,,lgK:2.521(2SF),2,SF,significant figures; not an uncertainty interval,3,MGL,31891,literature_measurement_technique,derived classification from source technique; not proof that the tabulated value was directly measured,not independently remeasured; retain source weight and notes,"[""3"", ""25"", ""0.368"", ""KCl"", ""lgK:2.521(2SF)"", ""3"", ""MGL"", ""31891""]","{""bbox_points"": [60.173164556962014, 531.6, 551.2982278481012, 550.02], ""doi"": ""10.5281/zenodo.7700024"", ""page"": 35, ""source_file"": ""GER.PDF""}",[],[]
JESS-8.9:Ge:80928:4,80928,4,25,0.483,0.483,numeric_as_tabulated,mol dm-3,Instructions default,KCl,as_tabulated; consult notes,water unless otherwise specified in source,1 bar / 1 atm unless explicitly specified (source ambiguity retained),lgK,3.244,log10 equilibrium constant (source concentration/activity convention),=,as_tabulated,,lgK:3.244(2SF),2,SF,significant figures; not an uncertainty interval,3,MGL,31891,literature_measurement_technique,derived classification from source technique; not proof that the tabulated value was directly measured,not independently remeasured; retain source weight and notes,"[""4"", ""25"", ""0.483"", ""KCl"", ""lgK:3.244(2SF)"", ""3"", ""MGL"", ""31891""]","{""bbox_points"": [60.173164556962014, 550.02, 551.2982278481012, 568.44], ""doi"": ""10.5281/zenodo.7700024"", ""page"": 35, ""source_file"": ""GER.PDF""}",[],[]
JESS-8.9:Ge:80928:5,80928,5,25,0.617,0.617,numeric_as_tabulated,mol dm-3,Instructions default,KCl,as_tabulated; consult notes,water unless otherwise specified in source,1 bar / 1 atm unless explicitly specified (source ambiguity retained),lgK,3.753,log10 equilibrium constant (source concentration/activity convention),=,as_tabulated,,lgK:3.753(2SF),2,SF,significant figures; not an uncertainty interval,3,MGL,31891,literature_measurement_technique,derived classification from source technique; not proof that the tabulated value was directly measured,not independently remeasured; retain source weight and notes,"[""5"", ""25"", ""0.617"", ""KCl"", ""lgK:3.753(2SF)"", ""3"", ""MGL"", ""31891""]","{""bbox_points"": [60.173164556962014, 568.44, 551.2982278481012, 586.8000000000001], ""doi"": ""10.5281/zenodo.7700024"", ""page"": 35, ""source_file"": ""GER.PDF""}",[],[]
JESS-8.9:Ge:80928:6,80928,6,25,0.726,0.726,numeric_as_tabulated,mol dm-3,Instructions default,KCl,as_tabulated; consult notes,water unless otherwise specified in source,1 bar / 1 atm unless explicitly specified (source ambiguity retained),lgK,4.037,log10 equilibrium constant (source concentration/activity convention),=,as_tabulated,,lgK:4.037(2SF),2,SF,significant figures; not an uncertainty interval,3,MGL,31891,literature_measurement_technique,derived classification from source technique; not proof that the tabulated value was directly measured,not independently remeasured; retain source weight and notes,"[""6"", ""25"", ""0.726"", ""KCl"", ""lgK:4.037(2SF)"", ""3"", ""MGL"", ""31891""]","{""bbox_points"": [60.173164556962014, 586.8000000000001, 551.2982278481012, 605.2800000000001], ""doi"": ""10.5281/zenodo.7700024"", ""page"": 35, ""source_file"": ""GER.PDF""}",[],[]
JESS-8.9:Ge:80928:7,80928,7,25,0.791,0.791,numeric_as_tabulated,mol dm-3,Instructions default,KCl,as_tabulated; consult notes,water unless otherwise specified in source,1 bar / 1 atm unless explicitly specified (source ambiguity retained),lgK,4.192,log10 equilibrium constant (source concentration/activity convention),=,as_tabulated,,lgK:4.192(4SF),4,SF,significant figures; not an uncertainty interval,3,MGL,31891,literature_measurement_technique,derived classification from source technique; not proof that the tabulated value was directly measured,not independently remeasured; retain source weight and notes,"[""7"", ""25"", ""0.791"", ""KCl"", ""lgK:4.192(4SF)"", ""3"", ""MGL"", ""31891""]","{""bbox_points"": [60.173164556962014, 605.2800000000001, 551.2982278481012, 623.64], ""doi"": ""10.5281/zenodo.7700024"", ""page"": 35, ""source_file"": ""GER.PDF""}",[],[]
JESS-8.9:Ge:80928:8,80928,8,25,1.009,1.009,numeric_as_tabulated,mol dm-3,Instructions default,KCl,as_tabulated; consult notes,water unless otherwise specified in source,1 bar / 1 atm unless explicitly specified (source ambiguity retained),lgK,4.504,log10 equilibrium constant (source concentration/activity convention),=,as_tabulated,,lgK:4.504(2SF),2,SF,significant figures; not an uncertainty interval,3,MGL,31891,literature_measurement_technique,derived classification from source technique; not proof that the tabulated value was directly measured,not independently remeasured; retain source weight and notes,"[""8"", ""25"", ""1.009"", ""KCl"", ""lgK:4.504(2SF)"", ""3"", ""MGL"", ""31891""]","{""bbox_points"": [60.173164556962014, 623.64, 551.2982278481012, 642.06], ""doi"": ""10.5281/zenodo.7700024"", ""page"": 35, ""source_file"": ""GER.PDF""}",[],[]
JESS-8.9:Ge:80928:9,80928,9,25,1.572,1.572,numeric_as_tabulated,mol dm-3,Instructions default,KCl,as_tabulated; consult notes,water unless otherwise specified in source,1 bar / 1 atm unless explicitly specified (source ambiguity retained),lgK,4.711,log10 equilibrium constant (source concentration/activity convention),=,as_tabulated,,lgK:4.711(2SF),2,SF,significant figures; not an uncertainty interval,3,MGL,31891,literature_measurement_technique,derived classification from source technique; not proof that the tabulated value was directly measured,not independently remeasured; retain source weight and notes,"[""9"", ""25"", ""1.572"", ""KCl"", ""lgK:4.711(2SF)"", ""3"", ""MGL"", ""31891""]","{""bbox_points"": [60.173164556962014, 642.06, 551.2982278481012, 660.48], ""doi"": ""10.5281/zenodo.7700024"", ""page"": 35, ""source_file"": ""GER.PDF""}",[],[]
JESS-8.9:Ge:80929:1,80929,1,25,0.1,0.1,numeric_as_tabulated,mol dm-3,Instructions default,KCl,as_tabulated; consult notes,water unless otherwise specified in source,1 bar / 1 atm unless explicitly specified (source ambiguity retained),lgK,-5.340,log10 equilibrium constant (source concentration/activity convention),=,as_tabulated,,lgK:-5.340(2SF),2,SF,significant figures; not an uncertainty interval,4,MGL,31981,literature_measurement_technique,derived classification from source technique; not proof that the tabulated value was directly measured,not independently remeasured; retain source weight and notes,"[""1"", ""25"", ""0.1"", ""KCl"", ""lgK:-5.340(2SF)"", ""4"", ""MGL"", ""31981""]","{""bbox_points"": [60.196363636363635, 71.88, 551.28, 90.48000000000002], ""doi"": ""10.5281/zenodo.7700024"", ""page"": 36, ""source_file"": ""GER.PDF""}",[],[]
JESS-8.9:Ge:80930:1,80930,1,20,0.1,0.1,numeric_as_tabulated,mol dm-3,Instructions default,KNO3,as_tabulated; consult notes,water unless otherwise specified in source,1 bar / 1 atm unless explicitly specified (source ambiguity retained),lgK,-12.3,log10 equilibrium constant (source concentration/activity convention),=,as_tabulated,,lgK:-12.3(3SF),3,SF,significant figures; not an uncertainty interval,4,MGL,31905,literature_measurement_technique,derived classification from source technique; not proof that the tabulated value was directly measured,not independently remeasured; retain source weight and notes,"[""1"", ""20"", ""0.1"", ""KNO3"", ""lgK:-12.3(3SF)"", ""4"", ""MGL"", ""31905""]","{""bbox_points"": [60.196363636363635, 159.06, 551.28, 177.78000000000003], ""doi"": ""10.5281/zenodo.7700024"", ""page"": 36, ""source_file"": ""GER.PDF""}",[],[]
JESS-8.9:Ge:80931:1,80931,1,20,0.1,0.1,numeric_as_tabulated,mol dm-3,Instructions default,KNO3,as_tabulated; consult notes,water unless otherwise specified in source,1 bar / 1 atm unless explicitly specified (source ambiguity retained),lgK,-8.6,log10 equilibrium constant (source concentration/activity convention),=,as_tabulated,,lgK:-8.6(2SF),2,SF,significant figures; not an uncertainty interval,4,MGL,31905,literature_measurement_technique,derived classification from source technique; not proof that the tabulated value was directly measured,not independently remeasured; retain source weight and notes,"[""1"", ""20"", ""0.1"", ""KNO3"", ""lgK:-8.6(2SF)"", ""4"", ""MGL"", ""31905""]","{""bbox_points"": [60.196363636363635, 246.39000000000001, 551.28, 265.08000000000004], ""doi"": ""10.5281/zenodo.7700024"", ""page"": 36, ""source_file"": ""GER.PDF""}",[],[]
JESS-8.9:Ge:80932:1,80932,1,20,0.1,0.1,numeric_as_tabulated,mol dm-3,Instructions default,KNO3,as_tabulated; consult notes,water unless otherwise specified in source,1 bar / 1 atm unless explicitly specified (source ambiguity retained),lgK,-9.7,log10 equilibrium constant (source concentration/activity convention),=,as_tabulated,,lgK:-9.7(2SF),2,SF,significant figures; not an uncertainty interval,4,MGL,31905,literature_measurement_technique,derived classification from source technique; not proof that the tabulated value was directly measured,not independently remeasured; retain source weight and notes,"[""1"", ""20"", ""0.1"", ""KNO3"", ""lgK:-9.7(2SF)"", ""4"", ""MGL"", ""31905""]","{""bbox_points"": [60.196363636363635, 333.72, 551.28, 352.38], ""doi"": ""10.5281/zenodo.7700024"", ""page"": 36, ""source_file"": ""GER.PDF""}",[],[]
JESS-8.9:Ge:80933:1,80933,1,20,0.1,0.1,numeric_as_tabulated,mol dm-3,Instructions default,KNO3,as_tabulated; consult notes,water unless otherwise specified in source,1 bar / 1 atm unless explicitly specified (source ambiguity retained),lgK,-13.7,log10 equilibrium constant (source concentration/activity convention),=,as_tabulated,,lgK:-13.7(3SF),3,SF,significant figures; not an uncertainty interval,4,MGL,31905,literature_measurement_technique,derived classification from source technique; not proof that the tabulated value was directly measured,not independently remeasured; retain source weight and notes,"[""1"", ""20"", ""0.1"", ""KNO3"", ""lgK:-13.7(3SF)"", ""4"", ""MGL"", ""31905""]","{""bbox_points"": [60.196363636363635, 420.99, 551.28, 439.56], ""doi"": ""10.5281/zenodo.7700024"", ""page"": 36, ""source_file"": ""GER.PDF""}",[],[]
JESS-8.9:Ge:80934:1,80934,1,20,0.1,0.1,numeric_as_tabulated,mol dm-3,Instructions default,KNO3,as_tabulated; consult notes,water unless otherwise specified in source,1 bar / 1 atm unless explicitly specified (source ambiguity retained),lgK,-10.6,log10 equilibrium constant (source concentration/activity convention),=,as_tabulated,,lgK:-10.6(3SF),3,SF,significant figures; not an uncertainty interval,4,MGL,31906,literature_measurement_technique,derived classification from source technique; not proof that the tabulated value was directly measured,not independently remeasured; retain source weight and notes,"[""1"", ""20"", ""0.1"", ""KNO3"", ""lgK:-10.6(3SF)"", ""4"", ""MGL"", ""31906""]","{""bbox_points"": [60.196363636363635, 508.32, 551.28, 526.92], ""doi"": ""10.5281/zenodo.7700024"", ""page"": 36, ""source_file"": ""GER.PDF""}",[],[]
JESS-8.9:Ge:80935:1,80935,1,20,0.1,0.1,numeric_as_tabulated,mol dm-3,Instructions default,KNO3,as_tabulated; consult notes,water unless otherwise specified in source,1 bar / 1 atm unless explicitly specified (source ambiguity retained),lgK,-10.0,log10 equilibrium constant (source concentration/activity convention),=,as_tabulated,,lgK:-10.0(3SF),3,SF,significant figures; not an uncertainty interval,4,MGL,31906,literature_measurement_technique,derived classification from source technique; not proof that the tabulated value was directly measured,not independently remeasured; retain source weight and notes,"[""1"", ""20"", ""0.1"", ""KNO3"", ""lgK:-10.0(3SF)"", ""4"", ""MGL"", ""31906""]","{""bbox_points"": [60.196363636363635, 595.5600000000001, 551.28, 614.22], ""doi"": ""10.5281/zenodo.7700024"", ""page"": 36, ""source_file"": ""GER.PDF""}",[],[]
JESS-8.9:Ge:80936:1,80936,1,20,0.1,0.1,numeric_as_tabulated,mol dm-3,Instructions default,KNO3,as_tabulated; consult notes,water unless otherwise specified in source,1 bar / 1 atm unless explicitly specified (source ambiguity retained),lgK,-10.6,log10 equilibrium constant (source concentration/activity convention),=,as_tabulated,,lgK:-10.6(3SF),3,SF,significant figures; not an uncertainty interval,4,MGL,31906,literature_measurement_technique,derived classification from source technique; not proof that the tabulated value was directly measured,not independently remeasured; retain source weight and notes,"[""1"", ""20"", ""0.1"", ""KNO3"", ""lgK:-10.6(3SF)"", ""4"", ""MGL"", ""31906""]","{""bbox_points"": [60.196363636363635, 682.89, 551.28, 701.52], ""doi"": ""10.5281/zenodo.7700024"", ""page"": 36, ""source_file"": ""GER.PDF""}",[],[]
JESS-8.9:Ge:80937:1,80937,1,20,0.1,0.1,numeric_as_tabulated,mol dm-3,Instructions default,KNO3,as_tabulated; consult notes,water unless otherwise specified in source,1 bar / 1 atm unless explicitly specified (source ambiguity retained),lgK,-5.41,log10 equilibrium constant (source concentration/activity convention),=,as_tabulated,,lgK:-5.41(3SF),3,SF,significant figures; not an uncertainty interval,4,MGL,31906,literature_measurement_technique,derived classification from source technique; not proof that the tabulated value was directly measured,not independently remeasured; retain source weight and notes,"[""1"", ""20"", ""0.1"", ""KNO3"", ""lgK:-5.41(3SF)"", ""4"", ""MGL"", ""31906""]","{""bbox_points"": [60.13741935483871, 108.63000000000002, 551.3353846153846, 127.26000000000005], ""doi"": ""10.5281/zenodo.7700024"", ""page"": 37, ""source_file"": ""GER.PDF""}",[],[]
