id,equation_raw,notes,provenance,equation_normalized,status,balance
4779,Ge+4 + 2<e-1> = Ge+2,"[{""page"": 1, ""text"": ""Note: Ge+4 is deprecated because does not exist in aqueous solution""}]","{""bbox_points"": [60.170909090909085, 143.39999999999998, 551.3, 153.90000000000003], ""doi"": ""10.5281/zenodo.7700024"", ""page"": 1, ""source_file"": ""GER.PDF""}",Ge+4 + 2<e-1> = Ge+2,transcribed_existing_published_record,"{""atom_residual_products_minus_reactants"": {}, ""charge_residual"": ""0"", ""status"": ""balanced"", ""terms"": {""Ge+2"": ""1"", ""Ge+4"": ""-1"", ""e-1"": ""-2""}}"
4786,Ge+2 + 2<e-1> = Ge(s),"[{""page"": 1, ""text"": ""Note: All secondary references based on unknown source""}]","{""bbox_points"": [60.170909090909085, 307.20000000000005, 551.3, 317.70000000000005], ""doi"": ""10.5281/zenodo.7700024"", ""page"": 1, ""source_file"": ""GER.PDF""}",Ge+2 + 2<e-1> = Ge(s),transcribed_existing_published_record,"{""atom_residual_products_minus_reactants"": {}, ""charge_residual"": ""0"", ""status"": ""balanced"", ""terms"": {""Ge(s)"": ""1"", ""Ge+2"": ""-1"", ""e-1"": ""-2""}}"
11875,Ge+4_OH-1(4) + 2<H+1_Maltol-1> = Ge+4_Maltol-1(2)_OH-1(2) + 2<H2O>,[],"{""bbox_points"": [60.170909090909085, 489.36, 551.3, 499.92], ""doi"": ""10.5281/zenodo.7700024"", ""page"": 1, ""source_file"": ""GER.PDF""}",Ge+4_OH-1(4) + 2<H+1_Maltol-1> = Ge+4_Maltol-1(2)_OH-1(2) + 2<H2O>,transcribed_existing_published_record,"{""atom_residual_products_minus_reactants"": {}, ""charge_residual"": ""0"", ""status"": ""balanced"", ""terms"": {""Ge+4_Maltol-1(2)_OH-1(2)"": ""1"", ""Ge+4_OH-1(4)"": ""-1"", ""H+1_Maltol-1"": ""-2"", ""H2O"": ""2""}}"
11876,Ge+4_OH-1(4) + 3<H+1_Maltol-1> + H+1 = Ge+4_Maltol-1(3) + 4<H2O>,[],"{""bbox_points"": [60.170909090909085, 613.5, 551.3, 624.0600000000001], ""doi"": ""10.5281/zenodo.7700024"", ""page"": 1, ""source_file"": ""GER.PDF""}",Ge+4_OH-1(4) + 3<H+1_Maltol-1> + H+1 = Ge+4_Maltol-1(3) + 4<H2O>,transcribed_existing_published_record,"{""atom_residual_products_minus_reactants"": {}, ""charge_residual"": ""0"", ""status"": ""balanced"", ""terms"": {""Ge+4_Maltol-1(3)"": ""1"", ""Ge+4_OH-1(4)"": ""-1"", ""H+1"": ""-1"", ""H+1_Maltol-1"": ""-3"", ""H2O"": ""4""}}"
11918,Ge+4_OH-1(4) + 2<H+1_Kojic-1> = Ge+4_Kojic-1(2)_OH-1(2) + 2<H2O>,[],"{""bbox_points"": [60.18299999999999, 70.56000000000006, 551.2905, 81.12], ""doi"": ""10.5281/zenodo.7700024"", ""page"": 2, ""source_file"": ""GER.PDF""}",Ge+4_OH-1(4) + 2<H+1_Kojic-1> = Ge+4_Kojic-1(2)_OH-1(2) + 2<H2O>,transcribed_existing_published_record,"{""atom_residual_products_minus_reactants"": {}, ""charge_residual"": ""0"", ""status"": ""balanced"", ""terms"": {""Ge+4_Kojic-1(2)_OH-1(2)"": ""1"", ""Ge+4_OH-1(4)"": ""-1"", ""H+1_Kojic-1"": ""-2"", ""H2O"": ""2""}}"
12981,Ge+4_OH-1(4) + 2<H+1_Tropolone-1> = Ge+4_OH-1(2)_Tropolone-1(2) + 2<H2O >,[],"{""bbox_points"": [60.18299999999999, 194.64, 551.2905, 205.26000000000005], ""doi"": ""10.5281/zenodo.7700024"", ""page"": 2, ""source_file"": ""GER.PDF""}",Ge+4_OH-1(4) + 2<H+1_Tropolone-1> = Ge+4_OH-1(2)_Tropolone-1(2) + 2<H2O>,transcribed_existing_published_record,"{""atom_residual_products_minus_reactants"": {}, ""charge_residual"": ""0"", ""status"": ""balanced"", ""terms"": {""Ge+4_OH-1(2)_Tropolone-1(2)"": ""1"", ""Ge+4_OH-1(4)"": ""-1"", ""H+1_Tropolone-1"": ""-2"", ""H2O"": ""2""}}"
12982,Ge+4_OH-1(4) + 3<H+1_Tropolone-1> + H+1 = Ge+4_Tropolone-1(3) + 4<H2O>,[],"{""bbox_points"": [60.18299999999999, 300.3, 551.2905, 310.98], ""doi"": ""10.5281/zenodo.7700024"", ""page"": 2, ""source_file"": ""GER.PDF""}",Ge+4_OH-1(4) + 3<H+1_Tropolone-1> + H+1 = Ge+4_Tropolone-1(3) + 4<H2O>,transcribed_existing_published_record,"{""atom_residual_products_minus_reactants"": {}, ""charge_residual"": ""0"", ""status"": ""balanced"", ""terms"": {""Ge+4_OH-1(4)"": ""-1"", ""Ge+4_Tropolone-1(3)"": ""1"", ""H+1"": ""-1"", ""H+1_Tropolone-1"": ""-3"", ""H2O"": ""4""}}"
13532,Ge+4_Mandelic-1(3) + H+1 = Ge+4_H+1_Mandelic-1(3),[],"{""bbox_points"": [60.18299999999999, 406.02000000000004, 551.2905, 416.58000000000004], ""doi"": ""10.5281/zenodo.7700024"", ""page"": 2, ""source_file"": ""GER.PDF""}",Ge+4_Mandelic-1(3) + H+1 = Ge+4_H+1_Mandelic-1(3),transcribed_existing_published_record,"{""atom_residual_products_minus_reactants"": {}, ""charge_residual"": ""0"", ""status"": ""balanced"", ""terms"": {""Ge+4_H+1_Mandelic-1(3)"": ""1"", ""Ge+4_Mandelic-1(3)"": ""-1"", ""H+1"": ""-1""}}"
13533,Ge+4_H+1_Mandelic-1(3) + H+1 = Ge+4_H+1(2)_Mandelic-1(3),[],"{""bbox_points"": [60.18299999999999, 511.74, 551.2905, 522.3], ""doi"": ""10.5281/zenodo.7700024"", ""page"": 2, ""source_file"": ""GER.PDF""}",Ge+4_H+1_Mandelic-1(3) + H+1 = Ge+4_H+1(2)_Mandelic-1(3),transcribed_existing_published_record,"{""atom_residual_products_minus_reactants"": {}, ""charge_residual"": ""0"", ""status"": ""balanced"", ""terms"": {""Ge+4_H+1(2)_Mandelic-1(3)"": ""1"", ""Ge+4_H+1_Mandelic-1(3)"": ""-1"", ""H+1"": ""-1""}}"
13726,Ge+4_OH-1(4) + 2<H+1_Oxine-1> = Ge+4_OH-1(2)_Oxine-1(2) + 2<H2O>,[],"{""bbox_points"": [60.18299999999999, 617.46, 551.2905, 628.02], ""doi"": ""10.5281/zenodo.7700024"", ""page"": 2, ""source_file"": ""GER.PDF""}",Ge+4_OH-1(4) + 2<H+1_Oxine-1> = Ge+4_OH-1(2)_Oxine-1(2) + 2<H2O>,transcribed_existing_published_record,"{""atom_residual_products_minus_reactants"": {}, ""charge_residual"": ""0"", ""status"": ""balanced"", ""terms"": {""Ge+4_OH-1(2)_Oxine-1(2)"": ""1"", ""Ge+4_OH-1(4)"": ""-1"", ""H+1_Oxine-1"": ""-2"", ""H2O"": ""2""}}"
13776,Ge+4_OH-1(4) + 2<H+1_Sulfox-2> = Ge+4_OH-1(2)_Sulfox-2(2) + 2<H2O>,[],"{""bbox_points"": [60.17885350318471, 57.48000000000002, 551.2937579617834, 68.16000000000008], ""doi"": ""10.5281/zenodo.7700024"", ""page"": 3, ""source_file"": ""GER.PDF""}",Ge+4_OH-1(4) + 2<H+1_Sulfox-2> = Ge+4_OH-1(2)_Sulfox-2(2) + 2<H2O>,transcribed_existing_published_record,"{""atom_residual_products_minus_reactants"": {}, ""charge_residual"": ""0"", ""status"": ""balanced"", ""terms"": {""Ge+4_OH-1(2)_Sulfox-2(2)"": ""1"", ""Ge+4_OH-1(4)"": ""-1"", ""H+1_Sulfox-2"": ""-2"", ""H2O"": ""2""}}"
13837,Ge+4_OH-1(4) + 2<H+1_Ferron-2> = Ge+4_OH-1(2)_Ferron-2(2) + 2<H2O>,[],"{""bbox_points"": [60.17885350318471, 163.20000000000005, 551.2937579617834, 173.88], ""doi"": ""10.5281/zenodo.7700024"", ""page"": 3, ""source_file"": ""GER.PDF""}",Ge+4_OH-1(4) + 2<H+1_Ferron-2> = Ge+4_OH-1(2)_Ferron-2(2) + 2<H2O>,transcribed_existing_published_record,"{""atom_residual_products_minus_reactants"": {}, ""charge_residual"": ""0"", ""status"": ""balanced"", ""terms"": {""Ge+4_OH-1(2)_Ferron-2(2)"": ""1"", ""Ge+4_OH-1(4)"": ""-1"", ""H+1_Ferron-2"": ""-2"", ""H2O"": ""2""}}"
14005,Ge+4_OH-1(4) + H+1(3)_EDTA-4 = Ge+4_OH-1_EDTA-4 + 3<H2O>,"[{""page"": 3, ""text"": ""Note: Complex initially Ge(OH)2HL, later Ge(OH)L; this form adopted in JESS""}, {""page"": 3, ""text"": ""Note (2): From 67Kon [31894]; thus complex written as Ge(OH)2HL""}, {""page"": 3, ""text"": ""Note (3): Complex written as Ge(OH)2HL in paper; modified later by authors""}]","{""bbox_points"": [60.17885350318471, 268.9200000000001, 551.2937579617834, 279.48], ""doi"": ""10.5281/zenodo.7700024"", ""page"": 3, ""source_file"": ""GER.PDF""}",Ge+4_OH-1(4) + H+1(3)_EDTA-4 = Ge+4_OH-1_EDTA-4 + 3<H2O>,transcribed_existing_published_record,"{""atom_residual_products_minus_reactants"": {}, ""charge_residual"": ""0"", ""status"": ""balanced"", ""terms"": {""Ge+4_OH-1(4)"": ""-1"", ""Ge+4_OH-1_EDTA-4"": ""1"", ""H+1(3)_EDTA-4"": ""-1"", ""H2O"": ""3""}}"
14006,Glucosaminic-1 + Ge+4_OH-1(4) = GeO+2_H+1(-1)_Glucosaminic-1_OH-1 + 2<H2O>,[],"{""bbox_points"": [60.17885350318471, 487.92, 551.2937579617834, 498.54], ""doi"": ""10.5281/zenodo.7700024"", ""page"": 3, ""source_file"": ""GER.PDF""}",Glucosaminic-1 + Ge+4_OH-1(4) = GeO+2_H+1(-1)_Glucosaminic-1_OH-1 + 2<H2O>,transcribed_existing_published_record,"{""atom_residual_products_minus_reactants"": {}, ""charge_residual"": ""0"", ""status"": ""balanced"", ""terms"": {""Ge+4_OH-1(4)"": ""-1"", ""GeO+2_H+1(-1)_Glucosaminic-1_OH-1"": ""1"", ""Glucosaminic-1"": ""-1"", ""H2O"": ""2""}}"
14127,Ge+4_OH-1(4) + H+1(3)_HOEDTA-3 = Ge+4_H+1(-1)_HOEDTA-3 + 4<H2O>,[],"{""bbox_points"": [60.17885350318471, 575.22, 551.2937579617834, 585.78], ""doi"": ""10.5281/zenodo.7700024"", ""page"": 3, ""source_file"": ""GER.PDF""}",Ge+4_OH-1(4) + H+1(3)_HOEDTA-3 = Ge+4_H+1(-1)_HOEDTA-3 + 4<H2O>,transcribed_existing_published_record,"{""atom_residual_products_minus_reactants"": {}, ""charge_residual"": ""0"", ""status"": ""balanced"", ""terms"": {""Ge+4_H+1(-1)_HOEDTA-3"": ""1"", ""Ge+4_OH-1(4)"": ""-1"", ""H+1(3)_HOEDTA-3"": ""-1"", ""H2O"": ""4""}}"
14389,Ge+4_OH-1(4) + H+1(3)_MeEDTA-4 = Ge+4_OH-1_MeEDTA-4 + 3<H2O>,[],"{""bbox_points"": [60.17885350318471, 680.94, 551.2937579617834, 691.5], ""doi"": ""10.5281/zenodo.7700024"", ""page"": 3, ""source_file"": ""GER.PDF""}",Ge+4_OH-1(4) + H+1(3)_MeEDTA-4 = Ge+4_OH-1_MeEDTA-4 + 3<H2O>,transcribed_existing_published_record,"{""atom_residual_products_minus_reactants"": {}, ""charge_residual"": ""0"", ""status"": ""balanced"", ""terms"": {""Ge+4_OH-1(4)"": ""-1"", ""Ge+4_OH-1_MeEDTA-4"": ""1"", ""H+1(3)_MeEDTA-4"": ""-1"", ""H2O"": ""3""}}"
19788,2<Glucosaminic-1> + Ge+4_OH-1(4) = Ge+4_H+1(-2)_Glucosaminic-1(2)_OH-1(2) + 2<H2O >,[],"{""bbox_points"": [60.18699386503067, 108.12, 551.2873619631902, 118.62000000000006], ""doi"": ""10.5281/zenodo.7700024"", ""page"": 4, ""source_file"": ""GER.PDF""}",2<Glucosaminic-1> + Ge+4_OH-1(4) = Ge+4_H+1(-2)_Glucosaminic-1(2)_OH-1(2) + 2<H2O>,transcribed_existing_published_record,"{""atom_residual_products_minus_reactants"": {}, ""charge_residual"": ""0"", ""status"": ""balanced"", ""terms"": {""Ge+4_H+1(-2)_Glucosaminic-1(2)_OH-1(2)"": ""1"", ""Ge+4_OH-1(4)"": ""-1"", ""Glucosaminic-1"": ""-2"", ""H2O"": ""2""}}"
21476,Ge+4_OH-1(4) + 2<DMannitol> = GeO+2_DMannitol(2)_OH-1(3) + H+1,[],"{""bbox_points"": [60.18699386503067, 195.3, 551.2873619631902, 205.92000000000007], ""doi"": ""10.5281/zenodo.7700024"", ""page"": 4, ""source_file"": ""GER.PDF""}",Ge+4_OH-1(4) + 2<DMannitol> = GeO+2_DMannitol(2)_OH-1(3) + H+1,transcribed_existing_published_record,"{""atom_residual_products_minus_reactants"": {}, ""charge_residual"": ""0"", ""status"": ""balanced"", ""terms"": {""DMannitol"": ""-2"", ""Ge+4_OH-1(4)"": ""-1"", ""GeO+2_DMannitol(2)_OH-1(3)"": ""1"", ""H+1"": ""1""}}"
28563,Ge+4_OH-1(4) + 2<Galactitol> = Ge+4_H+1(-4)_Galactitol(2)_OH-1 + H+1 + 3<H2O >,[],"{""bbox_points"": [60.18699386503067, 301.02000000000004, 551.2873619631902, 311.58000000000004], ""doi"": ""10.5281/zenodo.7700024"", ""page"": 4, ""source_file"": ""GER.PDF""}",Ge+4_OH-1(4) + 2<Galactitol> = Ge+4_H+1(-4)_Galactitol(2)_OH-1 + H+1 + 3<H2O>,transcribed_existing_published_record,"{""atom_residual_products_minus_reactants"": {}, ""charge_residual"": ""0"", ""status"": ""balanced"", ""terms"": {""Galactitol"": ""-2"", ""Ge+4_H+1(-4)_Galactitol(2)_OH-1"": ""1"", ""Ge+4_OH-1(4)"": ""-1"", ""H+1"": ""1"", ""H2O"": ""3""}}"
28569,Ge+4_OH-1(4) + 2<DRibose> = Ge+4_H+1(-4)_DRibose(2)_OH-1 + H+1 + 3<H2O>,[],"{""bbox_points"": [60.18699386503067, 443.52000000000004, 551.2873619631902, 454.08000000000004], ""doi"": ""10.5281/zenodo.7700024"", ""page"": 4, ""source_file"": ""GER.PDF""}",Ge+4_OH-1(4) + 2<DRibose> = Ge+4_H+1(-4)_DRibose(2)_OH-1 + H+1 + 3<H2O>,transcribed_existing_published_record,"{""atom_residual_products_minus_reactants"": {}, ""charge_residual"": ""0"", ""status"": ""balanced"", ""terms"": {""DRibose"": ""-2"", ""Ge+4_H+1(-4)_DRibose(2)_OH-1"": ""1"", ""Ge+4_OH-1(4)"": ""-1"", ""H+1"": ""1"", ""H2O"": ""3""}}"
28572,Ge+4_OH-1(4) + 2<DLyxose> = Ge+4_H+1(-4)_DLyxose(2)_OH-1 + H+1 + 3<H2O>,[],"{""bbox_points"": [60.18699386503067, 530.8799999999999, 551.2873619631902, 541.3800000000001], ""doi"": ""10.5281/zenodo.7700024"", ""page"": 4, ""source_file"": ""GER.PDF""}",Ge+4_OH-1(4) + 2<DLyxose> = Ge+4_H+1(-4)_DLyxose(2)_OH-1 + H+1 + 3<H2O>,transcribed_existing_published_record,"{""atom_residual_products_minus_reactants"": {}, ""charge_residual"": ""0"", ""status"": ""balanced"", ""terms"": {""DLyxose"": ""-2"", ""Ge+4_H+1(-4)_DLyxose(2)_OH-1"": ""1"", ""Ge+4_OH-1(4)"": ""-1"", ""H+1"": ""1"", ""H2O"": ""3""}}"
28576,Ge+4_OH-1(4) + 2<DXylose> = Ge+4_H+1(-4)_DXylose(2)_OH-1 + H+1 + 3<H2O>,[],"{""bbox_points"": [60.18699386503067, 618.06, 551.2873619631902, 628.74], ""doi"": ""10.5281/zenodo.7700024"", ""page"": 4, ""source_file"": ""GER.PDF""}",Ge+4_OH-1(4) + 2<DXylose> = Ge+4_H+1(-4)_DXylose(2)_OH-1 + H+1 + 3<H2O>,transcribed_existing_published_record,"{""atom_residual_products_minus_reactants"": {}, ""charge_residual"": ""0"", ""status"": ""balanced"", ""terms"": {""DXylose"": ""-2"", ""Ge+4_H+1(-4)_DXylose(2)_OH-1"": ""1"", ""Ge+4_OH-1(4)"": ""-1"", ""H+1"": ""1"", ""H2O"": ""3""}}"
28580,Ge+4_OH-1(4) + 2<DArabinose> = Ge+4_H+1(-4)_DArabinose(2)_OH-1 + H+1 + 3<H2O >,[],"{""bbox_points"": [60.18299999999999, 57.48000000000002, 551.2905, 68.16000000000008], ""doi"": ""10.5281/zenodo.7700024"", ""page"": 5, ""source_file"": ""GER.PDF""}",Ge+4_OH-1(4) + 2<DArabinose> = Ge+4_H+1(-4)_DArabinose(2)_OH-1 + H+1 + 3<H2O>,transcribed_existing_published_record,"{""atom_residual_products_minus_reactants"": {}, ""charge_residual"": ""0"", ""status"": ""balanced"", ""terms"": {""DArabinose"": ""-2"", ""Ge+4_H+1(-4)_DArabinose(2)_OH-1"": ""1"", ""Ge+4_OH-1(4)"": ""-1"", ""H+1"": ""1"", ""H2O"": ""3""}}"
28584,Ge+4_OH-1(4) + 2<LArabinose> = Ge+4_H+1(-4)_LArabinose(2)_OH-1 + H+1 + 3<H2O >,[],"{""bbox_points"": [60.18299999999999, 163.20000000000005, 551.2905, 173.88], ""doi"": ""10.5281/zenodo.7700024"", ""page"": 5, ""source_file"": ""GER.PDF""}",Ge+4_OH-1(4) + 2<LArabinose> = Ge+4_H+1(-4)_LArabinose(2)_OH-1 + H+1 + 3<H2O>,transcribed_existing_published_record,"{""atom_residual_products_minus_reactants"": {}, ""charge_residual"": ""0"", ""status"": ""balanced"", ""terms"": {""Ge+4_H+1(-4)_LArabinose(2)_OH-1"": ""1"", ""Ge+4_OH-1(4)"": ""-1"", ""H+1"": ""1"", ""H2O"": ""3"", ""LArabinose"": ""-2""}}"
28589,Ge+4_OH-1(4) + 2<DFructose> = Ge+4_H+1(-4)_DFructose(2)_OH-1 + H+1 + 3<H2O >,[],"{""bbox_points"": [60.18299999999999, 268.9200000000001, 551.2905, 279.48], ""doi"": ""10.5281/zenodo.7700024"", ""page"": 5, ""source_file"": ""GER.PDF""}",Ge+4_OH-1(4) + 2<DFructose> = Ge+4_H+1(-4)_DFructose(2)_OH-1 + H+1 + 3<H2O>,transcribed_existing_published_record,"{""atom_residual_products_minus_reactants"": {}, ""charge_residual"": ""0"", ""status"": ""balanced"", ""terms"": {""DFructose"": ""-2"", ""Ge+4_H+1(-4)_DFructose(2)_OH-1"": ""1"", ""Ge+4_OH-1(4)"": ""-1"", ""H+1"": ""1"", ""H2O"": ""3""}}"
28592,Ge+4_OH-1(4) + 2<LSorbose> = Ge+4_H+1(-4)_LSorbose(2)_OH-1 + H+1 + 3<H2O >,[],"{""bbox_points"": [60.18299999999999, 374.64000000000004, 551.2905, 385.2], ""doi"": ""10.5281/zenodo.7700024"", ""page"": 5, ""source_file"": ""GER.PDF""}",Ge+4_OH-1(4) + 2<LSorbose> = Ge+4_H+1(-4)_LSorbose(2)_OH-1 + H+1 + 3<H2O>,transcribed_existing_published_record,"{""atom_residual_products_minus_reactants"": {}, ""charge_residual"": ""0"", ""status"": ""balanced"", ""terms"": {""Ge+4_H+1(-4)_LSorbose(2)_OH-1"": ""1"", ""Ge+4_OH-1(4)"": ""-1"", ""H+1"": ""1"", ""H2O"": ""3"", ""LSorbose"": ""-2""}}"
28603,Ge+4_OH-1(4) + 2<DMannose> = Ge+4_H+1(-4)_DMannose(2)_OH-1 + H+1 + 3<H2O >,[],"{""bbox_points"": [60.18299999999999, 480.36, 551.2905, 490.92], ""doi"": ""10.5281/zenodo.7700024"", ""page"": 5, ""source_file"": ""GER.PDF""}",Ge+4_OH-1(4) + 2<DMannose> = Ge+4_H+1(-4)_DMannose(2)_OH-1 + H+1 + 3<H2O>,transcribed_existing_published_record,"{""atom_residual_products_minus_reactants"": {}, ""charge_residual"": ""0"", ""status"": ""balanced"", ""terms"": {""DMannose"": ""-2"", ""Ge+4_H+1(-4)_DMannose(2)_OH-1"": ""1"", ""Ge+4_OH-1(4)"": ""-1"", ""H+1"": ""1"", ""H2O"": ""3""}}"
28606,Ge+4_OH-1(4) + 2<DGalactose> = Ge+4_H+1(-4)_DGalactose(2)_OH-1 + H+1 + 3<H2O >,"[{""page"": 5, ""text"": ""Note (2): Error, this value is for DMannose""}]","{""bbox_points"": [60.18299999999999, 585.96, 551.2905, 596.6400000000001], ""doi"": ""10.5281/zenodo.7700024"", ""page"": 5, ""source_file"": ""GER.PDF""}",Ge+4_OH-1(4) + 2<DGalactose> = Ge+4_H+1(-4)_DGalactose(2)_OH-1 + H+1 + 3<H2O>,transcribed_existing_published_record,"{""atom_residual_products_minus_reactants"": {}, ""charge_residual"": ""0"", ""status"": ""balanced"", ""terms"": {""DGalactose"": ""-2"", ""Ge+4_H+1(-4)_DGalactose(2)_OH-1"": ""1"", ""Ge+4_OH-1(4)"": ""-1"", ""H+1"": ""1"", ""H2O"": ""3""}}"
31972,Ge+4_OH-1(2) + 2<BuXanthate-1> = Ge+4_BuXanthate-1(2)_OH-1(2),[],"{""bbox_points"": [60.19455621301775, 57.48000000000002, 551.2814201183431, 68.16000000000008], ""doi"": ""10.5281/zenodo.7700024"", ""page"": 6, ""source_file"": ""GER.PDF""}",Ge+4_OH-1(2) + 2<BuXanthate-1> = Ge+4_BuXanthate-1(2)_OH-1(2),transcribed_existing_published_record,"{""atom_residual_products_minus_reactants"": {}, ""charge_residual"": ""0"", ""status"": ""balanced"", ""terms"": {""BuXanthate-1"": ""-2"", ""Ge+4_BuXanthate-1(2)_OH-1(2)"": ""1"", ""Ge+4_OH-1(2)"": ""-1""}}"
32845,Ge+4_OH-1(4) + 3<H+1(2)_4NitrCat-2> = Ge+4_4NitrCat-2(3) + 2<H+1> + 4<H2O >,[],"{""bbox_points"": [60.19455621301775, 144.84000000000003, 551.2814201183431, 155.33999999999997], ""doi"": ""10.5281/zenodo.7700024"", ""page"": 6, ""source_file"": ""GER.PDF""}",Ge+4_OH-1(4) + 3<H+1(2)_4NitrCat-2> = Ge+4_4NitrCat-2(3) + 2<H+1> + 4<H2O>,transcribed_existing_published_record,"{""atom_residual_products_minus_reactants"": {}, ""charge_residual"": ""0"", ""status"": ""balanced"", ""terms"": {""Ge+4_4NitrCat-2(3)"": ""1"", ""Ge+4_OH-1(4)"": ""-1"", ""H+1"": ""2"", ""H+1(2)_4NitrCat-2"": ""-3"", ""H2O"": ""4""}}"
33581,Ge+4_OH-1(4) + 3<H+1(4)_Gallic-4> = Ge+4_H+1(6)_Gallic-4(3) + 2<H+1> + 4<H2O >,[],"{""bbox_points"": [60.19455621301775, 250.56000000000006, 551.2814201183431, 261.06], ""doi"": ""10.5281/zenodo.7700024"", ""page"": 6, ""source_file"": ""GER.PDF""}",Ge+4_OH-1(4) + 3<H+1(4)_Gallic-4> = Ge+4_H+1(6)_Gallic-4(3) + 2<H+1> + 4<H2O>,transcribed_existing_published_record,"{""atom_residual_products_minus_reactants"": {}, ""charge_residual"": ""0"", ""status"": ""balanced"", ""terms"": {""Ge+4_H+1(6)_Gallic-4(3)"": ""1"", ""Ge+4_OH-1(4)"": ""-1"", ""H+1"": ""2"", ""H+1(4)_Gallic-4"": ""-3"", ""H2O"": ""4""}}"
33582,Ge+4_H+1(5)_Gallic-4(3) + H+1 = Ge+4_H+1(6)_Gallic-4(3),[],"{""bbox_points"": [60.19455621301775, 337.8, 551.2814201183431, 348.42], ""doi"": ""10.5281/zenodo.7700024"", ""page"": 6, ""source_file"": ""GER.PDF""}",Ge+4_H+1(5)_Gallic-4(3) + H+1 = Ge+4_H+1(6)_Gallic-4(3),transcribed_existing_published_record,"{""atom_residual_products_minus_reactants"": {}, ""charge_residual"": ""0"", ""status"": ""balanced"", ""terms"": {""Ge+4_H+1(5)_Gallic-4(3)"": ""-1"", ""Ge+4_H+1(6)_Gallic-4(3)"": ""1"", ""H+1"": ""-1""}}"
33583,Ge+4_H+1(4)_Gallic-4(3) + H+1 = Ge+4_H+1(5)_Gallic-4(3),[],"{""bbox_points"": [60.19455621301775, 425.16, 551.2814201183431, 435.66], ""doi"": ""10.5281/zenodo.7700024"", ""page"": 6, ""source_file"": ""GER.PDF""}",Ge+4_H+1(4)_Gallic-4(3) + H+1 = Ge+4_H+1(5)_Gallic-4(3),transcribed_existing_published_record,"{""atom_residual_products_minus_reactants"": {}, ""charge_residual"": ""0"", ""status"": ""balanced"", ""terms"": {""Ge+4_H+1(4)_Gallic-4(3)"": ""-1"", ""Ge+4_H+1(5)_Gallic-4(3)"": ""1"", ""H+1"": ""-1""}}"
33584,Ge+4_H+1(3)_Gallic-4(3) + H+1 = Ge+4_H+1(4)_Gallic-4(3),[],"{""bbox_points"": [60.19455621301775, 512.4000000000001, 551.2814201183431, 523.02], ""doi"": ""10.5281/zenodo.7700024"", ""page"": 6, ""source_file"": ""GER.PDF""}",Ge+4_H+1(3)_Gallic-4(3) + H+1 = Ge+4_H+1(4)_Gallic-4(3),transcribed_existing_published_record,"{""atom_residual_products_minus_reactants"": {}, ""charge_residual"": ""0"", ""status"": ""balanced"", ""terms"": {""Ge+4_H+1(3)_Gallic-4(3)"": ""-1"", ""Ge+4_H+1(4)_Gallic-4(3)"": ""1"", ""H+1"": ""-1""}}"
34511,Ge+4_OH-1(4) + H+1(2)_NTA-3 = Ge+4_OH-1(2)_NTA-3 + 2<H2O>,[],"{""bbox_points"": [60.19455621301775, 599.7, 551.2814201183431, 610.26], ""doi"": ""10.5281/zenodo.7700024"", ""page"": 6, ""source_file"": ""GER.PDF""}",Ge+4_OH-1(4) + H+1(2)_NTA-3 = Ge+4_OH-1(2)_NTA-3 + 2<H2O>,transcribed_existing_published_record,"{""atom_residual_products_minus_reactants"": {}, ""charge_residual"": ""0"", ""status"": ""balanced"", ""terms"": {""Ge+4_OH-1(2)_NTA-3"": ""1"", ""Ge+4_OH-1(4)"": ""-1"", ""H+1(2)_NTA-3"": ""-1"", ""H2O"": ""2""}}"
34512,Ge+4_OH-1(4) + H+1(3)_TriEtOlAm = Ge+4_TriEtOlAm_OH-1 + 3<H2O>,[],"{""bbox_points"": [60.19455621301775, 705.4200000000001, 551.2814201183431, 715.98], ""doi"": ""10.5281/zenodo.7700024"", ""page"": 6, ""source_file"": ""GER.PDF""}",Ge+4_OH-1(4) + H+1(3)_TriEtOlAm = Ge+4_TriEtOlAm_OH-1 + 3<H2O>,transcribed_existing_published_record,"{""atom_residual_products_minus_reactants"": {}, ""charge_residual"": ""0"", ""status"": ""balanced"", ""terms"": {""Ge+4_OH-1(4)"": ""-1"", ""Ge+4_TriEtOlAm_OH-1"": ""1"", ""H+1(3)_TriEtOlAm"": ""-1"", ""H2O"": ""3""}}"
34708,Ge+4_OH-1(4) + 2<H+1_2SHEtol-1> = Ge+4_H+1(-2)_2SHEtol-1(2)_OH-1 + H+1 + 3<H2O >,[],"{""bbox_points"": [60.18631578947368, 126.48000000000002, 551.2878947368421, 136.98000000000008], ""doi"": ""10.5281/zenodo.7700024"", ""page"": 7, ""source_file"": ""GER.PDF""}",Ge+4_OH-1(4) + 2<H+1_2SHEtol-1> = Ge+4_H+1(-2)_2SHEtol-1(2)_OH-1 + H+1 + 3<H2O>,transcribed_existing_published_record,"{""atom_residual_products_minus_reactants"": {}, ""charge_residual"": ""0"", ""status"": ""balanced"", ""terms"": {""Ge+4_H+1(-2)_2SHEtol-1(2)_OH-1"": ""1"", ""Ge+4_OH-1(4)"": ""-1"", ""H+1"": ""1"", ""H+1_2SHEtol-1"": ""-2"", ""H2O"": ""3""}}"
34720,GeO+2_OH-1(3) + 2<DFructose> = GeO+2_H+1(-3)_DFructose(2) + 3<H2O>,"[{""page"": 7, ""text"": ""Note (1): Same source rn. 28589 but written otherwise (GeO(OH)3 reactant instead\nGe(OH)4)""}]","{""bbox_points"": [60.18631578947368, 232.20000000000005, 551.2878947368421, 242.7], ""doi"": ""10.5281/zenodo.7700024"", ""page"": 7, ""source_file"": ""GER.PDF""}",GeO+2_OH-1(3) + 2<DFructose> = GeO+2_H+1(-3)_DFructose(2) + 3<H2O>,transcribed_existing_published_record,"{""atom_residual_products_minus_reactants"": {}, ""charge_residual"": ""0"", ""status"": ""balanced"", ""terms"": {""DFructose"": ""-2"", ""GeO+2_H+1(-3)_DFructose(2)"": ""1"", ""GeO+2_OH-1(3)"": ""-1"", ""H2O"": ""3""}}"
34726,GeO+2_OH-1(3) + 2<DGalactose> = GeO+2_H+1(-3)_DGalactose(2) + 3<H2O>,"[{""page"": 7, ""text"": ""Note (1): Same source rn. 28606 but written otherwise (GeO(OH)3 reactant instead\nGe(OH)4)""}]","{""bbox_points"": [60.18631578947368, 348.54, 551.2878947368421, 359.04], ""doi"": ""10.5281/zenodo.7700024"", ""page"": 7, ""source_file"": ""GER.PDF""}",GeO+2_OH-1(3) + 2<DGalactose> = GeO+2_H+1(-3)_DGalactose(2) + 3<H2O>,transcribed_existing_published_record,"{""atom_residual_products_minus_reactants"": {}, ""charge_residual"": ""0"", ""status"": ""balanced"", ""terms"": {""DGalactose"": ""-2"", ""GeO+2_H+1(-3)_DGalactose(2)"": ""1"", ""GeO+2_OH-1(3)"": ""-1"", ""H2O"": ""3""}}"
34733,GeO+2_OH-1(3) + 2<DGlucose> = GeO+2_H+1(-3)_DGlucose(2) + 3<H2O>,"[{""page"": 7, ""text"": ""Note (1): Same source rn. 80927 but written otherwise (GeO(OH)3 reactant instead\nGe(OH)4)""}]","{""bbox_points"": [60.18631578947368, 464.82, 551.2878947368421, 475.38], ""doi"": ""10.5281/zenodo.7700024"", ""page"": 7, ""source_file"": ""GER.PDF""}",GeO+2_OH-1(3) + 2<DGlucose> = GeO+2_H+1(-3)_DGlucose(2) + 3<H2O>,transcribed_existing_published_record,"{""atom_residual_products_minus_reactants"": {}, ""charge_residual"": ""0"", ""status"": ""balanced"", ""terms"": {""DGlucose"": ""-2"", ""GeO+2_H+1(-3)_DGlucose(2)"": ""1"", ""GeO+2_OH-1(3)"": ""-1"", ""H2O"": ""3""}}"
34741,GeO+2_OH-1(3) + 2<DMannose> = GeO+2_H+1(-3)_DMannose(2) + 3<H2O>,"[{""page"": 7, ""text"": ""Note (1): Same source rn. 28603 but written otherwise (GeO(OH)3 reactant instead\nGe(OH)4)""}]","{""bbox_points"": [60.18631578947368, 581.16, 551.2878947368421, 591.72], ""doi"": ""10.5281/zenodo.7700024"", ""page"": 7, ""source_file"": ""GER.PDF""}",GeO+2_OH-1(3) + 2<DMannose> = GeO+2_H+1(-3)_DMannose(2) + 3<H2O>,transcribed_existing_published_record,"{""atom_residual_products_minus_reactants"": {}, ""charge_residual"": ""0"", ""status"": ""balanced"", ""terms"": {""DMannose"": ""-2"", ""GeO+2_H+1(-3)_DMannose(2)"": ""1"", ""GeO+2_OH-1(3)"": ""-1"", ""H2O"": ""3""}}"
37267,Ge+4_OH-1(4) + 2<H+1_ClKojic-1> = Ge+4_ClKojic-1(2)_OH-1(2) + 2<H2O>,[],"{""bbox_points"": [60.18631578947368, 697.5, 551.2878947368421, 708.0600000000001], ""doi"": ""10.5281/zenodo.7700024"", ""page"": 7, ""source_file"": ""GER.PDF""}",Ge+4_OH-1(4) + 2<H+1_ClKojic-1> = Ge+4_ClKojic-1(2)_OH-1(2) + 2<H2O>,transcribed_existing_published_record,"{""atom_residual_products_minus_reactants"": {}, ""charge_residual"": ""0"", ""status"": ""balanced"", ""terms"": {""Ge+4_ClKojic-1(2)_OH-1(2)"": ""1"", ""Ge+4_OH-1(4)"": ""-1"", ""H+1_ClKojic-1"": ""-2"", ""H2O"": ""2""}}"
37342,Ge+4_OH-1(4) + 2<H+1_Lawsone-1> = Ge+4_Lawsone-1(2)_OH-1(2) + 2<H2O>,"[{""page"": 8, ""text"": ""Note (2): The value could not be determined and the authors just gave a limit: <3.0""}]","{""bbox_points"": [60.182013422818784, 144.84000000000003, 551.2912751677852, 155.33999999999997], ""doi"": ""10.5281/zenodo.7700024"", ""page"": 8, ""source_file"": ""GER.PDF""}",Ge+4_OH-1(4) + 2<H+1_Lawsone-1> = Ge+4_Lawsone-1(2)_OH-1(2) + 2<H2O>,transcribed_existing_published_record,"{""atom_residual_products_minus_reactants"": {}, ""charge_residual"": ""0"", ""status"": ""balanced"", ""terms"": {""Ge+4_Lawsone-1(2)_OH-1(2)"": ""1"", ""Ge+4_OH-1(4)"": ""-1"", ""H+1_Lawsone-1"": ""-2"", ""H2O"": ""2""}}"
40764,GeO+2_OH-1(3) + 2<LRhamnose> = GeO+2_H+1(-3)_LRhamnose(2) + 3<H2O>,"[{""page"": 8, ""text"": ""Note (1): Same source rn. 80929 but written otherwise (GeO(OH)3 reactant instead\nGe(OH)4)""}]","{""bbox_points"": [60.182013422818784, 268.9200000000001, 551.2912751677852, 279.48], ""doi"": ""10.5281/zenodo.7700024"", ""page"": 8, ""source_file"": ""GER.PDF""}",GeO+2_OH-1(3) + 2<LRhamnose> = GeO+2_H+1(-3)_LRhamnose(2) + 3<H2O>,transcribed_existing_published_record,"{""atom_residual_products_minus_reactants"": {}, ""charge_residual"": ""0"", ""status"": ""balanced"", ""terms"": {""GeO+2_H+1(-3)_LRhamnose(2)"": ""1"", ""GeO+2_OH-1(3)"": ""-1"", ""H2O"": ""3"", ""LRhamnose"": ""-2""}}"
40767,GeO+2_OH-1(3) + 2<LSorbose> = GeO+2_H+1(-3)_LSorbose(2) + 3<H2O>,"[{""page"": 8, ""text"": ""Note (1): Same source rn. 28592 but written otherwise (GeO(OH)3 reactant instead\nGe(OH)4)""}]","{""bbox_points"": [60.182013422818784, 385.26, 551.2912751677852, 395.82], ""doi"": ""10.5281/zenodo.7700024"", ""page"": 8, ""source_file"": ""GER.PDF""}",GeO+2_OH-1(3) + 2<LSorbose> = GeO+2_H+1(-3)_LSorbose(2) + 3<H2O>,transcribed_existing_published_record,"{""atom_residual_products_minus_reactants"": {}, ""charge_residual"": ""0"", ""status"": ""balanced"", ""terms"": {""GeO+2_H+1(-3)_LSorbose(2)"": ""1"", ""GeO+2_OH-1(3)"": ""-1"", ""H2O"": ""3"", ""LSorbose"": ""-2""}}"
41152,Ge+4_OH-1(4) + 2<H+1_57DiCl8OHQuin-1> = Ge+4_57DiCl8OHQuin-1(2)_OH-1(2) + 2<H2O >,[],"{""bbox_points"": [60.182013422818784, 501.6, 551.2912751677852, 512.22], ""doi"": ""10.5281/zenodo.7700024"", ""page"": 8, ""source_file"": ""GER.PDF""}",Ge+4_OH-1(4) + 2<H+1_57DiCl8OHQuin-1> = Ge+4_57DiCl8OHQuin-1(2)_OH-1(2) + 2<H2O>,transcribed_existing_published_record,"{""atom_residual_products_minus_reactants"": {}, ""charge_residual"": ""0"", ""status"": ""balanced"", ""terms"": {""Ge+4_57DiCl8OHQuin-1(2)_OH-1(2)"": ""1"", ""Ge+4_OH-1(4)"": ""-1"", ""H+1_57DiCl8OHQuin-1"": ""-2"", ""H2O"": ""2""}}"
43245,Ge+4_OH-1(2) + H+1_Tartaric-2 = Ge+4_H+1(-1)_OH-1(2)_Tartaric-2 + 2<H+1>,"[{""page"": 8, ""text"": ""Note: Ge(OH)2 deprecated, existence very much doubtful, even more in these\nexperiments""}, {""page"": 9, ""text"": ""Note (1): Reaction written: Ge(OH)2 + H2Tartaric = GeH2(OH)2Tartaric in 906""}]","{""bbox_points"": [60.182013422818784, 607.3199999999999, 551.2912751677852, 617.8199999999999], ""doi"": ""10.5281/zenodo.7700024"", ""page"": 8, ""source_file"": ""GER.PDF""}",Ge+4_OH-1(2) + H+1_Tartaric-2 = Ge+4_H+1(-1)_OH-1(2)_Tartaric-2 + 2<H+1>,transcribed_existing_published_record,"{""atom_residual_products_minus_reactants"": {}, ""charge_residual"": ""0"", ""status"": ""balanced"", ""terms"": {""Ge+4_H+1(-1)_OH-1(2)_Tartaric-2"": ""1"", ""Ge+4_OH-1(2)"": ""-1"", ""H+1"": ""2"", ""H+1_Tartaric-2"": ""-1""}}"
43733,Ge+4_OH-1(2) + H+1(3)_Citric-3 = Ge+4_H+1(3)_OH-1(2)_Citric-3,"[{""page"": 9, ""text"": ""Note: Ge(OH)2 deprecated, existence very much doubtful in general, sure in these\nexperiments""}, {""page"": 9, ""text"": ""Note (1): Unclear but in original reference [31901], reaction is for ML2 formation""}]","{""bbox_points"": [60.180869565217385, 108.12, 551.2921739130434, 118.62000000000006], ""doi"": ""10.5281/zenodo.7700024"", ""page"": 9, ""source_file"": ""GER.PDF""}",Ge+4_OH-1(2) + H+1(3)_Citric-3 = Ge+4_H+1(3)_OH-1(2)_Citric-3,transcribed_existing_published_record,"{""atom_residual_products_minus_reactants"": {}, ""charge_residual"": ""0"", ""status"": ""balanced"", ""terms"": {""Ge+4_H+1(3)_OH-1(2)_Citric-3"": ""1"", ""Ge+4_OH-1(2)"": ""-1"", ""H+1(3)_Citric-3"": ""-1""}}"
44092,3<35DiNitrCat-2> + Ge+4 = Ge+4_35DiNitrCat-2(3),"[{""page"": 9, ""text"": ""Note: Ge+4 is deprecated because does not exist in aqueous solution""}]","{""bbox_points"": [60.180869565217385, 245.64, 551.2921739130434, 256.26000000000005], ""doi"": ""10.5281/zenodo.7700024"", ""page"": 9, ""source_file"": ""GER.PDF""}",3<35DiNitrCat-2> + Ge+4 = Ge+4_35DiNitrCat-2(3),transcribed_existing_published_record,"{""atom_residual_products_minus_reactants"": {}, ""charge_residual"": ""0"", ""status"": ""balanced"", ""terms"": {""35DiNitrCat-2"": ""-3"", ""Ge+4"": ""-1"", ""Ge+4_35DiNitrCat-2(3)"": ""1""}}"
44096,3<3NitrCat-2> + Ge+4 = Ge+4_3NitrCat-2(3),"[{""page"": 9, ""text"": ""Note: Ge+4 is deprecated because does not exist in aqueous solution""}]","{""bbox_points"": [60.180869565217385, 372.72, 551.2921739130434, 383.22], ""doi"": ""10.5281/zenodo.7700024"", ""page"": 9, ""source_file"": ""GER.PDF""}",3<3NitrCat-2> + Ge+4 = Ge+4_3NitrCat-2(3),transcribed_existing_published_record,"{""atom_residual_products_minus_reactants"": {}, ""charge_residual"": ""0"", ""status"": ""balanced"", ""terms"": {""3NitrCat-2"": ""-3"", ""Ge+4"": ""-1"", ""Ge+4_3NitrCat-2(3)"": ""1""}}"
45090,H+1 + Ge+4_OH-1_MeEDTA-4 = Ge+4_H+1_OH-1_MeEDTA-4,[],"{""bbox_points"": [60.180869565217385, 499.62, 551.2921739130434, 510.3], ""doi"": ""10.5281/zenodo.7700024"", ""page"": 9, ""source_file"": ""GER.PDF""}",H+1 + Ge+4_OH-1_MeEDTA-4 = Ge+4_H+1_OH-1_MeEDTA-4,transcribed_existing_published_record,"{""atom_residual_products_minus_reactants"": {}, ""charge_residual"": ""0"", ""status"": ""balanced"", ""terms"": {""Ge+4_H+1_OH-1_MeEDTA-4"": ""1"", ""Ge+4_OH-1_MeEDTA-4"": ""-1"", ""H+1"": ""-1""}}"
45091,H+1(4)_MeEDTA-4 + Ge+4_OH-1(4) = Ge+4_H+1_OH-1_MeEDTA-4 + 3<H2O>,[],"{""bbox_points"": [60.180869565217385, 605.3399999999999, 551.2921739130434, 615.9000000000001], ""doi"": ""10.5281/zenodo.7700024"", ""page"": 9, ""source_file"": ""GER.PDF""}",H+1(4)_MeEDTA-4 + Ge+4_OH-1(4) = Ge+4_H+1_OH-1_MeEDTA-4 + 3<H2O>,transcribed_existing_published_record,"{""atom_residual_products_minus_reactants"": {}, ""charge_residual"": ""0"", ""status"": ""balanced"", ""terms"": {""Ge+4_H+1_OH-1_MeEDTA-4"": ""1"", ""Ge+4_OH-1(4)"": ""-1"", ""H+1(4)_MeEDTA-4"": ""-1"", ""H2O"": ""3""}}"
45230,3<AlizarinRedS-3> + Ge+4 = Ge+4_AlizarinRedS-3(3),"[{""page"": 10, ""text"": ""Note: Ge+4 is deprecated because does not exist in aqueous solution""}]","{""bbox_points"": [60.173164556962014, 57.48000000000002, 551.2982278481012, 68.16000000000008], ""doi"": ""10.5281/zenodo.7700024"", ""page"": 10, ""source_file"": ""GER.PDF""}",3<AlizarinRedS-3> + Ge+4 = Ge+4_AlizarinRedS-3(3),transcribed_existing_published_record,"{""atom_residual_products_minus_reactants"": {}, ""charge_residual"": ""0"", ""status"": ""balanced"", ""terms"": {""AlizarinRedS-3"": ""-3"", ""Ge+4"": ""-1"", ""Ge+4_AlizarinRedS-3(3)"": ""1""}}"
46454,2<Cl-1> + Ge+4_Cl-1(4) = Ge+4_Cl-1(6),[],"{""bbox_points"": [60.173164556962014, 166.20000000000005, 551.2982278481012, 176.7], ""doi"": ""10.5281/zenodo.7700024"", ""page"": 10, ""source_file"": ""GER.PDF""}",2<Cl-1> + Ge+4_Cl-1(4) = Ge+4_Cl-1(6),transcribed_existing_published_record,"{""atom_residual_products_minus_reactants"": {}, ""charge_residual"": ""0"", ""status"": ""balanced"", ""terms"": {""Cl-1"": ""-2"", ""Ge+4_Cl-1(4)"": ""-1"", ""Ge+4_Cl-1(6)"": ""1""}}"
54155,Ge+4_F-1(5) + F-1 = Ge+4_F-1(6),[],"{""bbox_points"": [60.173164556962014, 253.38000000000005, 551.2982278481012, 264.06], ""doi"": ""10.5281/zenodo.7700024"", ""page"": 10, ""source_file"": ""GER.PDF""}",Ge+4_F-1(5) + F-1 = Ge+4_F-1(6),transcribed_existing_published_record,"{""atom_residual_products_minus_reactants"": {}, ""charge_residual"": ""0"", ""status"": ""balanced"", ""terms"": {""F-1"": ""-1"", ""Ge+4_F-1(5)"": ""-1"", ""Ge+4_F-1(6)"": ""1""}}"
54432,Ge(s) = Ge(g),[],"{""bbox_points"": [60.173164556962014, 395.88, 551.2982278481012, 406.5], ""doi"": ""10.5281/zenodo.7700024"", ""page"": 10, ""source_file"": ""GER.PDF""}",Ge(s) = Ge(g),transcribed_existing_published_record,"{""atom_residual_products_minus_reactants"": {}, ""charge_residual"": ""0"", ""status"": ""balanced"", ""terms"": {""Ge(g)"": ""1"", ""Ge(s)"": ""-1""}}"
54447,H+1 + GeO2_OH-1(2) = GeO+2_OH-1(3),"[{""page"": 11, ""text"": ""Note (11): I is saturated, not 5 M""}]","{""bbox_points"": [60.173164556962014, 538.5, 551.2982278481012, 549.0], ""doi"": ""10.5281/zenodo.7700024"", ""page"": 10, ""source_file"": ""GER.PDF""}",H+1 + GeO2_OH-1(2) = GeO+2_OH-1(3),transcribed_existing_published_record,"{""atom_residual_products_minus_reactants"": {}, ""charge_residual"": ""0"", ""status"": ""balanced"", ""terms"": {""GeO+2_OH-1(3)"": ""1"", ""GeO2_OH-1(2)"": ""-1"", ""H+1"": ""-1""}}"
54448,GeO+2_OH-1(3) + H+1 = Ge+4_OH-1(4),"[{""page"": 12, ""text"": ""Note (28): Average of MCN and colorimetric measurements""}]","{""bbox_points"": [60.13150684931506, 181.62000000000006, 551.3309589041096, 192.3], ""doi"": ""10.5281/zenodo.7700024"", ""page"": 11, ""source_file"": ""GER.PDF""}",GeO+2_OH-1(3) + H+1 = Ge+4_OH-1(4),transcribed_existing_published_record,"{""atom_residual_products_minus_reactants"": {}, ""charge_residual"": ""0"", ""status"": ""balanced"", ""terms"": {""Ge+4_OH-1(4)"": ""1"", ""GeO+2_OH-1(3)"": ""-1"", ""H+1"": ""-1""}}"
54449,H+1(3)_GeO3-2(2) + H+1 = 2<H+1(2)_GeO3-2>,[],"{""bbox_points"": [60.18299999999999, 89.57999999999998, 551.2905, 100.26000000000005], ""doi"": ""10.5281/zenodo.7700024"", ""page"": 13, ""source_file"": ""GER.PDF""}",H+1(3)_GeO3-2(2) + H+1 = 2<H+1(2)_GeO3-2>,transcribed_existing_published_record,"{""atom_residual_products_minus_reactants"": {}, ""charge_residual"": ""0"", ""status"": ""balanced"", ""terms"": {""H+1"": ""-1"", ""H+1(2)_GeO3-2"": ""2"", ""H+1(3)_GeO3-2(2)"": ""-1""}}"
54450,H+1(5)_GeO3-2(3) + H+1 = 3<H+1(2)_GeO3-2>,[],"{""bbox_points"": [60.18299999999999, 176.94, 551.2905, 187.50000000000006], ""doi"": ""10.5281/zenodo.7700024"", ""page"": 13, ""source_file"": ""GER.PDF""}",H+1(5)_GeO3-2(3) + H+1 = 3<H+1(2)_GeO3-2>,transcribed_existing_published_record,"{""atom_residual_products_minus_reactants"": {}, ""charge_residual"": ""0"", ""status"": ""balanced"", ""terms"": {""H+1"": ""-1"", ""H+1(2)_GeO3-2"": ""3"", ""H+1(5)_GeO3-2(3)"": ""-1""}}"
54451,Ge+4_OH-1(4) + Tartaric-2 = Ge+4_H+1(-2)_OH-1(2)_Tartaric-2 + 2<H2O>,[],"{""bbox_points"": [60.18299999999999, 264.24, 551.2905, 274.80000000000007], ""doi"": ""10.5281/zenodo.7700024"", ""page"": 13, ""source_file"": ""GER.PDF""}",Ge+4_OH-1(4) + Tartaric-2 = Ge+4_H+1(-2)_OH-1(2)_Tartaric-2 + 2<H2O>,transcribed_existing_published_record,"{""atom_residual_products_minus_reactants"": {}, ""charge_residual"": ""0"", ""status"": ""balanced"", ""terms"": {""Ge+4_H+1(-2)_OH-1(2)_Tartaric-2"": ""1"", ""Ge+4_OH-1(4)"": ""-1"", ""H2O"": ""2"", ""Tartaric-2"": ""-1""}}"
54452,Ge+4_OH-1(4) + H+1_Tartaric-2 = Ge+4_H+1(-1)_OH-1(2)_Tartaric-2 + 2<H2O>,[],"{""bbox_points"": [60.18299999999999, 351.48, 551.2905, 362.04], ""doi"": ""10.5281/zenodo.7700024"", ""page"": 13, ""source_file"": ""GER.PDF""}",Ge+4_OH-1(4) + H+1_Tartaric-2 = Ge+4_H+1(-1)_OH-1(2)_Tartaric-2 + 2<H2O>,transcribed_existing_published_record,"{""atom_residual_products_minus_reactants"": {}, ""charge_residual"": ""0"", ""status"": ""balanced"", ""terms"": {""Ge+4_H+1(-1)_OH-1(2)_Tartaric-2"": ""1"", ""Ge+4_OH-1(4)"": ""-1"", ""H+1_Tartaric-2"": ""-1"", ""H2O"": ""2""}}"
54487,Ge+4_OH-1(4) + H+1_Citric-3 = Ge+4_OH-1(3)_Citric-3 + H2O,[],"{""bbox_points"": [60.18299999999999, 438.84000000000003, 551.2905, 449.34000000000003], ""doi"": ""10.5281/zenodo.7700024"", ""page"": 13, ""source_file"": ""GER.PDF""}",Ge+4_OH-1(4) + H+1_Citric-3 = Ge+4_OH-1(3)_Citric-3 + H2O,transcribed_existing_published_record,"{""atom_residual_products_minus_reactants"": {}, ""charge_residual"": ""0"", ""status"": ""balanced"", ""terms"": {""Ge+4_OH-1(3)_Citric-3"": ""1"", ""Ge+4_OH-1(4)"": ""-1"", ""H+1_Citric-3"": ""-1"", ""H2O"": ""1""}}"
54488,Ge+4_F-1(5) + H+1_F-1 = Ge+4_F-1(6) + H+1,[],"{""bbox_points"": [60.18299999999999, 562.9200000000001, 551.2905, 573.48], ""doi"": ""10.5281/zenodo.7700024"", ""page"": 13, ""source_file"": ""GER.PDF""}",Ge+4_F-1(5) + H+1_F-1 = Ge+4_F-1(6) + H+1,transcribed_existing_published_record,"{""atom_residual_products_minus_reactants"": {}, ""charge_residual"": ""0"", ""status"": ""balanced"", ""terms"": {""Ge+4_F-1(5)"": ""-1"", ""Ge+4_F-1(6)"": ""1"", ""H+1"": ""1"", ""H+1_F-1"": ""-1""}}"
54627,"GeO2(hexag,s) + 2<H+1> + 2<e-1> = GeO(black,s) + H2O","[{""page"": 14, ""text"": ""Note: Polymorph of GeO2 not identified in original source [52JoL]""}, {""page"": 14, ""text"": ""Note (4): GeO2 polymorh unknown, probably hexag""}]","{""bbox_points"": [60.17454545454545, 108.12, 551.2971428571428, 118.62000000000006], ""doi"": ""10.5281/zenodo.7700024"", ""page"": 14, ""source_file"": ""GER.PDF""}","GeO2(hexag,s) + 2<H+1> + 2<e-1> = GeO(black,s) + H2O",transcribed_existing_published_record,"{""atom_residual_products_minus_reactants"": {}, ""charge_residual"": ""0"", ""status"": ""balanced"", ""terms"": {""GeO(black,s)"": ""1"", ""GeO2(hexag,s)"": ""-1"", ""H+1"": ""-2"", ""H2O"": ""1"", ""e-1"": ""-2""}}"
54628,"GeO2(hexag,s) + 2<H+1> + 2<e-1> = GeO(yellow,s) + H2O",[],"{""bbox_points"": [60.17454545454545, 290.28000000000003, 551.2971428571428, 300.78000000000003], ""doi"": ""10.5281/zenodo.7700024"", ""page"": 14, ""source_file"": ""GER.PDF""}","GeO2(hexag,s) + 2<H+1> + 2<e-1> = GeO(yellow,s) + H2O",transcribed_existing_published_record,"{""atom_residual_products_minus_reactants"": {}, ""charge_residual"": ""0"", ""status"": ""balanced"", ""terms"": {""GeO(yellow,s)"": ""1"", ""GeO2(hexag,s)"": ""-1"", ""H+1"": ""-2"", ""H2O"": ""1"", ""e-1"": ""-2""}}"
54629,"GeO2(hexag,s) + 4<H+1> + 2<e-1> = Ge+2 + 2<H2O>",[],"{""bbox_points"": [60.17454545454545, 377.52000000000004, 551.2971428571428, 388.14], ""doi"": ""10.5281/zenodo.7700024"", ""page"": 14, ""source_file"": ""GER.PDF""}","GeO2(hexag,s) + 4<H+1> + 2<e-1> = Ge+2 + 2<H2O>",transcribed_existing_published_record,"{""atom_residual_products_minus_reactants"": {}, ""charge_residual"": ""0"", ""status"": ""balanced"", ""terms"": {""Ge+2"": ""1"", ""GeO2(hexag,s)"": ""-1"", ""H+1"": ""-4"", ""H2O"": ""2"", ""e-1"": ""-2""}}"
54630,"GeO2(tetrag,s) + 4<H+1> + 2<e-1> = Ge+2 + 2<H2O>",[],"{""bbox_points"": [60.17454545454545, 483.24, 551.2971428571428, 493.74], ""doi"": ""10.5281/zenodo.7700024"", ""page"": 14, ""source_file"": ""GER.PDF""}","GeO2(tetrag,s) + 4<H+1> + 2<e-1> = Ge+2 + 2<H2O>",transcribed_existing_published_record,"{""atom_residual_products_minus_reactants"": {}, ""charge_residual"": ""0"", ""status"": ""balanced"", ""terms"": {""Ge+2"": ""1"", ""GeO2(tetrag,s)"": ""-1"", ""H+1"": ""-4"", ""H2O"": ""2"", ""e-1"": ""-2""}}"
54631,"GeO2(hexag,s) + 4<e-1> + 4<H+1> = Ge(s) + 2<H2O>",[],"{""bbox_points"": [60.17454545454545, 588.96, 551.2971428571428, 599.46], ""doi"": ""10.5281/zenodo.7700024"", ""page"": 14, ""source_file"": ""GER.PDF""}","GeO2(hexag,s) + 4<e-1> + 4<H+1> = Ge(s) + 2<H2O>",transcribed_existing_published_record,"{""atom_residual_products_minus_reactants"": {}, ""charge_residual"": ""0"", ""status"": ""balanced"", ""terms"": {""Ge(s)"": ""1"", ""GeO2(hexag,s)"": ""-1"", ""H+1"": ""-4"", ""H2O"": ""2"", ""e-1"": ""-4""}}"
54648,Ge(s) + 4<H+1> + 4<e-1> = GeH4(g),[],"{""bbox_points"": [60.18372413793103, 70.56000000000006, 551.2899310344827, 81.12], ""doi"": ""10.5281/zenodo.7700024"", ""page"": 15, ""source_file"": ""GER.PDF""}",Ge(s) + 4<H+1> + 4<e-1> = GeH4(g),transcribed_existing_published_record,"{""atom_residual_products_minus_reactants"": {}, ""charge_residual"": ""0"", ""status"": ""balanced"", ""terms"": {""Ge(s)"": ""-1"", ""GeH4(g)"": ""1"", ""H+1"": ""-4"", ""e-1"": ""-4""}}"
55165,Ge+4 + F-1 = Ge+4_F-1,"[{""page"": 15, ""text"": ""Note: Ge+4 is deprecated because does not exist in aqueous solution""}]","{""bbox_points"": [60.18372413793103, 194.64, 551.2899310344827, 205.26000000000005], ""doi"": ""10.5281/zenodo.7700024"", ""page"": 15, ""source_file"": ""GER.PDF""}",Ge+4 + F-1 = Ge+4_F-1,transcribed_existing_published_record,"{""atom_residual_products_minus_reactants"": {}, ""charge_residual"": ""0"", ""status"": ""balanced"", ""terms"": {""F-1"": ""-1"", ""Ge+4"": ""-1"", ""Ge+4_F-1"": ""1""}}"
56784,GeO+2_OH-1(3) + OH-1 = GeO2_OH-1(2) + H2O,[],"{""bbox_points"": [60.18372413793103, 321.6, 551.2899310344827, 332.16], ""doi"": ""10.5281/zenodo.7700024"", ""page"": 15, ""source_file"": ""GER.PDF""}",GeO+2_OH-1(3) + OH-1 = GeO2_OH-1(2) + H2O,transcribed_existing_published_record,"{""atom_residual_products_minus_reactants"": {}, ""charge_residual"": ""0"", ""status"": ""balanced"", ""terms"": {""GeO+2_OH-1(3)"": ""-1"", ""GeO2_OH-1(2)"": ""1"", ""H2O"": ""1"", ""OH-1"": ""-1""}}"
57621,Ge+4 + 4<OH-1> = Ge+4_OH-1(4),"[{""page"": 15, ""text"": ""Note: Ge+4 is deprecated because does not exist in aqueous solution""}]","{""bbox_points"": [60.18372413793103, 427.32, 551.2899310344827, 437.88], ""doi"": ""10.5281/zenodo.7700024"", ""page"": 15, ""source_file"": ""GER.PDF""}",Ge+4 + 4<OH-1> = Ge+4_OH-1(4),transcribed_existing_published_record,"{""atom_residual_products_minus_reactants"": {}, ""charge_residual"": ""0"", ""status"": ""balanced"", ""terms"": {""Ge+4"": ""-1"", ""Ge+4_OH-1(4)"": ""1"", ""OH-1"": ""-4""}}"
57622,Ge+4 + 3<OH-1> = Ge+4_OH-1(3),"[{""page"": 15, ""text"": ""Note: Ge+4 is deprecated because does not exist in aqueous solution""}]","{""bbox_points"": [60.18372413793103, 572.64, 551.2899310344827, 583.3199999999999], ""doi"": ""10.5281/zenodo.7700024"", ""page"": 15, ""source_file"": ""GER.PDF""}",Ge+4 + 3<OH-1> = Ge+4_OH-1(3),transcribed_existing_published_record,"{""atom_residual_products_minus_reactants"": {}, ""charge_residual"": ""0"", ""status"": ""balanced"", ""terms"": {""Ge+4"": ""-1"", ""Ge+4_OH-1(3)"": ""1"", ""OH-1"": ""-3""}}"
57623,2<OH-1> + Ge+4 = Ge+4_OH-1(2),"[{""page"": 16, ""text"": ""Note: Ge+4 is deprecated because does not exist in aqueous solution""}]","{""bbox_points"": [60.18372413793103, 699.72, 551.2899310344827, 710.28], ""doi"": ""10.5281/zenodo.7700024"", ""page"": 15, ""source_file"": ""GER.PDF""}",2<OH-1> + Ge+4 = Ge+4_OH-1(2),transcribed_existing_published_record,"{""atom_residual_products_minus_reactants"": {}, ""charge_residual"": ""0"", ""status"": ""balanced"", ""terms"": {""Ge+4"": ""-1"", ""Ge+4_OH-1(2)"": ""1"", ""OH-1"": ""-2""}}"
57624,Ge+4 + OH-1 = Ge+4_OH-1,"[{""page"": 16, ""text"": ""Note: Ge+4 is deprecated because does not exist in aqueous solution""}]","{""bbox_points"": [60.175999999999995, 166.20000000000005, 551.2959999999999, 176.7], ""doi"": ""10.5281/zenodo.7700024"", ""page"": 16, ""source_file"": ""GER.PDF""}",Ge+4 + OH-1 = Ge+4_OH-1,transcribed_existing_published_record,"{""atom_residual_products_minus_reactants"": {}, ""charge_residual"": ""0"", ""status"": ""balanced"", ""terms"": {""Ge+4"": ""-1"", ""Ge+4_OH-1"": ""1"", ""OH-1"": ""-1""}}"
57970,2<F2(g)> + Ge(s) = Ge+4_F-1(4)_(g),[],"{""bbox_points"": [60.175999999999995, 293.1, 551.2959999999999, 303.72], ""doi"": ""10.5281/zenodo.7700024"", ""page"": 16, ""source_file"": ""GER.PDF""}",2<F2(g)> + Ge(s) = Ge+4_F-1(4)_(g),transcribed_existing_published_record,"{""atom_residual_products_minus_reactants"": {}, ""charge_residual"": ""0"", ""status"": ""balanced"", ""terms"": {""F2(g)"": ""-2"", ""Ge(s)"": ""-1"", ""Ge+4_F-1(4)_(g)"": ""1""}}"
58593,Ge+4_OH-1(4) + 2<H+1(2)_Citric-3> = Ge+4_H+1(2)_OH-1(2)_Citric-3(2) + 2<H2O >,[],"{""bbox_points"": [60.175999999999995, 454.08000000000004, 551.2959999999999, 464.64], ""doi"": ""10.5281/zenodo.7700024"", ""page"": 16, ""source_file"": ""GER.PDF""}",Ge+4_OH-1(4) + 2<H+1(2)_Citric-3> = Ge+4_H+1(2)_OH-1(2)_Citric-3(2) + 2<H2O>,transcribed_existing_published_record,"{""atom_residual_products_minus_reactants"": {}, ""charge_residual"": ""0"", ""status"": ""balanced"", ""terms"": {""Ge+4_H+1(2)_OH-1(2)_Citric-3(2)"": ""1"", ""Ge+4_OH-1(4)"": ""-1"", ""H+1(2)_Citric-3"": ""-2"", ""H2O"": ""2""}}"
59433,Ge+4_OH-1(4) + 3<H+1(2)_Cat-2> = Ge+4_Cat-2(3) + 2<H+1> + 4<H2O>,[],"{""bbox_points"": [60.175999999999995, 578.16, 551.2959999999999, 588.72], ""doi"": ""10.5281/zenodo.7700024"", ""page"": 16, ""source_file"": ""GER.PDF""}",Ge+4_OH-1(4) + 3<H+1(2)_Cat-2> = Ge+4_Cat-2(3) + 2<H+1> + 4<H2O>,transcribed_existing_published_record,"{""atom_residual_products_minus_reactants"": {}, ""charge_residual"": ""0"", ""status"": ""balanced"", ""terms"": {""Ge+4_Cat-2(3)"": ""1"", ""Ge+4_OH-1(4)"": ""-1"", ""H+1"": ""2"", ""H+1(2)_Cat-2"": ""-3"", ""H2O"": ""4""}}"
59434,Ge+4_OH-1(4) + 2<H+1_Oxalic-2> = Ge+4_OH-1(2)_Oxalic-2(2) + 2<H2O>,"[{""page"": 17, ""text"": ""Note (1): Ionic media variable, either NaOH or mix NaCl and NaOH""}]","{""bbox_points"": [60.175999999999995, 683.8199999999999, 551.2959999999999, 694.44], ""doi"": ""10.5281/zenodo.7700024"", ""page"": 16, ""source_file"": ""GER.PDF""}",Ge+4_OH-1(4) + 2<H+1_Oxalic-2> = Ge+4_OH-1(2)_Oxalic-2(2) + 2<H2O>,transcribed_existing_published_record,"{""atom_residual_products_minus_reactants"": {}, ""charge_residual"": ""0"", ""status"": ""balanced"", ""terms"": {""Ge+4_OH-1(2)_Oxalic-2(2)"": ""1"", ""Ge+4_OH-1(4)"": ""-1"", ""H+1_Oxalic-2"": ""-2"", ""H2O"": ""2""}}"
60204,EDTA-4 + Ge+4 = Ge+4_EDTA-4,"[{""page"": 17, ""text"": ""Note: Ge+4 is deprecated because does not exist in aqueous solution""}]","{""bbox_points"": [60.17753424657534, 126.48000000000002, 551.294794520548, 136.98000000000008], ""doi"": ""10.5281/zenodo.7700024"", ""page"": 17, ""source_file"": ""GER.PDF""}",EDTA-4 + Ge+4 = Ge+4_EDTA-4,transcribed_existing_published_record,"{""atom_residual_products_minus_reactants"": {}, ""charge_residual"": ""0"", ""status"": ""balanced"", ""terms"": {""EDTA-4"": ""-1"", ""Ge+4"": ""-1"", ""Ge+4_EDTA-4"": ""1""}}"
60228,H+1 + Ge+4_OH-1_EDTA-4 = Ge+4_H+1_OH-1_EDTA-4,[],"{""bbox_points"": [60.17753424657534, 235.02000000000004, 551.294794520548, 245.57999999999998], ""doi"": ""10.5281/zenodo.7700024"", ""page"": 17, ""source_file"": ""GER.PDF""}",H+1 + Ge+4_OH-1_EDTA-4 = Ge+4_H+1_OH-1_EDTA-4,transcribed_existing_published_record,"{""atom_residual_products_minus_reactants"": {}, ""charge_residual"": ""0"", ""status"": ""balanced"", ""terms"": {""Ge+4_H+1_OH-1_EDTA-4"": ""1"", ""Ge+4_OH-1_EDTA-4"": ""-1"", ""H+1"": ""-1""}}"
60229,Ge+4_OH-1(4) + H+1(4)_EDTA-4 = Ge+4_H+1_OH-1_EDTA-4 + 3<H2O>,"[{""page"": 17, ""text"": ""Note: Complex initially Ge(OH)2H2L, later H[Ge(OH)L]; this form adopted in JESS""}, {""page"": 17, ""text"": ""Note (1): Value from 67Kon [31894], thus complex written as Ge(OH)2H2L""}, {""page"": 17, ""text"": ""Note (2): Complex written Ge(OH)2H2L; modified later by the authors""}]","{""bbox_points"": [60.17753424657534, 359.1, 551.294794520548, 369.66], ""doi"": ""10.5281/zenodo.7700024"", ""page"": 17, ""source_file"": ""GER.PDF""}",Ge+4_OH-1(4) + H+1(4)_EDTA-4 = Ge+4_H+1_OH-1_EDTA-4 + 3<H2O>,transcribed_existing_published_record,"{""atom_residual_products_minus_reactants"": {}, ""charge_residual"": ""0"", ""status"": ""balanced"", ""terms"": {""Ge+4_H+1_OH-1_EDTA-4"": ""1"", ""Ge+4_OH-1(4)"": ""-1"", ""H+1(4)_EDTA-4"": ""-1"", ""H2O"": ""3""}}"
60230,"2<Glucosaminic-1> + Ge+4_OH-1(4) + H+1 = Ge+4_H+1(-2)_Glucosaminic-1(2)_OH-1 + 3<H2O
>",[],"{""bbox_points"": [60.17753424657534, 596.5799999999999, 551.294794520548, 607.1400000000001], ""doi"": ""10.5281/zenodo.7700024"", ""page"": 17, ""source_file"": ""GER.PDF""}",2<Glucosaminic-1> + Ge+4_OH-1(4) + H+1 = Ge+4_H+1(-2)_Glucosaminic-1(2)_OH-1 + 3<H2O>,transcribed_existing_published_record,"{""atom_residual_products_minus_reactants"": {}, ""charge_residual"": ""0"", ""status"": ""balanced"", ""terms"": {""Ge+4_H+1(-2)_Glucosaminic-1(2)_OH-1"": ""1"", ""Ge+4_OH-1(4)"": ""-1"", ""Glucosaminic-1"": ""-2"", ""H+1"": ""-1"", ""H2O"": ""3""}}"
60231,Glucosaminic-1 + Ge+4_OH-1(4) = GeO+2_H+1(-2)_Glucosaminic-1_OH-1 + 2<H2O> + H+1,[],"{""bbox_points"": [60.17753424657534, 694.5, 551.294794520548, 705.0600000000001], ""doi"": ""10.5281/zenodo.7700024"", ""page"": 17, ""source_file"": ""GER.PDF""}",Glucosaminic-1 + Ge+4_OH-1(4) = GeO+2_H+1(-2)_Glucosaminic-1_OH-1 + 2<H2O> + H+1,transcribed_existing_published_record,"{""atom_residual_products_minus_reactants"": {}, ""charge_residual"": ""0"", ""status"": ""balanced"", ""terms"": {""Ge+4_OH-1(4)"": ""-1"", ""GeO+2_H+1(-2)_Glucosaminic-1_OH-1"": ""1"", ""Glucosaminic-1"": ""-1"", ""H+1"": ""1"", ""H2O"": ""2""}}"
60232,Ge+4 + H+1(4)_EDTA-4 = Ge+4_EDTA-4 + 4<H+1>,"[{""page"": 18, ""text"": ""Note: Ge4+ is deprecated because does not exist in aqueous solution""}]","{""bbox_points"": [60.180392156862744, 126.48000000000002, 551.2925490196078, 136.98000000000008], ""doi"": ""10.5281/zenodo.7700024"", ""page"": 18, ""source_file"": ""GER.PDF""}",Ge+4 + H+1(4)_EDTA-4 = Ge+4_EDTA-4 + 4<H+1>,transcribed_existing_published_record,"{""atom_residual_products_minus_reactants"": {}, ""charge_residual"": ""0"", ""status"": ""balanced"", ""terms"": {""Ge+4"": ""-1"", ""Ge+4_EDTA-4"": ""1"", ""H+1"": ""4"", ""H+1(4)_EDTA-4"": ""-1""}}"
60546,"GeO(black,s) + H2O = Ge+2 + 2<OH-1>",[],"{""bbox_points"": [60.180392156862744, 235.02000000000004, 551.2925490196078, 245.57999999999998], ""doi"": ""10.5281/zenodo.7700024"", ""page"": 18, ""source_file"": ""GER.PDF""}","GeO(black,s) + H2O = Ge+2 + 2<OH-1>",transcribed_existing_published_record,"{""atom_residual_products_minus_reactants"": {}, ""charge_residual"": ""0"", ""status"": ""balanced"", ""terms"": {""Ge+2"": ""1"", ""GeO(black,s)"": ""-1"", ""H2O"": ""-1"", ""OH-1"": ""2""}}"
60706,Ge+4_OH-1(4) + 4<H+1_F-1> = Ge+4_F-1(4) + 4<H2O>,"[{""page"": 18, ""text"": ""Note (2): Rec. in [9906], considering ML4 and ML6 instead ML4 and ML5""}]","{""bbox_points"": [60.180392156862744, 340.74, 551.2925490196078, 351.3], ""doi"": ""10.5281/zenodo.7700024"", ""page"": 18, ""source_file"": ""GER.PDF""}",Ge+4_OH-1(4) + 4<H+1_F-1> = Ge+4_F-1(4) + 4<H2O>,transcribed_existing_published_record,"{""atom_residual_products_minus_reactants"": {}, ""charge_residual"": ""0"", ""status"": ""balanced"", ""terms"": {""Ge+4_F-1(4)"": ""1"", ""Ge+4_OH-1(4)"": ""-1"", ""H+1_F-1"": ""-4"", ""H2O"": ""4""}}"
60948,Ge+4 + 5<F-1> = Ge+4_F-1(5),"[{""page"": 18, ""text"": ""Note: Ge+4 is deprecated because does not exist in aqueous solution""}]","{""bbox_points"": [60.180392156862744, 556.86, 551.2925490196078, 567.4200000000001], ""doi"": ""10.5281/zenodo.7700024"", ""page"": 18, ""source_file"": ""GER.PDF""}",Ge+4 + 5<F-1> = Ge+4_F-1(5),transcribed_existing_published_record,"{""atom_residual_products_minus_reactants"": {}, ""charge_residual"": ""0"", ""status"": ""balanced"", ""terms"": {""F-1"": ""-5"", ""Ge+4"": ""-1"", ""Ge+4_F-1(5)"": ""1""}}"
64286,"GeO2(hexag,s) + 2<H2O> = Ge+4_OH-1(4)","[{""page"": 19, ""text"": ""Note (1): Source data: Vehov et al (1964)""}, {""page"": 19, ""text"": ""Note (10): Source data: Vehov et al (1964)""}, {""page"": 19, ""text"": ""Note (17): Source data: Vehov et al (1964)""}, {""page"": 19, ""text"": ""Note (18): Source data: Vehov et al (1964)""}, {""page"": 19, ""text"": ""Note (19): Source data: Vehov et al (1964)""}]","{""bbox_points"": [60.180392156862744, 665.4, 551.2925490196078, 675.96], ""doi"": ""10.5281/zenodo.7700024"", ""page"": 18, ""source_file"": ""GER.PDF""}","GeO2(hexag,s) + 2<H2O> = Ge+4_OH-1(4)",transcribed_existing_published_record,"{""atom_residual_products_minus_reactants"": {}, ""charge_residual"": ""0"", ""status"": ""balanced"", ""terms"": {""Ge+4_OH-1(4)"": ""1"", ""GeO2(hexag,s)"": ""-1"", ""H2O"": ""-2""}}"
65966,Ge+4_OH-1(4) + 6<H+1_F-1> = Ge+4_H+1_F-1(6) + H+1 + 4<H2O>,"[{""page"": 19, ""text"": ""Note (2): Rec. in [9906], considering ML4 and ML6 instead ML4 and ML5""}]","{""bbox_points"": [60.13150684931506, 531.3, 551.3309589041096, 541.9200000000001], ""doi"": ""10.5281/zenodo.7700024"", ""page"": 19, ""source_file"": ""GER.PDF""}",Ge+4_OH-1(4) + 6<H+1_F-1> = Ge+4_H+1_F-1(6) + H+1 + 4<H2O>,transcribed_existing_published_record,"{""atom_residual_products_minus_reactants"": {}, ""charge_residual"": ""0"", ""status"": ""balanced"", ""terms"": {""Ge+4_H+1_F-1(6)"": ""1"", ""Ge+4_OH-1(4)"": ""-1"", ""H+1"": ""1"", ""H+1_F-1"": ""-6"", ""H2O"": ""4""}}"
66135,Ge+4 + 4<F-1> = Ge+4_F-1(4),"[{""page"": 20, ""text"": ""Note: Ge+4 is deprecated because does not exist in aqueous solution""}]","{""bbox_points"": [60.15549295774648, 89.57999999999998, 551.3121126760562, 100.26000000000005], ""doi"": ""10.5281/zenodo.7700024"", ""page"": 20, ""source_file"": ""GER.PDF""}",Ge+4 + 4<F-1> = Ge+4_F-1(4),transcribed_existing_published_record,"{""atom_residual_products_minus_reactants"": {}, ""charge_residual"": ""0"", ""status"": ""balanced"", ""terms"": {""F-1"": ""-4"", ""Ge+4"": ""-1"", ""Ge+4_F-1(4)"": ""1""}}"
66136,Ge+4 + 3<F-1> = Ge+4_F-1(3),"[{""page"": 20, ""text"": ""Note: Ge+4 is deprecated because does not exist in aqueous solution""}]","{""bbox_points"": [60.15549295774648, 198.3, 551.3121126760562, 208.80000000000007], ""doi"": ""10.5281/zenodo.7700024"", ""page"": 20, ""source_file"": ""GER.PDF""}",Ge+4 + 3<F-1> = Ge+4_F-1(3),transcribed_existing_published_record,"{""atom_residual_products_minus_reactants"": {}, ""charge_residual"": ""0"", ""status"": ""balanced"", ""terms"": {""F-1"": ""-3"", ""Ge+4"": ""-1"", ""Ge+4_F-1(3)"": ""1""}}"
66760,"Ge(s) + O2(g) = GeO2(tetrag,s)",[],"{""bbox_points"": [60.15549295774648, 306.84000000000003, 551.3121126760562, 317.34000000000003], ""doi"": ""10.5281/zenodo.7700024"", ""page"": 20, ""source_file"": ""GER.PDF""}","Ge(s) + O2(g) = GeO2(tetrag,s)",transcribed_existing_published_record,"{""atom_residual_products_minus_reactants"": {}, ""charge_residual"": ""0"", ""status"": ""balanced"", ""terms"": {""Ge(s)"": ""-1"", ""GeO2(tetrag,s)"": ""1"", ""O2(g)"": ""-1""}}"
66761,Ge(s) + P(s) = GeP(s),[],"{""bbox_points"": [60.152727272727276, 126.48000000000002, 551.3142857142857, 136.98000000000008], ""doi"": ""10.5281/zenodo.7700024"", ""page"": 21, ""source_file"": ""GER.PDF""}",Ge(s) + P(s) = GeP(s),transcribed_existing_published_record,"{""atom_residual_products_minus_reactants"": {}, ""charge_residual"": ""0"", ""status"": ""balanced"", ""terms"": {""Ge(s)"": ""-1"", ""GeP(s)"": ""1"", ""P(s)"": ""-1""}}"
66762,Ge(s) + S(s) = Ge+2_S-2_(s),[],"{""bbox_points"": [60.152727272727276, 379.32, 551.3142857142857, 390.0], ""doi"": ""10.5281/zenodo.7700024"", ""page"": 21, ""source_file"": ""GER.PDF""}",Ge(s) + S(s) = Ge+2_S-2_(s),transcribed_existing_published_record,"{""atom_residual_products_minus_reactants"": {}, ""charge_residual"": ""0"", ""status"": ""balanced"", ""terms"": {""Ge(s)"": ""-1"", ""Ge+2_S-2_(s)"": ""1"", ""S(s)"": ""-1""}}"
66763,Ge(s) + 2<S(s)> = Ge+4_S-2(2)_(s),[],"{""bbox_points"": [60.152727272727276, 669.06, 551.3142857142857, 679.6800000000001], ""doi"": ""10.5281/zenodo.7700024"", ""page"": 21, ""source_file"": ""GER.PDF""}",Ge(s) + 2<S(s)> = Ge+4_S-2(2)_(s),transcribed_existing_published_record,"{""atom_residual_products_minus_reactants"": {}, ""charge_residual"": ""0"", ""status"": ""balanced"", ""terms"": {""Ge(s)"": ""-1"", ""Ge+4_S-2(2)_(s)"": ""1"", ""S(s)"": ""-2""}}"
66764,Ge(s) + Se(s) = Ge+2_Se-2_(s),[],"{""bbox_points"": [60.14270270270269, 255.24, 551.3221621621622, 265.86000000000007], ""doi"": ""10.5281/zenodo.7700024"", ""page"": 22, ""source_file"": ""GER.PDF""}",Ge(s) + Se(s) = Ge+2_Se-2_(s),transcribed_existing_published_record,"{""atom_residual_products_minus_reactants"": {}, ""charge_residual"": ""0"", ""status"": ""balanced"", ""terms"": {""Ge(s)"": ""-1"", ""Ge+2_Se-2_(s)"": ""1"", ""Se(s)"": ""-1""}}"
66765,Ge(s) + 2<Se(s)> = Ge+4_Se-2(2)_(s),[],"{""bbox_points"": [60.14270270270269, 508.2, 551.3221621621622, 518.76], ""doi"": ""10.5281/zenodo.7700024"", ""page"": 22, ""source_file"": ""GER.PDF""}",Ge(s) + 2<Se(s)> = Ge+4_Se-2(2)_(s),transcribed_existing_published_record,"{""atom_residual_products_minus_reactants"": {}, ""charge_residual"": ""0"", ""status"": ""balanced"", ""terms"": {""Ge(s)"": ""-1"", ""Ge+4_Se-2(2)_(s)"": ""1"", ""Se(s)"": ""-2""}}"
66766,Ge(s) + Te(s) = Ge+2_Te-2_(s),[],"{""bbox_points"": [60.164210526315784, 108.12, 551.3052631578947, 118.62000000000006], ""doi"": ""10.5281/zenodo.7700024"", ""page"": 23, ""source_file"": ""GER.PDF""}",Ge(s) + Te(s) = Ge+2_Te-2_(s),transcribed_existing_published_record,"{""atom_residual_products_minus_reactants"": {}, ""charge_residual"": ""0"", ""status"": ""balanced"", ""terms"": {""Ge(s)"": ""-1"", ""Ge+2_Te-2_(s)"": ""1"", ""Te(s)"": ""-1""}}"
71062,Ge+4 + 4<e-1> = Ge(s),"[{""page"": 23, ""text"": ""Note: Ge+4 is deprecated because does not exist in aqueous solution""}]","{""bbox_points"": [60.164210526315784, 360.96000000000004, 551.3052631578947, 371.46000000000004], ""doi"": ""10.5281/zenodo.7700024"", ""page"": 23, ""source_file"": ""GER.PDF""}",Ge+4 + 4<e-1> = Ge(s),transcribed_existing_published_record,"{""atom_residual_products_minus_reactants"": {}, ""charge_residual"": ""0"", ""status"": ""balanced"", ""terms"": {""Ge(s)"": ""1"", ""Ge+4"": ""-1"", ""e-1"": ""-4""}}"
71063,H+1(2)_GeO3-2_(s) + 4<H+1> + 4<e-1> = Ge(s) + 3<H2O>,[],"{""bbox_points"": [60.164210526315784, 506.40000000000003, 551.3052631578947, 516.9000000000001], ""doi"": ""10.5281/zenodo.7700024"", ""page"": 23, ""source_file"": ""GER.PDF""}",H+1(2)_GeO3-2_(s) + 4<H+1> + 4<e-1> = Ge(s) + 3<H2O>,transcribed_existing_published_record,"{""atom_residual_products_minus_reactants"": {}, ""charge_residual"": ""0"", ""status"": ""balanced"", ""terms"": {""Ge(s)"": ""1"", ""H+1"": ""-4"", ""H+1(2)_GeO3-2_(s)"": ""-1"", ""H2O"": ""3"", ""e-1"": ""-4""}}"
74241,"GeO2(tetrag,s) + 4<e-1> + 4<H+1> = Ge(s) + 2<H2O>",[],"{""bbox_points"": [60.164210526315784, 593.64, 551.3052631578947, 604.26], ""doi"": ""10.5281/zenodo.7700024"", ""page"": 23, ""source_file"": ""GER.PDF""}","GeO2(tetrag,s) + 4<e-1> + 4<H+1> = Ge(s) + 2<H2O>",transcribed_existing_published_record,"{""atom_residual_products_minus_reactants"": {}, ""charge_residual"": ""0"", ""status"": ""balanced"", ""terms"": {""Ge(s)"": ""1"", ""GeO2(tetrag,s)"": ""-1"", ""H+1"": ""-4"", ""H2O"": ""2"", ""e-1"": ""-4""}}"
74242,Ge+4_OH-1(4) + 4<e-1> + 4<H+1> = Ge(s) + 4<H2O>,[],"{""bbox_points"": [60.17454545454545, 70.56000000000006, 551.2971428571428, 81.12], ""doi"": ""10.5281/zenodo.7700024"", ""page"": 24, ""source_file"": ""GER.PDF""}",Ge+4_OH-1(4) + 4<e-1> + 4<H+1> = Ge(s) + 4<H2O>,transcribed_existing_published_record,"{""atom_residual_products_minus_reactants"": {}, ""charge_residual"": ""0"", ""status"": ""balanced"", ""terms"": {""Ge(s)"": ""1"", ""Ge+4_OH-1(4)"": ""-1"", ""H+1"": ""-4"", ""H2O"": ""4"", ""e-1"": ""-4""}}"
74243,"Ge+4_OH-1(4) + 2<e-1> + 2<H+1> = GeO(black,s) + 3<H2O>","[{""page"": 24, ""text"": ""Note (2): H+1(2)_GeO3(2) in source""}]","{""bbox_points"": [60.17454545454545, 213.06, 551.2971428571428, 223.62000000000006], ""doi"": ""10.5281/zenodo.7700024"", ""page"": 24, ""source_file"": ""GER.PDF""}","Ge+4_OH-1(4) + 2<e-1> + 2<H+1> = GeO(black,s) + 3<H2O>",transcribed_existing_published_record,"{""atom_residual_products_minus_reactants"": {}, ""charge_residual"": ""0"", ""status"": ""balanced"", ""terms"": {""Ge+4_OH-1(4)"": ""-1"", ""GeO(black,s)"": ""1"", ""H+1"": ""-2"", ""H2O"": ""3"", ""e-1"": ""-2""}}"
74244,Ge+4_OH-1(4) + 2<e-1> + 4<H+1> = Ge+2 + 4<H2O>,"[{""page"": 24, ""text"": ""Note (2): H+1(2)_GeO3(2) in source""}]","{""bbox_points"": [60.17454545454545, 337.14, 551.2971428571428, 347.70000000000005], ""doi"": ""10.5281/zenodo.7700024"", ""page"": 24, ""source_file"": ""GER.PDF""}",Ge+4_OH-1(4) + 2<e-1> + 4<H+1> = Ge+2 + 4<H2O>,transcribed_existing_published_record,"{""atom_residual_products_minus_reactants"": {}, ""charge_residual"": ""0"", ""status"": ""balanced"", ""terms"": {""Ge+2"": ""1"", ""Ge+4_OH-1(4)"": ""-1"", ""H+1"": ""-4"", ""H2O"": ""4"", ""e-1"": ""-2""}}"
74245,"GeO(black,s) + 2<e-1> + 2<H+1> = Ge(s) + H2O",[],"{""bbox_points"": [60.17454545454545, 461.28000000000003, 551.2971428571428, 471.78000000000003], ""doi"": ""10.5281/zenodo.7700024"", ""page"": 24, ""source_file"": ""GER.PDF""}","GeO(black,s) + 2<e-1> + 2<H+1> = Ge(s) + H2O",transcribed_existing_published_record,"{""atom_residual_products_minus_reactants"": {}, ""charge_residual"": ""0"", ""status"": ""balanced"", ""terms"": {""Ge(s)"": ""1"", ""GeO(black,s)"": ""-1"", ""H+1"": ""-2"", ""H2O"": ""1"", ""e-1"": ""-2""}}"
74246,"GeO2(hexag,s) + 2<H2O> = H+1 + GeO+2_OH-1(3)","[{""page"": 24, ""text"": ""Note (2): Phase not specified in source / H+1_GeO3-2 in source""}]","{""bbox_points"": [60.17454545454545, 585.36, 551.2971428571428, 595.86], ""doi"": ""10.5281/zenodo.7700024"", ""page"": 24, ""source_file"": ""GER.PDF""}","GeO2(hexag,s) + 2<H2O> = H+1 + GeO+2_OH-1(3)",transcribed_existing_published_record,"{""atom_residual_products_minus_reactants"": {}, ""charge_residual"": ""0"", ""status"": ""balanced"", ""terms"": {""GeO+2_OH-1(3)"": ""1"", ""GeO2(hexag,s)"": ""-1"", ""H+1"": ""1"", ""H2O"": ""-2""}}"
75138,Ge+4 + 2<F-1> = Ge+4_F-1(2),"[{""page"": 25, ""text"": ""Note: Ge+4 is deprecated because does not exist in aqueous solution""}]","{""bbox_points"": [60.15359999999999, 57.48000000000002, 551.3136, 68.16000000000008], ""doi"": ""10.5281/zenodo.7700024"", ""page"": 25, ""source_file"": ""GER.PDF""}",Ge+4 + 2<F-1> = Ge+4_F-1(2),transcribed_existing_published_record,"{""atom_residual_products_minus_reactants"": {}, ""charge_residual"": ""0"", ""status"": ""balanced"", ""terms"": {""F-1"": ""-2"", ""Ge+4"": ""-1"", ""Ge+4_F-1(2)"": ""1""}}"
75139,Ge+4_OH-1(4) + OH-1 = GeO+2_OH-1(3) + H2O,"[{""page"": 25, ""text"": ""Note (2): Calculated from equation 10 in paper""}, {""page"": 25, ""text"": ""Note (7): Calculated from equation 10 in paper""}, {""page"": 25, ""text"": ""Note (8): Calculated from equation 10 in paper""}, {""page"": 25, ""text"": ""Note (9): Calculated from equation 10 in paper""}, {""page"": 25, ""text"": ""Note (10): Calculated from equation 10 in paper""}, {""page"": 25, ""text"": ""Note (11): Calculated from equation 10 in paper""}, {""page"": 25, ""text"": ""Note (12): Calculated from equation 10 in paper""}]","{""bbox_points"": [60.15359999999999, 166.20000000000005, 551.3136, 176.7], ""doi"": ""10.5281/zenodo.7700024"", ""page"": 25, ""source_file"": ""GER.PDF""}",Ge+4_OH-1(4) + OH-1 = GeO+2_OH-1(3) + H2O,transcribed_existing_published_record,"{""atom_residual_products_minus_reactants"": {}, ""charge_residual"": ""0"", ""status"": ""balanced"", ""terms"": {""Ge+4_OH-1(4)"": ""-1"", ""GeO+2_OH-1(3)"": ""1"", ""H2O"": ""1"", ""OH-1"": ""-1""}}"
75140,Ge+4_OH-1(4) + 2<OH-1> = GeO2_OH-1(2) + 2<H2O>,[],"{""bbox_points"": [60.15359999999999, 584.7, 551.3136, 595.26], ""doi"": ""10.5281/zenodo.7700024"", ""page"": 25, ""source_file"": ""GER.PDF""}",Ge+4_OH-1(4) + 2<OH-1> = GeO2_OH-1(2) + 2<H2O>,transcribed_existing_published_record,"{""atom_residual_products_minus_reactants"": {}, ""charge_residual"": ""0"", ""status"": ""balanced"", ""terms"": {""Ge+4_OH-1(4)"": ""-1"", ""GeO2_OH-1(2)"": ""1"", ""H2O"": ""2"", ""OH-1"": ""-2""}}"
75141,8<Ge+4_OH-1(4)> + 3<OH-1> = Ge+4(8)_OH-1(35),[],"{""bbox_points"": [60.18299999999999, 89.57999999999998, 551.2905, 100.26000000000005], ""doi"": ""10.5281/zenodo.7700024"", ""page"": 26, ""source_file"": ""GER.PDF""}",8<Ge+4_OH-1(4)> + 3<OH-1> = Ge+4(8)_OH-1(35),transcribed_existing_published_record,"{""atom_residual_products_minus_reactants"": {}, ""charge_residual"": ""0"", ""status"": ""balanced"", ""terms"": {""Ge+4(8)_OH-1(35)"": ""1"", ""Ge+4_OH-1(4)"": ""-8"", ""OH-1"": ""-3""}}"
75593,2<Br2(l)> + Ge(s) = Ge+4_Br-1(4)_(l),[],"{""bbox_points"": [60.18299999999999, 232.20000000000005, 551.2905, 242.7], ""doi"": ""10.5281/zenodo.7700024"", ""page"": 26, ""source_file"": ""GER.PDF""}",2<Br2(l)> + Ge(s) = Ge+4_Br-1(4)_(l),transcribed_existing_published_record,"{""atom_residual_products_minus_reactants"": {}, ""charge_residual"": ""0"", ""status"": ""balanced"", ""terms"": {""Br2(l)"": ""-2"", ""Ge(s)"": ""-1"", ""Ge+4_Br-1(4)_(l)"": ""1""}}"
75594,2<Br2(l)> + Ge(s) = Ge+4_Br-1(4)_(g),[],"{""bbox_points"": [60.18299999999999, 337.8, 551.2905, 348.42], ""doi"": ""10.5281/zenodo.7700024"", ""page"": 26, ""source_file"": ""GER.PDF""}",2<Br2(l)> + Ge(s) = Ge+4_Br-1(4)_(g),transcribed_existing_published_record,"{""atom_residual_products_minus_reactants"": {}, ""charge_residual"": ""0"", ""status"": ""balanced"", ""terms"": {""Br2(l)"": ""-2"", ""Ge(s)"": ""-1"", ""Ge+4_Br-1(4)_(g)"": ""1""}}"
75600,0.5<Cl2(g)> + Ge(s) = GeCl(g),[],"{""bbox_points"": [60.18299999999999, 443.52000000000004, 551.2905, 454.08000000000004], ""doi"": ""10.5281/zenodo.7700024"", ""page"": 26, ""source_file"": ""GER.PDF""}",0.5<Cl2(g)> + Ge(s) = GeCl(g),transcribed_existing_published_record,"{""atom_residual_products_minus_reactants"": {}, ""charge_residual"": ""0"", ""status"": ""balanced"", ""terms"": {""Cl2(g)"": ""-1/2"", ""Ge(s)"": ""-1"", ""GeCl(g)"": ""1""}}"
75622,2<Cl2(g)> + Ge(s) = Ge+4_Cl-1(4)_(l),[],"{""bbox_points"": [60.18299999999999, 549.24, 551.2905, 559.74], ""doi"": ""10.5281/zenodo.7700024"", ""page"": 26, ""source_file"": ""GER.PDF""}",2<Cl2(g)> + Ge(s) = Ge+4_Cl-1(4)_(l),transcribed_existing_published_record,"{""atom_residual_products_minus_reactants"": {}, ""charge_residual"": ""0"", ""status"": ""balanced"", ""terms"": {""Cl2(g)"": ""-2"", ""Ge(s)"": ""-1"", ""Ge+4_Cl-1(4)_(l)"": ""1""}}"
75623,2<Cl2(g)> + Ge(s) = Ge+4_Cl-1(4)_(g),[],"{""bbox_points"": [60.18299999999999, 654.96, 551.2905, 665.46], ""doi"": ""10.5281/zenodo.7700024"", ""page"": 26, ""source_file"": ""GER.PDF""}",2<Cl2(g)> + Ge(s) = Ge+4_Cl-1(4)_(g),transcribed_existing_published_record,"{""atom_residual_products_minus_reactants"": {}, ""charge_residual"": ""0"", ""status"": ""balanced"", ""terms"": {""Cl2(g)"": ""-2"", ""Ge(s)"": ""-1"", ""Ge+4_Cl-1(4)_(g)"": ""1""}}"
76751,6<Ag(s)> + 6<Ge(s)> + 12<P(s)> + 4<Sn(s)> = Ag6Sn4P12Ge6(s),[],"{""bbox_points"": [60.18744525547446, 108.12, 551.28700729927, 118.62000000000006], ""doi"": ""10.5281/zenodo.7700024"", ""page"": 27, ""source_file"": ""GER.PDF""}",6<Ag(s)> + 6<Ge(s)> + 12<P(s)> + 4<Sn(s)> = Ag6Sn4P12Ge6(s),transcribed_existing_published_record,"{""atom_residual_products_minus_reactants"": {}, ""charge_residual"": ""0"", ""status"": ""balanced"", ""terms"": {""Ag(s)"": ""-6"", ""Ag6Sn4P12Ge6(s)"": ""1"", ""Ge(s)"": ""-6"", ""P(s)"": ""-12"", ""Sn(s)"": ""-4""}}"
78252,EDTA-4 + OH-1 + Ge+4 = Ge+4_OH-1_EDTA-4,"[{""page"": 27, ""text"": ""Note: Ge+4 is deprecated because it does not exist in aqueous solution""}]","{""bbox_points"": [60.18744525547446, 232.20000000000005, 551.28700729927, 242.7], ""doi"": ""10.5281/zenodo.7700024"", ""page"": 27, ""source_file"": ""GER.PDF""}",EDTA-4 + OH-1 + Ge+4 = Ge+4_OH-1_EDTA-4,transcribed_existing_published_record,"{""atom_residual_products_minus_reactants"": {}, ""charge_residual"": ""0"", ""status"": ""balanced"", ""terms"": {""EDTA-4"": ""-1"", ""Ge+4"": ""-1"", ""Ge+4_OH-1_EDTA-4"": ""1"", ""OH-1"": ""-1""}}"
78639,EDTA-4 + OH-1 + H+1 + Ge+4 = Ge+4_H+1_OH-1_EDTA-4,"[{""page"": 27, ""text"": ""Note: Ge+4 is deprecated because does not exist in aqueous solution""}]","{""bbox_points"": [60.18744525547446, 340.74, 551.28700729927, 351.3], ""doi"": ""10.5281/zenodo.7700024"", ""page"": 27, ""source_file"": ""GER.PDF""}",EDTA-4 + OH-1 + H+1 + Ge+4 = Ge+4_H+1_OH-1_EDTA-4,transcribed_existing_published_record,"{""atom_residual_products_minus_reactants"": {}, ""charge_residual"": ""0"", ""status"": ""balanced"", ""terms"": {""EDTA-4"": ""-1"", ""Ge+4"": ""-1"", ""Ge+4_H+1_OH-1_EDTA-4"": ""1"", ""H+1"": ""-1"", ""OH-1"": ""-1""}}"
78896,H+1 + Ge+4 + 6<F-1> = Ge+4_H+1_F-1(6),"[{""page"": 27, ""text"": ""Note: Ge+4 is deprecated because it does not exist in aqueous solution""}]","{""bbox_points"": [60.18744525547446, 449.28000000000003, 551.28700729927, 459.84000000000003], ""doi"": ""10.5281/zenodo.7700024"", ""page"": 27, ""source_file"": ""GER.PDF""}",H+1 + Ge+4 + 6<F-1> = Ge+4_H+1_F-1(6),transcribed_existing_published_record,"{""atom_residual_products_minus_reactants"": {}, ""charge_residual"": ""0"", ""status"": ""balanced"", ""terms"": {""F-1"": ""-6"", ""Ge+4"": ""-1"", ""Ge+4_H+1_F-1(6)"": ""1"", ""H+1"": ""-1""}}"
78971,S-2 + Ge+2 = Ge+2_S-2_(s),"[{""page"": 27, ""text"": ""Note: The species S-2 does not exist in aqueous solution See reaction: H+1 + S-2 =\nH+1_S-2""}]","{""bbox_points"": [60.18744525547446, 557.88, 551.28700729927, 568.5], ""doi"": ""10.5281/zenodo.7700024"", ""page"": 27, ""source_file"": ""GER.PDF""}",S-2 + Ge+2 = Ge+2_S-2_(s),transcribed_existing_published_record,"{""atom_residual_products_minus_reactants"": {}, ""charge_residual"": ""0"", ""status"": ""balanced"", ""terms"": {""Ge+2"": ""-1"", ""Ge+2_S-2_(s)"": ""1"", ""S-2"": ""-1""}}"
78972,2<S-2> + Ge+4 = Ge+4_S-2(2)_(s),"[{""page"": 28, ""text"": ""Note: The species S-2 does not exist in aqueous solution See reaction: H+1 + S-2 =\nH+1_S-2""}]","{""bbox_points"": [60.18744525547446, 677.16, 551.28700729927, 687.66], ""doi"": ""10.5281/zenodo.7700024"", ""page"": 27, ""source_file"": ""GER.PDF""}",2<S-2> + Ge+4 = Ge+4_S-2(2)_(s),transcribed_existing_published_record,"{""atom_residual_products_minus_reactants"": {}, ""charge_residual"": ""0"", ""status"": ""balanced"", ""terms"": {""Ge+4"": ""-1"", ""Ge+4_S-2(2)_(s)"": ""1"", ""S-2"": ""-2""}}"
79197,2<Citric-3> + Ge+4 = Ge+4_Citric-3(2),"[{""page"": 28, ""text"": ""Note: Ge+4 is deprecated because does not exist in aqueous solution""}]","{""bbox_points"": [60.18372413793103, 137.10000000000002, 551.2899310344827, 147.60000000000002], ""doi"": ""10.5281/zenodo.7700024"", ""page"": 28, ""source_file"": ""GER.PDF""}",2<Citric-3> + Ge+4 = Ge+4_Citric-3(2),transcribed_existing_published_record,"{""atom_residual_products_minus_reactants"": {}, ""charge_residual"": ""0"", ""status"": ""balanced"", ""terms"": {""Citric-3"": ""-2"", ""Ge+4"": ""-1"", ""Ge+4_Citric-3(2)"": ""1""}}"
79198,Citric-3 + 3<OH-1> + Ge+4 = Ge+4_OH-1(3)_Citric-3,"[{""page"": 28, ""text"": ""Note: Ge+4 is deprecated because does not exist in aqueous solution""}]","{""bbox_points"": [60.18372413793103, 245.64, 551.2899310344827, 256.26000000000005], ""doi"": ""10.5281/zenodo.7700024"", ""page"": 28, ""source_file"": ""GER.PDF""}",Citric-3 + 3<OH-1> + Ge+4 = Ge+4_OH-1(3)_Citric-3,transcribed_existing_published_record,"{""atom_residual_products_minus_reactants"": {}, ""charge_residual"": ""0"", ""status"": ""balanced"", ""terms"": {""Citric-3"": ""-1"", ""Ge+4"": ""-1"", ""Ge+4_OH-1(3)_Citric-3"": ""1"", ""OH-1"": ""-3""}}"
79385,35<OH-1> + 8<Ge+4> = Ge+4(8)_OH-1(35),"[{""page"": 28, ""text"": ""Note: Ge+4 is deprecated because does not exist in aqueous solution""}]","{""bbox_points"": [60.18372413793103, 354.3, 551.2899310344827, 364.86], ""doi"": ""10.5281/zenodo.7700024"", ""page"": 28, ""source_file"": ""GER.PDF""}",35<OH-1> + 8<Ge+4> = Ge+4(8)_OH-1(35),transcribed_existing_published_record,"{""atom_residual_products_minus_reactants"": {}, ""charge_residual"": ""0"", ""status"": ""balanced"", ""terms"": {""Ge+4"": ""-8"", ""Ge+4(8)_OH-1(35)"": ""1"", ""OH-1"": ""-35""}}"
80407,Ge(s) + 2<H2(g)> + 2<O2(g)> = Ge+4_OH-1(4),"[{""page"": 28, ""text"": ""Note (2): Corresponding value for Si(OH)4 is problematic""}]","{""bbox_points"": [60.18372413793103, 462.90000000000003, 551.2899310344827, 473.40000000000003], ""doi"": ""10.5281/zenodo.7700024"", ""page"": 28, ""source_file"": ""GER.PDF""}",Ge(s) + 2<H2(g)> + 2<O2(g)> = Ge+4_OH-1(4),transcribed_existing_published_record,"{""atom_residual_products_minus_reactants"": {}, ""charge_residual"": ""0"", ""status"": ""balanced"", ""terms"": {""Ge(s)"": ""-1"", ""Ge+4_OH-1(4)"": ""1"", ""H2(g)"": ""-2"", ""O2(g)"": ""-2""}}"
80419,"Ge(s) + O2(g) = GeO2(hexag,s)",[],"{""bbox_points"": [60.18372413793103, 642.12, 551.2899310344827, 652.74], ""doi"": ""10.5281/zenodo.7700024"", ""page"": 28, ""source_file"": ""GER.PDF""}","Ge(s) + O2(g) = GeO2(hexag,s)",transcribed_existing_published_record,"{""atom_residual_products_minus_reactants"": {}, ""charge_residual"": ""0"", ""status"": ""balanced"", ""terms"": {""Ge(s)"": ""-1"", ""GeO2(hexag,s)"": ""1"", ""O2(g)"": ""-1""}}"
80892,Ge+4_OH-1(4) + 2<H+1_F-1> + H+1 = Ge+4_F-1(2)_OH-1 + 3<H2O>,[],"{""bbox_points"": [60.18699386503067, 163.20000000000005, 551.2873619631902, 173.88], ""doi"": ""10.5281/zenodo.7700024"", ""page"": 29, ""source_file"": ""GER.PDF""}",Ge+4_OH-1(4) + 2<H+1_F-1> + H+1 = Ge+4_F-1(2)_OH-1 + 3<H2O>,transcribed_existing_published_record,"{""atom_residual_products_minus_reactants"": {}, ""charge_residual"": ""0"", ""status"": ""balanced"", ""terms"": {""Ge+4_F-1(2)_OH-1"": ""1"", ""Ge+4_OH-1(4)"": ""-1"", ""H+1"": ""-1"", ""H+1_F-1"": ""-2"", ""H2O"": ""3""}}"
80893,Ge+4_OH-1(4) + 4<H+1_F-1> = Ge+4_F-1(4)_OH-1 + 3<H2O> + H+1,[],"{""bbox_points"": [60.18699386503067, 268.9200000000001, 551.2873619631902, 279.48], ""doi"": ""10.5281/zenodo.7700024"", ""page"": 29, ""source_file"": ""GER.PDF""}",Ge+4_OH-1(4) + 4<H+1_F-1> = Ge+4_F-1(4)_OH-1 + 3<H2O> + H+1,transcribed_existing_published_record,"{""atom_residual_products_minus_reactants"": {}, ""charge_residual"": ""0"", ""status"": ""balanced"", ""terms"": {""Ge+4_F-1(4)_OH-1"": ""1"", ""Ge+4_OH-1(4)"": ""-1"", ""H+1"": ""1"", ""H+1_F-1"": ""-4"", ""H2O"": ""3""}}"
80894,Ge+4_OH-1(4) + 6<H+1_F-1> = Ge+4_F-1(6) + 4<H2O> + 2<H+1>,[],"{""bbox_points"": [60.18699386503067, 356.28000000000003, 551.2873619631902, 366.78000000000003], ""doi"": ""10.5281/zenodo.7700024"", ""page"": 29, ""source_file"": ""GER.PDF""}",Ge+4_OH-1(4) + 6<H+1_F-1> = Ge+4_F-1(6) + 4<H2O> + 2<H+1>,transcribed_existing_published_record,"{""atom_residual_products_minus_reactants"": {}, ""charge_residual"": ""0"", ""status"": ""balanced"", ""terms"": {""Ge+4_F-1(6)"": ""1"", ""Ge+4_OH-1(4)"": ""-1"", ""H+1"": ""2"", ""H+1_F-1"": ""-6"", ""H2O"": ""4""}}"
80895,Ge+4_OH-1(4) + H+1 + Cl-1 = Ge+4_Cl-1_OH-1(3) + H2O,[],"{""bbox_points"": [60.18699386503067, 443.52000000000004, 551.2873619631902, 454.08000000000004], ""doi"": ""10.5281/zenodo.7700024"", ""page"": 29, ""source_file"": ""GER.PDF""}",Ge+4_OH-1(4) + H+1 + Cl-1 = Ge+4_Cl-1_OH-1(3) + H2O,transcribed_existing_published_record,"{""atom_residual_products_minus_reactants"": {}, ""charge_residual"": ""0"", ""status"": ""balanced"", ""terms"": {""Cl-1"": ""-1"", ""Ge+4_Cl-1_OH-1(3)"": ""1"", ""Ge+4_OH-1(4)"": ""-1"", ""H+1"": ""-1"", ""H2O"": ""1""}}"
80896,Ge+4_Cl-1_OH-1(3) + H+1 + Cl-1 = Ge+4_Cl-1(2)_OH-1(2) + H2O,[],"{""bbox_points"": [60.18699386503067, 530.8799999999999, 551.2873619631902, 541.3800000000001], ""doi"": ""10.5281/zenodo.7700024"", ""page"": 29, ""source_file"": ""GER.PDF""}",Ge+4_Cl-1_OH-1(3) + H+1 + Cl-1 = Ge+4_Cl-1(2)_OH-1(2) + H2O,transcribed_existing_published_record,"{""atom_residual_products_minus_reactants"": {}, ""charge_residual"": ""0"", ""status"": ""balanced"", ""terms"": {""Cl-1"": ""-1"", ""Ge+4_Cl-1(2)_OH-1(2)"": ""1"", ""Ge+4_Cl-1_OH-1(3)"": ""-1"", ""H+1"": ""-1"", ""H2O"": ""1""}}"
80897,Ge+4_Cl-1(2)_OH-1(2) + H+1 + Cl-1 = Ge+4_Cl-1(3)_OH-1 + H2O,[],"{""bbox_points"": [60.18699386503067, 618.06, 551.2873619631902, 628.74], ""doi"": ""10.5281/zenodo.7700024"", ""page"": 29, ""source_file"": ""GER.PDF""}",Ge+4_Cl-1(2)_OH-1(2) + H+1 + Cl-1 = Ge+4_Cl-1(3)_OH-1 + H2O,transcribed_existing_published_record,"{""atom_residual_products_minus_reactants"": {}, ""charge_residual"": ""0"", ""status"": ""balanced"", ""terms"": {""Cl-1"": ""-1"", ""Ge+4_Cl-1(2)_OH-1(2)"": ""-1"", ""Ge+4_Cl-1(3)_OH-1"": ""1"", ""H+1"": ""-1"", ""H2O"": ""1""}}"
80898,Ge+4_Cl-1(3)_OH-1 + H+1 + Cl-1 = Ge+4_Cl-1(4) + H2O,[],"{""bbox_points"": [60.18699386503067, 705.4200000000001, 551.2873619631902, 715.98], ""doi"": ""10.5281/zenodo.7700024"", ""page"": 29, ""source_file"": ""GER.PDF""}",Ge+4_Cl-1(3)_OH-1 + H+1 + Cl-1 = Ge+4_Cl-1(4) + H2O,transcribed_existing_published_record,"{""atom_residual_products_minus_reactants"": {}, ""charge_residual"": ""0"", ""status"": ""balanced"", ""terms"": {""Cl-1"": ""-1"", ""Ge+4_Cl-1(3)_OH-1"": ""-1"", ""Ge+4_Cl-1(4)"": ""1"", ""H+1"": ""-1"", ""H2O"": ""1""}}"
80899,Ge+4_OH-1(4) + DMannitol = GeO+2_DMannitol_OH-1(3) + H+1,[],"{""bbox_points"": [60.15745222929936, 126.48000000000002, 551.3105732484076, 136.98000000000008], ""doi"": ""10.5281/zenodo.7700024"", ""page"": 30, ""source_file"": ""GER.PDF""}",Ge+4_OH-1(4) + DMannitol = GeO+2_DMannitol_OH-1(3) + H+1,transcribed_existing_published_record,"{""atom_residual_products_minus_reactants"": {}, ""charge_residual"": ""0"", ""status"": ""balanced"", ""terms"": {""DMannitol"": ""-1"", ""Ge+4_OH-1(4)"": ""-1"", ""GeO+2_DMannitol_OH-1(3)"": ""1"", ""H+1"": ""1""}}"
80900,2<Ge+4_OH-1(4)> + 2<DMannitol> = GeO+2(2)_DMannitol(2)_OH-1(6) + 2<H+1 >,[],"{""bbox_points"": [60.15745222929936, 213.72000000000003, 551.3105732484076, 224.33999999999997], ""doi"": ""10.5281/zenodo.7700024"", ""page"": 30, ""source_file"": ""GER.PDF""}",2<Ge+4_OH-1(4)> + 2<DMannitol> = GeO+2(2)_DMannitol(2)_OH-1(6) + 2<H+1>,transcribed_existing_published_record,"{""atom_residual_products_minus_reactants"": {}, ""charge_residual"": ""0"", ""status"": ""balanced"", ""terms"": {""DMannitol"": ""-2"", ""Ge+4_OH-1(4)"": ""-2"", ""GeO+2(2)_DMannitol(2)_OH-1(6)"": ""1"", ""H+1"": ""2""}}"
80901,"GeO2(tetrag,s) + 2<H2O> = Ge+4_OH-1(4)",[],"{""bbox_points"": [60.15745222929936, 301.02000000000004, 551.3105732484076, 311.58000000000004], ""doi"": ""10.5281/zenodo.7700024"", ""page"": 30, ""source_file"": ""GER.PDF""}","GeO2(tetrag,s) + 2<H2O> = Ge+4_OH-1(4)",transcribed_existing_published_record,"{""atom_residual_products_minus_reactants"": {}, ""charge_residual"": ""0"", ""status"": ""balanced"", ""terms"": {""Ge+4_OH-1(4)"": ""1"", ""GeO2(tetrag,s)"": ""-1"", ""H2O"": ""-2""}}"
80902,Ge+4 + 6<F-1> = Ge+4_F-1(6),"[{""page"": 31, ""text"": ""Note: Ge+4 is deprecated because does not exist in aqueous solution""}]","{""bbox_points"": [60.18631578947368, 126.48000000000002, 551.2878947368421, 136.98000000000008], ""doi"": ""10.5281/zenodo.7700024"", ""page"": 31, ""source_file"": ""GER.PDF""}",Ge+4 + 6<F-1> = Ge+4_F-1(6),transcribed_existing_published_record,"{""atom_residual_products_minus_reactants"": {}, ""charge_residual"": ""0"", ""status"": ""balanced"", ""terms"": {""F-1"": ""-6"", ""Ge+4"": ""-1"", ""Ge+4_F-1(6)"": ""1""}}"
80903,Ge+4_F-1(6) + H2O = Ge+4_F-1(4)_OH-1 + H+1_F-1 + F-1,[],"{""bbox_points"": [60.18631578947368, 235.02000000000004, 551.2878947368421, 245.57999999999998], ""doi"": ""10.5281/zenodo.7700024"", ""page"": 31, ""source_file"": ""GER.PDF""}",Ge+4_F-1(6) + H2O = Ge+4_F-1(4)_OH-1 + H+1_F-1 + F-1,transcribed_existing_published_record,"{""atom_residual_products_minus_reactants"": {}, ""charge_residual"": ""0"", ""status"": ""balanced"", ""terms"": {""F-1"": ""1"", ""Ge+4_F-1(4)_OH-1"": ""1"", ""Ge+4_F-1(6)"": ""-1"", ""H+1_F-1"": ""1"", ""H2O"": ""-1""}}"
80904,Ge+4_OH-1(4) + 3<H+1_Kojic-1> + H+1 = Ge+4_Kojic-1(3) + 4<H2O>,[],"{""bbox_points"": [60.18631578947368, 359.1, 551.2878947368421, 369.66], ""doi"": ""10.5281/zenodo.7700024"", ""page"": 31, ""source_file"": ""GER.PDF""}",Ge+4_OH-1(4) + 3<H+1_Kojic-1> + H+1 = Ge+4_Kojic-1(3) + 4<H2O>,transcribed_existing_published_record,"{""atom_residual_products_minus_reactants"": {}, ""charge_residual"": ""0"", ""status"": ""balanced"", ""terms"": {""Ge+4_Kojic-1(3)"": ""1"", ""Ge+4_OH-1(4)"": ""-1"", ""H+1"": ""-1"", ""H+1_Kojic-1"": ""-3"", ""H2O"": ""4""}}"
80905,Ge+4_OH-1(4) + 3<H+1(2)_Chromotropic-4> = Ge+4_Chromotropic-4(3) + 2<H+1> + 4<H2O >,[],"{""bbox_points"": [60.18631578947368, 446.46000000000004, 551.2878947368421, 457.02], ""doi"": ""10.5281/zenodo.7700024"", ""page"": 31, ""source_file"": ""GER.PDF""}",Ge+4_OH-1(4) + 3<H+1(2)_Chromotropic-4> = Ge+4_Chromotropic-4(3) + 2<H+1> + 4<H2O>,transcribed_existing_published_record,"{""atom_residual_products_minus_reactants"": {}, ""charge_residual"": ""0"", ""status"": ""balanced"", ""terms"": {""Ge+4_Chromotropic-4(3)"": ""1"", ""Ge+4_OH-1(4)"": ""-1"", ""H+1"": ""2"", ""H+1(2)_Chromotropic-4"": ""-3"", ""H2O"": ""4""}}"
80906,Ge+4_Oxalic-2(2) + Oxalic-2 = Ge+4_Oxalic-2(3),[],"{""bbox_points"": [60.18631578947368, 533.7, 551.2878947368421, 544.32], ""doi"": ""10.5281/zenodo.7700024"", ""page"": 31, ""source_file"": ""GER.PDF""}",Ge+4_Oxalic-2(2) + Oxalic-2 = Ge+4_Oxalic-2(3),transcribed_existing_published_record,"{""atom_residual_products_minus_reactants"": {}, ""charge_residual"": ""0"", ""status"": ""balanced"", ""terms"": {""Ge+4_Oxalic-2(2)"": ""-1"", ""Ge+4_Oxalic-2(3)"": ""1"", ""Oxalic-2"": ""-1""}}"
80907,Ge+4_OH-1(2) + 2<H+1_Glycolic-1> = Ge+4_Glycolic-1(2)_OH-1(2) + 2<H+1>,"[{""page"": 31, ""text"": ""Note: Ge(OH)2 deprecated, existence very much doubtful, even more in these\nexperiments""}, {""page"": 32, ""text"": ""Note (1): Complex in article: H2[Ge(OH)2L2H(-2)]; simplified here: Ge(OH)2L2""}]","{""bbox_points"": [60.18631578947368, 621.06, 551.2878947368421, 631.56], ""doi"": ""10.5281/zenodo.7700024"", ""page"": 31, ""source_file"": ""GER.PDF""}",Ge+4_OH-1(2) + 2<H+1_Glycolic-1> = Ge+4_Glycolic-1(2)_OH-1(2) + 2<H+1>,transcribed_existing_published_record,"{""atom_residual_products_minus_reactants"": {}, ""charge_residual"": ""0"", ""status"": ""balanced"", ""terms"": {""Ge+4_Glycolic-1(2)_OH-1(2)"": ""1"", ""Ge+4_OH-1(2)"": ""-1"", ""H+1"": ""2"", ""H+1_Glycolic-1"": ""-2""}}"
80908,Ge+4_OH-1(2) + 2<H+1_Lactic-1> = Ge+4_Lactic-1(2)_OH-1(2) + 2<H+1>,"[{""page"": 32, ""text"": ""Note: Ge(OH)2 deprecated, existence very much doubtful, even more in these\nexperiments""}, {""page"": 32, ""text"": ""Note (1): Complex in article: H2[Ge(OH)2L2H(-2)]; simplified here: Ge(OH)2L2""}]","{""bbox_points"": [60.18372413793103, 89.57999999999998, 551.2899310344827, 100.26000000000005], ""doi"": ""10.5281/zenodo.7700024"", ""page"": 32, ""source_file"": ""GER.PDF""}",Ge+4_OH-1(2) + 2<H+1_Lactic-1> = Ge+4_Lactic-1(2)_OH-1(2) + 2<H+1>,transcribed_existing_published_record,"{""atom_residual_products_minus_reactants"": {}, ""charge_residual"": ""0"", ""status"": ""balanced"", ""terms"": {""Ge+4_Lactic-1(2)_OH-1(2)"": ""1"", ""Ge+4_OH-1(2)"": ""-1"", ""H+1"": ""2"", ""H+1_Lactic-1"": ""-2""}}"
80909,Ge+4_OH-1(2) + 2<H+1(3)_Citric-3> = Ge+4_H+1(2)_OH-1(2)_Citric-3(2) + 4<H+1 >,"[{""page"": 32, ""text"": ""Note: Ge(OH)2 is deprecated, existence very much doubtful, even more in these\nexperiments""}, {""page"": 32, ""text"": ""Note (1): Complex as H2[Ge(OH)2(CitricH2H-1)2] in publication""}]","{""bbox_points"": [60.18372413793103, 227.27999999999997, 551.2899310344827, 237.84000000000003], ""doi"": ""10.5281/zenodo.7700024"", ""page"": 32, ""source_file"": ""GER.PDF""}",Ge+4_OH-1(2) + 2<H+1(3)_Citric-3> = Ge+4_H+1(2)_OH-1(2)_Citric-3(2) + 4<H+1>,transcribed_existing_published_record,"{""atom_residual_products_minus_reactants"": {}, ""charge_residual"": ""0"", ""status"": ""balanced"", ""terms"": {""Ge+4_H+1(2)_OH-1(2)_Citric-3(2)"": ""1"", ""Ge+4_OH-1(2)"": ""-1"", ""H+1"": ""4"", ""H+1(3)_Citric-3"": ""-2""}}"
80910,Ge+4_OH-1(4) + 3<H+1(2)_4ClCat-2> = Ge+4_4ClCat-2(3) + 2<H+1> + 4<H2O >,[],"{""bbox_points"": [60.18372413793103, 364.92, 551.2899310344827, 375.42], ""doi"": ""10.5281/zenodo.7700024"", ""page"": 32, ""source_file"": ""GER.PDF""}",Ge+4_OH-1(4) + 3<H+1(2)_4ClCat-2> = Ge+4_4ClCat-2(3) + 2<H+1> + 4<H2O>,transcribed_existing_published_record,"{""atom_residual_products_minus_reactants"": {}, ""charge_residual"": ""0"", ""status"": ""balanced"", ""terms"": {""Ge+4_4ClCat-2(3)"": ""1"", ""Ge+4_OH-1(4)"": ""-1"", ""H+1"": ""2"", ""H+1(2)_4ClCat-2"": ""-3"", ""H2O"": ""4""}}"
80911,Ge+4_OH-1(4) + 3<H+1(4)_Tiron-4> = Ge+4_H+1(6)_Tiron-4(3) + 2<H+1> + 4<H2O >,[],"{""bbox_points"": [60.18372413793103, 452.16, 551.2899310344827, 462.78000000000003], ""doi"": ""10.5281/zenodo.7700024"", ""page"": 32, ""source_file"": ""GER.PDF""}",Ge+4_OH-1(4) + 3<H+1(4)_Tiron-4> = Ge+4_H+1(6)_Tiron-4(3) + 2<H+1> + 4<H2O>,transcribed_existing_published_record,"{""atom_residual_products_minus_reactants"": {}, ""charge_residual"": ""0"", ""status"": ""balanced"", ""terms"": {""Ge+4_H+1(6)_Tiron-4(3)"": ""1"", ""Ge+4_OH-1(4)"": ""-1"", ""H+1"": ""2"", ""H+1(4)_Tiron-4"": ""-3"", ""H2O"": ""4""}}"
80912,Ge+4_OH-1(4) + 2<H+1(4)_Tiron-4> = Ge+4_H+1(4)_Tiron-4(2) + 4<H2O>,[],"{""bbox_points"": [60.18372413793103, 594.72, 551.2899310344827, 605.28], ""doi"": ""10.5281/zenodo.7700024"", ""page"": 32, ""source_file"": ""GER.PDF""}",Ge+4_OH-1(4) + 2<H+1(4)_Tiron-4> = Ge+4_H+1(4)_Tiron-4(2) + 4<H2O>,transcribed_existing_published_record,"{""atom_residual_products_minus_reactants"": {}, ""charge_residual"": ""0"", ""status"": ""balanced"", ""terms"": {""Ge+4_H+1(4)_Tiron-4(2)"": ""1"", ""Ge+4_OH-1(4)"": ""-1"", ""H+1(4)_Tiron-4"": ""-2"", ""H2O"": ""4""}}"
80913,Ge+4_OH-1(4) + 2<H+1_6IKoj-1> = Ge+4_6IKoj-1(2)_OH-1(2) + 2<H2O>,[],"{""bbox_points"": [60.18372413793103, 700.32, 551.2899310344827, 711.0], ""doi"": ""10.5281/zenodo.7700024"", ""page"": 32, ""source_file"": ""GER.PDF""}",Ge+4_OH-1(4) + 2<H+1_6IKoj-1> = Ge+4_6IKoj-1(2)_OH-1(2) + 2<H2O>,transcribed_existing_published_record,"{""atom_residual_products_minus_reactants"": {}, ""charge_residual"": ""0"", ""status"": ""balanced"", ""terms"": {""Ge+4_6IKoj-1(2)_OH-1(2)"": ""1"", ""Ge+4_OH-1(4)"": ""-1"", ""H+1_6IKoj-1"": ""-2"", ""H2O"": ""2""}}"
80914,Ge+4_OH-1(4) + 2<H+1_Comenic-2> = Ge+4_OH-1(2)_Comenic-2(2) + 2<H2O>,[],"{""bbox_points"": [60.18461538461538, 126.48000000000002, 551.2892307692307, 136.98000000000008], ""doi"": ""10.5281/zenodo.7700024"", ""page"": 33, ""source_file"": ""GER.PDF""}",Ge+4_OH-1(4) + 2<H+1_Comenic-2> = Ge+4_OH-1(2)_Comenic-2(2) + 2<H2O>,transcribed_existing_published_record,"{""atom_residual_products_minus_reactants"": {}, ""charge_residual"": ""0"", ""status"": ""balanced"", ""terms"": {""Ge+4_OH-1(2)_Comenic-2(2)"": ""1"", ""Ge+4_OH-1(4)"": ""-1"", ""H+1_Comenic-2"": ""-2"", ""H2O"": ""2""}}"
80915,Ge+4_OH-1(4) + 2<H+1_8OH2MeQuin-1> = Ge+4_8OH2MeQuin-1(2)_OH-1(2) + 2<H2O >,[],"{""bbox_points"": [60.18461538461538, 213.72000000000003, 551.2892307692307, 224.33999999999997], ""doi"": ""10.5281/zenodo.7700024"", ""page"": 33, ""source_file"": ""GER.PDF""}",Ge+4_OH-1(4) + 2<H+1_8OH2MeQuin-1> = Ge+4_8OH2MeQuin-1(2)_OH-1(2) + 2<H2O>,transcribed_existing_published_record,"{""atom_residual_products_minus_reactants"": {}, ""charge_residual"": ""0"", ""status"": ""balanced"", ""terms"": {""Ge+4_8OH2MeQuin-1(2)_OH-1(2)"": ""1"", ""Ge+4_OH-1(4)"": ""-1"", ""H+1_8OH2MeQuin-1"": ""-2"", ""H2O"": ""2""}}"
80916,Ge+4_OH-1(4) + Glycerol = Ge+4_H+1(-4)_Glycerol_OH-1 + H+1 + 3<H2O>,"[{""page"": 33, ""text"": ""Note (1): Values for react. with Ge(OH)4 and GeO(OH)3 given (K 2.69E-09); first\npreferred""}]","{""bbox_points"": [60.18461538461538, 301.02000000000004, 551.2892307692307, 311.58000000000004], ""doi"": ""10.5281/zenodo.7700024"", ""page"": 33, ""source_file"": ""GER.PDF""}",Ge+4_OH-1(4) + Glycerol = Ge+4_H+1(-4)_Glycerol_OH-1 + H+1 + 3<H2O>,transcribed_existing_published_record,"{""atom_residual_products_minus_reactants"": {}, ""charge_residual"": ""0"", ""status"": ""balanced"", ""terms"": {""Ge+4_H+1(-4)_Glycerol_OH-1"": ""1"", ""Ge+4_OH-1(4)"": ""-1"", ""Glycerol"": ""-1"", ""H+1"": ""1"", ""H2O"": ""3""}}"
80917,Ge+4_OH-1(4) + 2<Glycerol> = Ge+4_H+1(-4)_Glycerol(2)_OH-1 + H+1 + 3<H2O >,"[{""page"": 33, ""text"": ""Note (1): Values for react. with Ge(OH)4 and GeO(OH)3 given (K 2.63E-9); first\npreferred""}, {""page"": 33, ""text"": ""Note (2): NDP = 2 for these authors; reaction adapted""}]","{""bbox_points"": [60.18461538461538, 417.36, 551.2892307692307, 427.86], ""doi"": ""10.5281/zenodo.7700024"", ""page"": 33, ""source_file"": ""GER.PDF""}",Ge+4_OH-1(4) + 2<Glycerol> = Ge+4_H+1(-4)_Glycerol(2)_OH-1 + H+1 + 3<H2O>,transcribed_existing_published_record,"{""atom_residual_products_minus_reactants"": {}, ""charge_residual"": ""0"", ""status"": ""balanced"", ""terms"": {""Ge+4_H+1(-4)_Glycerol(2)_OH-1"": ""1"", ""Ge+4_OH-1(4)"": ""-1"", ""Glycerol"": ""-2"", ""H+1"": ""1"", ""H2O"": ""3""}}"
80918,Ge+4_OH-1(4) + 2<EtGlycol> = Ge+4_H+1(-4)_EtGlycol(2)_OH-1 + H+1 + 3<H2O >,"[{""page"": 33, ""text"": ""Note (1): Values for react. with Ge(OH)4 and GeO(OH)3 given (K 2.63E-9); first\npreferred""}]","{""bbox_points"": [60.18461538461538, 570.54, 551.2892307692307, 581.0999999999999], ""doi"": ""10.5281/zenodo.7700024"", ""page"": 33, ""source_file"": ""GER.PDF""}",Ge+4_OH-1(4) + 2<EtGlycol> = Ge+4_H+1(-4)_EtGlycol(2)_OH-1 + H+1 + 3<H2O>,transcribed_existing_published_record,"{""atom_residual_products_minus_reactants"": {}, ""charge_residual"": ""0"", ""status"": ""balanced"", ""terms"": {""EtGlycol"": ""-2"", ""Ge+4_H+1(-4)_EtGlycol(2)_OH-1"": ""1"", ""Ge+4_OH-1(4)"": ""-1"", ""H+1"": ""1"", ""H2O"": ""3""}}"
80919,Ge+4_OH-1(4) + EtGlycol = Ge+4_H+1(-4)_EtGlycol_OH-1 + H+1 + 3<H2O>,"[{""page"": 34, ""text"": ""Note (1): Values for react. with Ge(OH)4 and GeO(OH)3 given (K 2.63E-9); first\npreferred""}]","{""bbox_points"": [60.18461538461538, 686.88, 551.2892307692307, 697.44], ""doi"": ""10.5281/zenodo.7700024"", ""page"": 33, ""source_file"": ""GER.PDF""}",Ge+4_OH-1(4) + EtGlycol = Ge+4_H+1(-4)_EtGlycol_OH-1 + H+1 + 3<H2O>,transcribed_existing_published_record,"{""atom_residual_products_minus_reactants"": {}, ""charge_residual"": ""0"", ""status"": ""balanced"", ""terms"": {""EtGlycol"": ""-1"", ""Ge+4_H+1(-4)_EtGlycol_OH-1"": ""1"", ""Ge+4_OH-1(4)"": ""-1"", ""H+1"": ""1"", ""H2O"": ""3""}}"
80920,Ge+4_OH-1(4) + 12PrDiol = Ge+4_H+1(-4)_12PrDiol_OH-1 + H+1 + 3<H2O>,"[{""page"": 34, ""text"": ""Note (1): Values for react. with Ge(OH)4 and GeO(OH)3 given (K 2.63E-9); first\npreferred""}]","{""bbox_points"": [60.17753424657534, 137.10000000000002, 551.294794520548, 147.60000000000002], ""doi"": ""10.5281/zenodo.7700024"", ""page"": 34, ""source_file"": ""GER.PDF""}",Ge+4_OH-1(4) + 12PrDiol = Ge+4_H+1(-4)_12PrDiol_OH-1 + H+1 + 3<H2O>,transcribed_existing_published_record,"{""atom_residual_products_minus_reactants"": {}, ""charge_residual"": ""0"", ""status"": ""balanced"", ""terms"": {""12PrDiol"": ""-1"", ""Ge+4_H+1(-4)_12PrDiol_OH-1"": ""1"", ""Ge+4_OH-1(4)"": ""-1"", ""H+1"": ""1"", ""H2O"": ""3""}}"
80921,Ge+4_OH-1(4) + 2<12PrDiol> = Ge+4_H+1(-4)_12PrDiol(2)_OH-1 + H+1 + 3<H2O >,"[{""page"": 34, ""text"": ""Note (1): Values for react. with Ge(OH)4 and GeO(OH)3 given (Ksp 2.63E-9); first\npreferred""}]","{""bbox_points"": [60.17753424657534, 253.38000000000005, 551.294794520548, 264.06], ""doi"": ""10.5281/zenodo.7700024"", ""page"": 34, ""source_file"": ""GER.PDF""}",Ge+4_OH-1(4) + 2<12PrDiol> = Ge+4_H+1(-4)_12PrDiol(2)_OH-1 + H+1 + 3<H2O>,transcribed_existing_published_record,"{""atom_residual_products_minus_reactants"": {}, ""charge_residual"": ""0"", ""status"": ""balanced"", ""terms"": {""12PrDiol"": ""-2"", ""Ge+4_H+1(-4)_12PrDiol(2)_OH-1"": ""1"", ""Ge+4_OH-1(4)"": ""-1"", ""H+1"": ""1"", ""H2O"": ""3""}}"
80922,Ge+4_OH-1(4) + 2<H+1_Lactic-1> = GeO+2_H+1(-1)_Lactic-1(2) + H+1 + 3<H2O >,"[{""page"": 34, ""text"": ""Note (1): Complex in publication GeOL2HH-2, simplified here""}, {""page"": 34, ""text"": ""Note (2): Complex in publication: GeOL2HH-2, simplified here""}]","{""bbox_points"": [60.17753424657534, 369.72, 551.294794520548, 380.40000000000003], ""doi"": ""10.5281/zenodo.7700024"", ""page"": 34, ""source_file"": ""GER.PDF""}",Ge+4_OH-1(4) + 2<H+1_Lactic-1> = GeO+2_H+1(-1)_Lactic-1(2) + H+1 + 3<H2O>,transcribed_existing_published_record,"{""atom_residual_products_minus_reactants"": {}, ""charge_residual"": ""0"", ""status"": ""balanced"", ""terms"": {""Ge+4_OH-1(4)"": ""-1"", ""GeO+2_H+1(-1)_Lactic-1(2)"": ""1"", ""H+1"": ""1"", ""H+1_Lactic-1"": ""-2"", ""H2O"": ""3""}}"
80923,Ge+4_OH-1(4) + 2<H+1(2)_Malic-2> = GeO+2_H+1_Malic-2(2) + H+1 + 3<H2O>,"[{""page"": 34, ""text"": ""Note (1): Complex in publication: GeOL2HH-2,with NDP of ligand 1; with NDP 2\nGeOL2H3H-2, simplified here""}, {""page"": 34, ""text"": ""Note (2): Complex in publication: GeOL2HH-2,with NDP of ligand 1; with NDP 2\nGeOL2H3H-2, simplified here""}]","{""bbox_points"": [60.17753424657534, 512.34, 551.294794520548, 522.9000000000001], ""doi"": ""10.5281/zenodo.7700024"", ""page"": 34, ""source_file"": ""GER.PDF""}",Ge+4_OH-1(4) + 2<H+1(2)_Malic-2> = GeO+2_H+1_Malic-2(2) + H+1 + 3<H2O>,transcribed_existing_published_record,"{""atom_residual_products_minus_reactants"": {}, ""charge_residual"": ""0"", ""status"": ""balanced"", ""terms"": {""Ge+4_OH-1(4)"": ""-1"", ""GeO+2_H+1_Malic-2(2)"": ""1"", ""H+1"": ""1"", ""H+1(2)_Malic-2"": ""-2"", ""H2O"": ""3""}}"
80924,Ge+4_OH-1(4) + H+1_Tartaric-2 = GeO+2_H+1(-1)_Tartaric-2 + 3<H2O>,"[{""page"": 35, ""text"": ""Note (1): Complex as GeOLHH-2 in publication""}]","{""bbox_points"": [60.17753424657534, 676.02, 551.294794520548, 686.7], ""doi"": ""10.5281/zenodo.7700024"", ""page"": 34, ""source_file"": ""GER.PDF""}",Ge+4_OH-1(4) + H+1_Tartaric-2 = GeO+2_H+1(-1)_Tartaric-2 + 3<H2O>,transcribed_existing_published_record,"{""atom_residual_products_minus_reactants"": {}, ""charge_residual"": ""0"", ""status"": ""balanced"", ""terms"": {""Ge+4_OH-1(4)"": ""-1"", ""GeO+2_H+1(-1)_Tartaric-2"": ""1"", ""H+1_Tartaric-2"": ""-1"", ""H2O"": ""3""}}"
80925,Ge+4_OH-1(4) + 2<DMannitol> = Ge+4_H+1(-4)_DMannitol(2)_OH-1 + H+1 + 3<H2O >,[],"{""bbox_points"": [60.173164556962014, 126.48000000000002, 551.2982278481012, 136.98000000000008], ""doi"": ""10.5281/zenodo.7700024"", ""page"": 35, ""source_file"": ""GER.PDF""}",Ge+4_OH-1(4) + 2<DMannitol> = Ge+4_H+1(-4)_DMannitol(2)_OH-1 + H+1 + 3<H2O>,transcribed_existing_published_record,"{""atom_residual_products_minus_reactants"": {}, ""charge_residual"": ""0"", ""status"": ""balanced"", ""terms"": {""DMannitol"": ""-2"", ""Ge+4_H+1(-4)_DMannitol(2)_OH-1"": ""1"", ""Ge+4_OH-1(4)"": ""-1"", ""H+1"": ""1"", ""H2O"": ""3""}}"
80926,Ge+4_OH-1(4) + 2<DSorbitol> = Ge+4_H+1(-4)_DSorbitol(2)_OH-1 + H+1 + 3<H2O >,[],"{""bbox_points"": [60.173164556962014, 232.20000000000005, 551.2982278481012, 242.7], ""doi"": ""10.5281/zenodo.7700024"", ""page"": 35, ""source_file"": ""GER.PDF""}",Ge+4_OH-1(4) + 2<DSorbitol> = Ge+4_H+1(-4)_DSorbitol(2)_OH-1 + H+1 + 3<H2O>,transcribed_existing_published_record,"{""atom_residual_products_minus_reactants"": {}, ""charge_residual"": ""0"", ""status"": ""balanced"", ""terms"": {""DSorbitol"": ""-2"", ""Ge+4_H+1(-4)_DSorbitol(2)_OH-1"": ""1"", ""Ge+4_OH-1(4)"": ""-1"", ""H+1"": ""1"", ""H2O"": ""3""}}"
80927,Ge+4_OH-1(4) + 2<DGlucose> = Ge+4_H+1(-4)_DGlucose(2)_OH-1 + H+1 + 3<H2O >,[],"{""bbox_points"": [60.173164556962014, 337.8, 551.2982278481012, 348.42], ""doi"": ""10.5281/zenodo.7700024"", ""page"": 35, ""source_file"": ""GER.PDF""}",Ge+4_OH-1(4) + 2<DGlucose> = Ge+4_H+1(-4)_DGlucose(2)_OH-1 + H+1 + 3<H2O>,transcribed_existing_published_record,"{""atom_residual_products_minus_reactants"": {}, ""charge_residual"": ""0"", ""status"": ""balanced"", ""terms"": {""DGlucose"": ""-2"", ""Ge+4_H+1(-4)_DGlucose(2)_OH-1"": ""1"", ""Ge+4_OH-1(4)"": ""-1"", ""H+1"": ""1"", ""H2O"": ""3""}}"
80928,Ge+4_OH-1(4) + 3<H+1(2)_Tiron-4> = Ge+4_Tiron-4(3) + 2<H+1> + 4<H2O >,[],"{""bbox_points"": [60.173164556962014, 443.52000000000004, 551.2982278481012, 454.08000000000004], ""doi"": ""10.5281/zenodo.7700024"", ""page"": 35, ""source_file"": ""GER.PDF""}",Ge+4_OH-1(4) + 3<H+1(2)_Tiron-4> = Ge+4_Tiron-4(3) + 2<H+1> + 4<H2O>,transcribed_existing_published_record,"{""atom_residual_products_minus_reactants"": {}, ""charge_residual"": ""0"", ""status"": ""balanced"", ""terms"": {""Ge+4_OH-1(4)"": ""-1"", ""Ge+4_Tiron-4(3)"": ""1"", ""H+1"": ""2"", ""H+1(2)_Tiron-4"": ""-3"", ""H2O"": ""4""}}"
80929,Ge+4_OH-1(4) + 2<LRhamnose> = Ge+4_H+1(-4)_LRhamnose(2)_OH-1 + H+1 + 3<H2O >,[],"{""bbox_points"": [60.173164556962014, 678.0, 551.2982278481012, 688.62], ""doi"": ""10.5281/zenodo.7700024"", ""page"": 35, ""source_file"": ""GER.PDF""}",Ge+4_OH-1(4) + 2<LRhamnose> = Ge+4_H+1(-4)_LRhamnose(2)_OH-1 + H+1 + 3<H2O>,transcribed_existing_published_record,"{""atom_residual_products_minus_reactants"": {}, ""charge_residual"": ""0"", ""status"": ""balanced"", ""terms"": {""Ge+4_H+1(-4)_LRhamnose(2)_OH-1"": ""1"", ""Ge+4_OH-1(4)"": ""-1"", ""H+1"": ""1"", ""H2O"": ""3"", ""LRhamnose"": ""-2""}}"
80930,Ge+4_OH-1(4) + 3<DSorbitol> = Ge+4_H+1(-6)_DSorbitol(3) + 2<H+1> + 4<H2O >,[],"{""bbox_points"": [60.196363636363635, 108.12, 551.28, 118.62000000000006], ""doi"": ""10.5281/zenodo.7700024"", ""page"": 36, ""source_file"": ""GER.PDF""}",Ge+4_OH-1(4) + 3<DSorbitol> = Ge+4_H+1(-6)_DSorbitol(3) + 2<H+1> + 4<H2O>,transcribed_existing_published_record,"{""atom_residual_products_minus_reactants"": {}, ""charge_residual"": ""0"", ""status"": ""balanced"", ""terms"": {""DSorbitol"": ""-3"", ""Ge+4_H+1(-6)_DSorbitol(3)"": ""1"", ""Ge+4_OH-1(4)"": ""-1"", ""H+1"": ""2"", ""H2O"": ""4""}}"
80931,Ge+4_H+1(-4)_DSorbitol(2)_OH-1 + DSorbitol = Ge+4_H+1(-6)_DSorbitol(3) + H+1 + H2O,[],"{""bbox_points"": [60.196363636363635, 195.3, 551.28, 205.92000000000007], ""doi"": ""10.5281/zenodo.7700024"", ""page"": 36, ""source_file"": ""GER.PDF""}",Ge+4_H+1(-4)_DSorbitol(2)_OH-1 + DSorbitol = Ge+4_H+1(-6)_DSorbitol(3) + H+1 + H2O,transcribed_existing_published_record,"{""atom_residual_products_minus_reactants"": {}, ""charge_residual"": ""0"", ""status"": ""balanced"", ""terms"": {""DSorbitol"": ""-1"", ""Ge+4_H+1(-4)_DSorbitol(2)_OH-1"": ""-1"", ""Ge+4_H+1(-6)_DSorbitol(3)"": ""1"", ""H+1"": ""1"", ""H2O"": ""1""}}"
80932,Ge+4_H+1(-4)_DMannitol(2)_OH-1 + DMannitol = Ge+4_H+1(-6)_DMannitol(3) + H+1 + H2O,[],"{""bbox_points"": [60.196363636363635, 282.66, 551.28, 293.22], ""doi"": ""10.5281/zenodo.7700024"", ""page"": 36, ""source_file"": ""GER.PDF""}",Ge+4_H+1(-4)_DMannitol(2)_OH-1 + DMannitol = Ge+4_H+1(-6)_DMannitol(3) + H+1 + H2O,transcribed_existing_published_record,"{""atom_residual_products_minus_reactants"": {}, ""charge_residual"": ""0"", ""status"": ""balanced"", ""terms"": {""DMannitol"": ""-1"", ""Ge+4_H+1(-4)_DMannitol(2)_OH-1"": ""-1"", ""Ge+4_H+1(-6)_DMannitol(3)"": ""1"", ""H+1"": ""1"", ""H2O"": ""1""}}"
80933,Ge+4_OH-1(4) + 3<DMannitol> = Ge+4_H+1(-6)_DMannitol(3) + 2<H+1> + 4<H2O >,[],"{""bbox_points"": [60.196363636363635, 369.90000000000003, 551.28, 380.52000000000004], ""doi"": ""10.5281/zenodo.7700024"", ""page"": 36, ""source_file"": ""GER.PDF""}",Ge+4_OH-1(4) + 3<DMannitol> = Ge+4_H+1(-6)_DMannitol(3) + 2<H+1> + 4<H2O>,transcribed_existing_published_record,"{""atom_residual_products_minus_reactants"": {}, ""charge_residual"": ""0"", ""status"": ""balanced"", ""terms"": {""DMannitol"": ""-3"", ""Ge+4_H+1(-6)_DMannitol(3)"": ""1"", ""Ge+4_OH-1(4)"": ""-1"", ""H+1"": ""2"", ""H2O"": ""4""}}"
80934,Ge+4_H+1(-4)_DGlucose(2)_OH-1 + DGlucose = Ge+4_H+1(-6)_DGlucose(3) + H+1 + H2O,[],"{""bbox_points"": [60.196363636363635, 457.2, 551.28, 467.76], ""doi"": ""10.5281/zenodo.7700024"", ""page"": 36, ""source_file"": ""GER.PDF""}",Ge+4_H+1(-4)_DGlucose(2)_OH-1 + DGlucose = Ge+4_H+1(-6)_DGlucose(3) + H+1 + H2O,transcribed_existing_published_record,"{""atom_residual_products_minus_reactants"": {}, ""charge_residual"": ""0"", ""status"": ""balanced"", ""terms"": {""DGlucose"": ""-1"", ""Ge+4_H+1(-4)_DGlucose(2)_OH-1"": ""-1"", ""Ge+4_H+1(-6)_DGlucose(3)"": ""1"", ""H+1"": ""1"", ""H2O"": ""1""}}"
80935,Ge+4_H+1(-4)_Galactitol(2)_OH-1 + Galactitol = Ge+4_H+1(-6)_Galactitol(3) + H+1 + H2O,[],"{""bbox_points"": [60.196363636363635, 544.44, 551.28, 555.0600000000001], ""doi"": ""10.5281/zenodo.7700024"", ""page"": 36, ""source_file"": ""GER.PDF""}",Ge+4_H+1(-4)_Galactitol(2)_OH-1 + Galactitol = Ge+4_H+1(-6)_Galactitol(3) + H+1 + H2O,transcribed_existing_published_record,"{""atom_residual_products_minus_reactants"": {}, ""charge_residual"": ""0"", ""status"": ""balanced"", ""terms"": {""Galactitol"": ""-1"", ""Ge+4_H+1(-4)_Galactitol(2)_OH-1"": ""-1"", ""Ge+4_H+1(-6)_Galactitol(3)"": ""1"", ""H+1"": ""1"", ""H2O"": ""1""}}"
80936,Ge+4_H+1(-4)_Adonitol(2)_OH-1 + Adonitol = Ge+4_H+1(-6)_Adonitol(3) + H+1 + H2O,[],"{""bbox_points"": [60.196363636363635, 631.8, 551.28, 642.3], ""doi"": ""10.5281/zenodo.7700024"", ""page"": 36, ""source_file"": ""GER.PDF""}",Ge+4_H+1(-4)_Adonitol(2)_OH-1 + Adonitol = Ge+4_H+1(-6)_Adonitol(3) + H+1 + H2O,transcribed_existing_published_record,"{""atom_residual_products_minus_reactants"": {}, ""charge_residual"": ""0"", ""status"": ""balanced"", ""terms"": {""Adonitol"": ""-1"", ""Ge+4_H+1(-4)_Adonitol(2)_OH-1"": ""-1"", ""Ge+4_H+1(-6)_Adonitol(3)"": ""1"", ""H+1"": ""1"", ""H2O"": ""1""}}"
80937,Ge+4_OH-1(4) + 2<Adonitol> = Ge+4_H+1(-4)_Adonitol(2)_OH-1 + H+1 + 3<H2O >,[],"{""bbox_points"": [60.13741935483871, 57.48000000000002, 551.3353846153846, 68.16000000000008], ""doi"": ""10.5281/zenodo.7700024"", ""page"": 37, ""source_file"": ""GER.PDF""}",Ge+4_OH-1(4) + 2<Adonitol> = Ge+4_H+1(-4)_Adonitol(2)_OH-1 + H+1 + 3<H2O>,transcribed_existing_published_record,"{""atom_residual_products_minus_reactants"": {}, ""charge_residual"": ""0"", ""status"": ""balanced"", ""terms"": {""Adonitol"": ""-2"", ""Ge+4_H+1(-4)_Adonitol(2)_OH-1"": ""1"", ""Ge+4_OH-1(4)"": ""-1"", ""H+1"": ""1"", ""H2O"": ""3""}}"
